"Id","Path","Slice Name","Alias(s)","Label","Min","Max","Must Support?","Is Modifier?","Is Summary?","Type(s)","Short","Definition","Comments","Requirements","Default Value","Meaning When Missing","Fixed Value","Pattern","Example","Minimum Value","Maximum Value","Maximum Length","Binding Strength","Binding Description","Binding Value Set","Code","Slicing Discriminator","Slicing Description","Slicing Ordered","Slicing Rules","Base Path","Base Min","Base Max","Condition(s)","Constraint(s)","Mapping: HL7 v2 Mapping","Mapping: RIM Mapping","Mapping: ServD","Mapping: FiveWs Pattern Mapping"
"Organization","Organization","","","",0,*,"","","","null {[]} {[]}
","具有共同目的的一群人或機構","為實現某種形式的集體行動而形成的正式或非正式認可的一群人或機構的團體。包括公司、機構、企業、部門、社群團體、健康照護實務團體、付款人／保險公司等。","","","","","","","","","",,,,,"",,,,"Organization",0,*,"","dom-2:If the resource is contained in another resource, it SHALL NOT contain nested Resources {contained.contained.empty()}
dom-3:If the resource is contained in another resource, it SHALL be referred to from elsewhere in the resource or SHALL refer to the containing resource {contained.where((('#'+id in (%resource.descendants().reference | %resource.descendants().as(canonical) | %resource.descendants().as(uri) | %resource.descendants().as(url))) or descendants().where(reference = '#').exists() or descendants().where(as(canonical) = '#').exists() or descendants().where(as(canonical) = '#').exists()).not()).trace('unmatched', id).empty()}dom-4:If a resource is contained in another resource, it SHALL NOT have a meta.versionId or a meta.lastUpdated {contained.meta.versionId.empty() and contained.meta.lastUpdated.empty()}dom-5:If a resource is contained in another resource, it SHALL NOT have a security label {contained.meta.security.empty()}dom-6:A resource should have narrative for robust management {text.`div`.exists()}org-1:The organization SHALL at least have a name or an identifier, and possibly more than one {(identifier.count() + name.count()) > 0}","(also see master files messages)","Entity. Role, or Act","Organization(classCode=ORG, determinerCode=INST)","Organization"
"Organization.id","Organization.id","","","",0,1,"","","Y","id {[]} {[]}
","不重複的ID用以識別儲存在特定FHIR Server中的Organization紀錄，通常又稱為邏輯性ID。","resource的邏輯ID，在resource的URL中使用。一旦指定，這個值永遠不會改變。","一個resource使用新增操作（create operation）提交給伺服器時，此resource沒有id，它的id在resource被創建後由伺器分配/指定。","","","","","","","","",,,,,"",,,,"Resource.id",0,1,"",""
"Organization.meta","Organization.meta","","","",0,1,"","","Y","Meta {[]} {[]}
","此Organization Resource的metadata","關於resource的metadata。這是由基礎建設維護的內容。內容的更改可能並不總是與resource的版本更改相關聯。","","","","","","","","","",,,,,"",,,,"Resource.meta",0,1,"","ele-1:All FHIR elements must have a @value or children {hasValue() or (children().count() > id.count())}
"
"Organization.implicitRules","Organization.implicitRules","","","",0,1,"","Y","Y","uri {[]} {[]}
","創建此內容所依據的一組規則","構建resource時遵循的一系列規則的參照，在處理內容時必須理解這些規則。通常這是對IG所定義之特殊規則及其他profiles的參照。","宣告這套規則限制了內容只能被有限的交易夥伴所理解。這從本質上限制了資料的長期有用性。然而，現有的健康生態體系高度分裂，還沒有準備好以普遍可計算的方式定義、收集和交換資料。只要有可能，實作者和/或規範編寫者應該避免使用這個資料項目。通常在使用時，此URL是對IG的參照，此IG將這些特殊規則與其他profiles、value sets等一起定義為其敘述的一部分。","","","","","","","","",,,,,"",,,,"Resource.implicitRules",0,1,"","ele-1:All FHIR elements must have a @value or children {hasValue() or (children().count() > id.count())}
"
"Organization.language","Organization.language","","","",0,1,"","","","code {[]} {[]}
","用以表述Organization Resource內容的語言。","編寫此resource的語言","提供語言是為了支援索引和可存取性（通常，文字表述轉語音等服務使用此語言標籤）。html lanuage tag適用於此敘述。resource上的語言標籤可用於指定從resource中的資料所產成的其他表述之語言。不是所有的內容都必須使用此語言。不應該假定Resource.language自動適用於敘述。如果指定語言，它也應該被指定在html中的div資料項目（關於xml:lang和html lang屬性之間的關係，見HTML5中的規則）。","","","","","","<valueString xmlns=""http://hl7.org/fhir"" value=""zh-TW""/>","","",,"preferred","人類語言；鼓勵使用CommonLanguages代碼表中的代碼，但不強制一定要使用此代碼表，你也可使用其他代碼表的代碼或單純以文字表示。","http://hl7.org/fhir/ValueSet/languages","",,,,"Resource.language",0,1,"","ele-1:All FHIR elements must have a @value or children {hasValue() or (children().count() > id.count())}
"
"Organization.text","Organization.text","","narrative
htmlxhtmldisplay","",0,1,"","","","Narrative {[]} {[]}
","Organization Resource之內容摘要以供人閱讀","人可讀的敘述，包含resource的摘要，可用於向人表述resource的內容。敘述不需要對所有的結構化資料進行編碼，但需要包含足夠的細節使人在閱讀敘述時理解「臨床安全性」。resource定義有哪些內容應該在敘述中表示，以確保臨床安全。","內嵌（contained）的resource沒有敘述，非內嵌（contained）的resource則 **建議應該（SHOULD）** 有敘述。有時resource可能只有文字表述，很少或沒有額外的結構化資料（只要滿足所有minOccurs=1的資料項目）。這可能出現在舊系統的資料，當資訊以 「文字表述區塊（text blob） 」的形式被取得，或者文字表述是原始輸入或說明，而編碼資訊稍後再添加。","","","","","","","","",,,,,"",,,,"DomainResource.text",0,1,"","ele-1:All FHIR elements must have a @value or children {hasValue() or (children().count() > id.count())}
","Act.text?"
"Organization.contained","Organization.contained","","inline resources
anonymous resourcescontained resources","",0,*,"","","","Resource {[]} {[]}
","Contained, inline Resources","These resources do not have an independent existence apart from the resource that contains them - they cannot be identified independently, and nor can they have their own independent transaction scope.","This should never be done when the content can be identified properly, as once identification is lost, it is extremely difficult (and context dependent) to restore it again. Contained resources may have profiles and tags In their meta elements, but SHALL NOT have security labels.","","","","","","","","",,,,,"",,,,"DomainResource.contained",0,*,"","","N/A"
"Organization.extension","Organization.extension","","extensions
user content","",0,*,"","","","Extension {[]} {[]}
","Additional content defined by implementations","May be used to represent additional information that is not part of the basic definition of the resource. To make the use of extensions safe and manageable, there is a strict set of governance  applied to the definition and use of extensions. Though any implementer can define an extension, there is a set of requirements that SHALL be met as part of the definition of the extension.","There can be no stigma associated with the use of extensions by any application, project, or standard - regardless of the institution or jurisdiction that uses or defines the extensions.  The use of extensions is what allows the FHIR specification to retain a core level of simplicity for everyone.","","","","","","","","",,,,,"",,,,"DomainResource.extension",0,*,"","ele-1:All FHIR elements must have a @value or children {hasValue() or (children().count() > id.count())}
ext-1:Must have either extensions or value[x], not both {extension.exists() != value.exists()}","N/A"
"Organization.modifierExtension","Organization.modifierExtension","","extensions
user content","",0,*,"","Y","","Extension {[]} {[]}
","Extensions that cannot be ignored","May be used to represent additional information that is not part of the basic definition of the resource and that modifies the understanding of the element that contains it and/or the understanding of the containing element's descendants. Usually modifier elements provide negation or qualification. To make the use of extensions safe and manageable, there is a strict set of governance applied to the definition and use of extensions. Though any implementer is allowed to define an extension, there is a set of requirements that SHALL be met as part of the definition of the extension. Applications processing a resource are required to check for modifier extensions.

Modifier extensions SHALL NOT change the meaning of any elements on Resource or DomainResource (including cannot change the meaning of modifierExtension itself).","There can be no stigma associated with the use of extensions by any application, project, or standard - regardless of the institution or jurisdiction that uses or defines the extensions.  The use of extensions is what allows the FHIR specification to retain a core level of simplicity for everyone.","Modifier extensions allow for extensions that *cannot* be safely ignored to be clearly distinguished from the vast majority of extensions which can be safely ignored.  This promotes interoperability by eliminating the need for implementers to prohibit the presence of extensions. For further information, see the [definition of modifier extensions](http://hl7.org/fhir/R4/extensibility.html#modifierExtension).","","","","","","","",,,,,"",,,,"DomainResource.modifierExtension",0,*,"","ele-1:All FHIR elements must have a @value or children {hasValue() or (children().count() > id.count())}
ext-1:Must have either extensions or value[x], not both {extension.exists() != value.exists()}","N/A"
"Organization.identifier","Organization.identifier","","","",0,*,"Y","","Y","Identifier {[]} {[]}
","跨多個系統中識別此機構","用於指明跨多個不同系統的機構識別碼","","Organizations通常有多種識別碼。有些機構保有數個，而大多數機構收集識別碼用於跟其他機構交流有關此機構的資訊。","","","","","","","",,,,,"",,,,"Organization.identifier",0,*,"org-1
","ele-1:All FHIR elements must have a @value or children {hasValue() or (children().count() > id.count())}
","XON.10 / XON.3",".scopes[Role](classCode=IDENT)","./Identifiers","FiveWs.identifier"
"Organization.identifier.id","Organization.identifier.id","","","",0,1,"","","","string {[]} {[]}
","唯一可識別ID，以供資料項目間相互參照。","resource中資料項目的唯一ID（用於內部參照）。這可以是任何不含空格的字串。","","","","","","","","","",,,,,"",,,,"Element.id",0,1,"","","n/a"
"Organization.identifier.extension","Organization.identifier.extension","","","",0,*,"","","","Extension {[]} {[]}
","擴充的資料項目","擴充的資料項目","","","","","","","","","",,,,,"","value:url}
","Extensions are always sliced by (at least) url",,"open","Element.extension",0,*,"","ele-1:All FHIR elements must have a @value or children {hasValue() or (children().count() > id.count())}
ext-1:Must have either extensions or value[x], not both {extension.exists() != value.exists()}"
"Organization.identifier.use","Organization.identifier.use","","","",0,1,"Y","Y","Y","code {[]} {[]}
","usual ｜ official ｜ temp ｜ secondary ｜ old （如果知道）","這個唯一識別碼（identifier）的用途","應用程式可以假定一個識別碼是永久的，除非它明確說它是暫時的。","允許從一組識別碼中為特定的使用情境選擇適當的識別碼","","","","","","","",,"required","如果已知，請說明此識別碼的目的；應填入所綁定值集中的其中一個代碼。","http://hl7.org/fhir/ValueSet/identifier-use|4.0.1","",,,,"Identifier.use",0,1,"","ele-1:All FHIR elements must have a @value or children {hasValue() or (children().count() > id.count())}
","N/A","Role.code or implied by context"
"Organization.identifier.type","Organization.identifier.type","","","",1,1,"Y","","","CodeableConcept {[CanonicalType[https://twcore.mohw.gov.tw/ig/twcore/StructureDefinition/CodeableConcept-tw]]} {[]}
","機構識別碼（identifier）的型別說明","識別碼的代碼型別，用於決定特定目適用的識別碼。","這個資料項目只涉及識別碼的一般類別。它 **必須沒有（SHALL NOT）** 被用於與Identifier.system 1..1對應的代碼。一些識別碼可能由於常見的用法而屬於多個類別。在系統是已知的情況下，型別是不必要的，因為型別總是系統定義的一部分。然而，系統經常需要處理系統不為人知的識別碼。型別和系統之間不是1:1的關係，因為許多不同的系統有相同的型別。","允許使用者在不知道識別碼系統的情況下利用識別碼","","","","<valueCodeableConcept xmlns=""http://hl7.org/fhir"">
  <coding>
    <system value=""http://terminology.hl7.org/CodeSystem/v2-0203""/>
    <code value=""PRN""/>
  </coding>
</valueCodeableConcept>","","","",,"extensible","識別碼的型別，用於決定特定目的所適用的識別碼；應填入所綁定值集中的其中一個代碼。","https://twcore.mohw.gov.tw/ig/twcore/ValueSet/identifier-type-tw","",,,,"Identifier.type",0,1,"ele-1
","ele-1:All FHIR elements must have a @value or children {hasValue() or (children().count() > id.count())}
","CE/CNE/CWE","n/a","CD"
"Organization.identifier.system","Organization.identifier.system","","","",0,1,"Y","","Y","uri {[]} {[]}
","機構識別碼（identifier）的命名空間（namespace），可至[twTerminology](https://fhir.mohw.gov.tw/ts/namingsystem.jsp?status=active&amp;type=0)申請或查詢命名系統。","建立值的命名空間－即一個描述一組值的唯一URL","Identifier.system總是區分大小寫","有許多識別碼的集合。為了進行兩個識別碼的對應，我們需要知道我們處理的是哪一組。系統指明了一個特定的唯一識別碼集。","","","","<valueUri xmlns=""http://hl7.org/fhir"" value=""https://twcore.mohw.gov.tw/ig/twcore/CodeSystem/organization-identifier-tw""/>","<valueUri xmlns=""http://hl7.org/fhir"" value=""http://www.acme.com/identifiers/patient""/>","","",,,,,"",,,,"Identifier.system",0,1,"","ele-1:All FHIR elements must have a @value or children {hasValue() or (children().count() > id.count())}
","CX.4 / EI-2-4","II.root or Role.id.root","./IdentifierType"
"Organization.identifier.value","Organization.identifier.value","","","",0,1,"Y","","Y","string {[]} {[]}
","醫事機構代碼。[醫事機構代號][委託代檢醫事檢驗機構代號]","識別碼中通常與使用者有關的部分，在系統情境內是唯一的。","如果此值是一個完整的URI，那麼此系統 **必須（SHALL）** 是urn:ietf:rfc:3986。此值的主要目的是為了可運算的對應。因此，為了比較的目的，它可能會被正規化（例如：去除不重要的空白、破折號等）。一個為人顯示的格式化的值可以使用[Rendered Value](http://hl7.org/fhir/R4/extension-rendered-value.html)擴充來傳達。除非對Identifier.system的了解使處理者確信不區分大小寫的處理是安全的，否則Identifier.value應被視為區分大小寫。","","","","","","<valueString xmlns=""http://hl7.org/fhir"" value=""123456""/>","","",,"required","","https://twcore.mohw.gov.tw/ig/twcore/ValueSet/organization-identifier-tw","",,,,"Identifier.value",0,1,"","ele-1:All FHIR elements must have a @value or children {hasValue() or (children().count() > id.count())}
","CX.1 / EI.1","II.extension or II.root if system indicates OID or GUID (Or Role.id.extension or root)","./Value"
"Organization.identifier.period","Organization.identifier.period","","","",0,1,"","","Y","Period {[]} {[]}
","此機構識別碼（identifier）的使用效期","識別碼有效／曾經有效使用的時段或期間","","","","","","","","","",,,,,"",,,,"Identifier.period",0,1,"","ele-1:All FHIR elements must have a @value or children {hasValue() or (children().count() > id.count())}
","CX.7 + CX.8","Role.effectiveTime or implied by context","./StartDate and ./EndDate"
"Organization.identifier.assigner","Organization.identifier.assigner","","","",0,1,"","","Y","Reference {[]} {[CanonicalType[https://twcore.mohw.gov.tw/ig/twcore/StructureDefinition/Organization-twcore]]}
","簽發identifier的機構（可以只是文字表述）","簽發／管理識別碼的機構","Identifier.assigner可以省略.reference資料項目，只包含一個.display資料項目，反映指定機構的名稱或其他文字表述資訊。","","","","","","","","",,,,,"",,,,"Identifier.assigner",0,1,"","ele-1:All FHIR elements must have a @value or children {hasValue() or (children().count() > id.count())}
","CX.4 / (CX.4,CX.9,CX.10)","II.assigningAuthorityName but note that this is an improper use by the definition of the field.  Also Role.scoper","./IdentifierIssuingAuthority"
"Organization.active","Organization.active","","","",0,1,"Y","Y","Y","boolean {[]} {[]}
","此機構的紀錄是否仍在使用中","此機構的紀錄是否仍在使用中","這個Active標記不是用來標記機構暫時關閉或正在建設中。反而應該是Organization的地點（Location）應該具有暫停狀態。如果需要進一步詳細說明暫停的原因，那麼應該針對這個資料項目的提供一個擴充的資料項目。

這個資料項目被標記為修飾語／修飾用，因為它可用來標記resource是錯誤建立的。","需要一個標記表明此記錄不再被使用，一般來說應會在使用者界面中隱藏此資料項目。","","This resource is generally assumed to be active if no value is provided for the active element","","","","","",,,,,"",,,,"Organization.active",0,1,"","ele-1:All FHIR elements must have a @value or children {hasValue() or (children().count() > id.count())}
","No equivalent in HL7 v2",".status","./Status (however this concept in ServD more covers why the organization is active or not, could be delisted, deregistered, not operational yet) this could alternatively be derived from ./StartDate and ./EndDate and given a context date.","FiveWs.status"
"Organization.type","Organization.type","","","",0,1,"Y","","","CodeableConcept {[CanonicalType[https://twcore.mohw.gov.tw/ig/twcore/StructureDefinition/CodeableConcept-tw]]} {[]}
","機構的型別","機構的型別","機構可以是公司、病房、科室、臨床團隊、政府部門等。請注意，代碼通常是機構型別的分類；在許多應用程式中，若代碼是用來指明一個特定機構（例如：病房），而不是另一個相同型別的機構，那麼這些算是識別碼代碼，而不是型別代碼。

當考慮多個型別是否合適時，你應該評估子機構是否是一個更合適的概念使用，因為不同的型別可能在不同子區域的機構。這最有可能用於型別值不相關（orthogonal values）的地方，像是一個宗教的、學術的和醫學中心。

我們期望一些行政管轄區設計此資料項目為可選填且基數設定為1。","需要能夠追踪這是哪種機構－不同機構型別有不同的用途。","","","","<valueCodeableConcept xmlns=""http://hl7.org/fhir"">
  <coding>
    <system value=""http://terminology.hl7.org/CodeSystem/organization-type""/>
    <code value=""prov""/>
  </coding>
</valueCodeableConcept>","","","",,"example","用於分類機構；可參考所綁定值集，但此值集只是針對這個欄位的一個可能值的範例，不預期也不鼓勵使用者一定要使用此值集的代碼。","http://hl7.org/fhir/ValueSet/organization-type","",,,,"Organization.type",0,*,"ele-1
","ele-1:All FHIR elements must have a @value or children {hasValue() or (children().count() > id.count())}
","CE/CNE/CWE","n/a","CD"
"Organization.name","Organization.name","","","",0,1,"Y","","Y","string {[]} {[]}
","機構的名稱","與此機構相關名稱","如果一個機構改變名稱，可以考慮把舊的名稱放在別名（alias）資料項目中，這樣仍然可以透過查詢找到它。","需要使用名稱作為機構的標籤","","","","","","","",,,,,"",,,,"Organization.name",0,1,"org-1
","ele-1:All FHIR elements must have a @value or children {hasValue() or (children().count() > id.count())}
","XON.1",".name",".PreferredName/Name"
"Organization.alias","Organization.alias","","","",0,*,"","","","string {[]} {[]}
","此機構目前或過去已知的其他（多個）名稱","此機構目前或過去已知的其他（多個）名稱","沒有與別名／歷史名稱相關的日期，因為這不是為了追踪使用名稱的時間，而是為了協助查詢，以便舊名稱仍然可以指明此機構。","隨著時間的推移，地點和機構經歷了許多變化，可能會有不同的名稱。

對於查詢而言，了解此機構以前的名稱是非常有用的。","","","","","","","",,,,,"",,,,"Organization.alias",0,*,"","ele-1:All FHIR elements must have a @value or children {hasValue() or (children().count() > id.count())}
",".name"
"Organization.telecom","Organization.telecom","","","",0,*,"Y","","","ContactPoint {[]} {[]}
","此機構的詳細聯絡方式。
org-3：一個機構的通訊永遠不可能是「家用」，意即不可能使用「home」。","此機構的詳細聯絡方式","不能使用代碼 「home」。請注意，這些聯絡人不是指受僱於此機構或代表此機構的人的詳細聯絡方式，而是此機構本身的官方聯絡人。","此機構的聯絡人","","","","","","","",,,,,"",,,,"Organization.telecom",0,*,"org-3
","ele-1:All FHIR elements must have a @value or children {hasValue() or (children().count() > id.count())}
org-3:The telecom of an organization can never be of use 'home' {where(use = 'home').empty()}","ORC-22?",".telecom","./ContactPoints"
"Organization.telecom.id","Organization.telecom.id","","","",0,1,"","","","string {[]} {[]}
","唯一可識別ID，以供資料項目間相互參照。","resource中資料項目的唯一ID（用於內部參照）。這可以是任何不含空格的字串。","","","","","","","","","",,,,,"",,,,"Element.id",0,1,"","","n/a"
"Organization.telecom.extension","Organization.telecom.extension","","","",0,*,"","","","Extension {[]} {[]}
","擴充的資料項目","可用於表示不屬於此資料項目基本定義的附加資訊。為了擴充的使用安全和可管理，對擴充的定義和使用有一套嚴格的管理。儘管任何實作者都可以定義一個擴充，但作為擴充定義的一部分，有一套要求 **必須（SHALL）** 滿足。","","","","","","","","","",,,,,"","value:url}
","Extensions are always sliced by (at least) url",,"open","Element.extension",0,*,"","ele-1:All FHIR elements must have a @value or children {hasValue() or (children().count() > id.count())}
ext-1:Must have either extensions or value[x], not both {extension.exists() != value.exists()}"
"Organization.telecom.system","Organization.telecom.system","","","",0,1,"Y","","Y","code {[]} {[]}
","phone | fax | email | pager | url | sms | other","聯絡方式的通訊形式－需要什麼通訊系統進行聯絡","","","","","","","","","",,"required","應填入所綁定值集中的其中一個代碼。","http://hl7.org/fhir/ValueSet/contact-point-system|4.0.1","",,,,"ContactPoint.system",0,1,"cpt-2
","ele-1:All FHIR elements must have a @value or children {hasValue() or (children().count() > id.count())}
","XTN.3","./scheme","./ContactPointType"
"Organization.telecom.value","Organization.telecom.value","","","",0,1,"Y","","Y","string {[]} {[]}
","實際的聯絡方式之細節","實際的聯絡方式之細節，針對指定的通訊系統提供有意義的形式（電話號碼或是電子郵件位址）。","額外的文字資料，例如電話分機號碼、或關於聯絡人的說明，有時也包括於此值。","需支援非嚴格格式控制之舊有號碼","","","","","","","",,,,,"",,,,"ContactPoint.value",0,1,"","ele-1:All FHIR elements must have a @value or children {hasValue() or (children().count() > id.count())}
","XTN.1 (or XTN.12)","./url","./Value"
"Organization.telecom.use","Organization.telecom.use","","","",0,1,"","Y","Y","code {[]} {[]}
","home | work | temp | old | mobile－此聯絡方式的用途","確定聯絡方式的用途","應用程式可以假定一個聯絡方法是目前使用中，除非它明確說它是暫時的或舊的。","需要追蹤此人使用這種聯絡的方式，使用者可以選擇適合他們用途的聯絡方式。","","","","","","","",,"required","應填入所綁定值集中的其中一個代碼。","http://hl7.org/fhir/ValueSet/contact-point-use|4.0.1","",,,,"ContactPoint.use",0,1,"","ele-1:All FHIR elements must have a @value or children {hasValue() or (children().count() > id.count())}
","XTN.2 - but often indicated by field","unique(./use)","./ContactPointPurpose"
"Organization.telecom.rank","Organization.telecom.rank","","","",0,1,"","","Y","positiveInt {[]} {[]}
","具體說明偏好的使用順序（1=最高優先順序）","具體說明使用一組聯繫方式的優先順序，較小排名序位的聯絡方式比較大排名序位的聯絡方式之序位還要前面。","請注意，排名序位沒有一定要遵循聯絡方式在實例中呈現的順序。","","","","","","","","",,,,,"",,,,"ContactPoint.rank",0,1,"","ele-1:All FHIR elements must have a @value or children {hasValue() or (children().count() > id.count())}
","n/a","n/a"
"Organization.telecom.period","Organization.telecom.period","","","",0,1,"","","Y","Period {[]} {[]}
","此聯絡方式的使用效期","此聯絡方式的使用效期","","","","","","","","","",,,,,"",,,,"ContactPoint.period",0,1,"","ele-1:All FHIR elements must have a @value or children {hasValue() or (children().count() > id.count())}
","N/A","./usablePeriod[type=""IVL<TS>""]","./StartDate and ./EndDate"
"Organization.address","Organization.address","","","",0,*,"","","","Address {[CanonicalType[https://twcore.mohw.gov.tw/ig/twcore/StructureDefinition/Address-tw]]} {[]}
","此機構的地址。
org-2：一個機構的地址永遠不可能是「家用」，意即不可能使用「home」。","此機構的地址","機構可能有多個地址，有不同的用途或適用期。不使用代碼「home」。","為了聯絡、計費或通報要求而可能需要追踪機構的地址","","","","","","","",,,,,"",,,,"Organization.address",0,*,"ele-1
","ele-1:All FHIR elements must have a @value or children {hasValue() or (children().count() > id.count())}
org-2:An address of an organization can never be of use 'home' {where(use = 'home').empty()}","XAD","n/a","AD","Address"
"Organization.partOf","Organization.partOf","","","",0,1,"","","Y","Reference {[]} {[CanonicalType[https://twcore.mohw.gov.tw/ig/twcore/StructureDefinition/Organization-twcore]]}
","此機構屬於哪個更高層次機構的一部分","此機構屬於哪個更高層次機構的一部分","","需要能夠追踪一個機構內的機構層次結構","","","","","","","",,,,,"",,,,"Organization.partOf",0,1,"","ele-1:All FHIR elements must have a @value or children {hasValue() or (children().count() > id.count())}
","No equivalent in HL7 v2",".playedBy[classCode=Part].scoper","n/a"
"Organization.contact","Organization.contact","","","",0,*,"","","","BackboneElement {[]} {[]}
","某一用途的機構聯絡方式","某一用途的機構聯絡方式","如果為同一個用途提供多個聯絡方式，則可有一個擴充的資料項目用以決定哪一個優先聯絡。","需要在更大的機構內追踪用的指定聯絡方式","","","","","","","",,,,,"",,,,"Organization.contact",0,*,"","ele-1:All FHIR elements must have a @value or children {hasValue() or (children().count() > id.count())}
",".contactParty"
"Organization.contact.id","Organization.contact.id","","","",0,1,"","","","string {[]} {[]}
","唯一可識別ID，以供資料項目間相互參照。","resource中資料項目的唯一ID（用於內部參照）。這可以是任何不含空格的字串。","","","","","","","","","",,,,,"",,,,"Element.id",0,1,"","","n/a"
"Organization.contact.extension","Organization.contact.extension","","","",0,*,"","","","Extension {[]} {[]}
","擴充的資料項目","可用於表示不屬於此資料項目基本定義的附加資訊。為了擴充的使用安全和可管理，對擴充的定義和使用有一套嚴格的管理。儘管任何實作者都可以定義一個擴充，但作為擴充定義的一部分，有一套要求 **必須（SHALL）** 滿足。","無論使用或定義擴充的機構或管轄區，任何應用程式、專案或標準使用擴充都不背負任何污名（stigma）。使用擴充是允許FHIR規範為每個人保留一個核心的簡易性。","","","","","","","","",,,,,"",,,,"Element.extension",0,*,"","ele-1:All FHIR elements must have a @value or children {hasValue() or (children().count() > id.count())}
ext-1:Must have either extensions or value[x], not both {extension.exists() != value.exists()}"
"Organization.contact.modifierExtension","Organization.contact.modifierExtension","","","",0,*,"","Y","Y","Extension {[]} {[]}
","此擴充的資料項目可能會完全修正或改變其他資料項目的意涵，需特別留意。","可以用來表示不屬於資料項目的基本定義的附加資訊，並且修改對它所內嵌（contained）的資料項目的理解和／或對包含資料項目之後續使用的理解。通常，修飾用的資料項目提供否定或限定。為了使擴充的使用安全和可管理，對擴充的定義和使用有一套嚴格的管理。儘管任何實作者都可以定義一個擴充，但作為擴充定義的一部分，有一組要求 **必須（SHALL）** 滿足。處理resource的應用程式被要求檢查修飾用的擴充資料項目。

修飾用的擴充資料項目 **必須沒有（SHALL NOT）** 改變resource或DomainResource上任何資料項目的含義（包括不能改變modifierExtension本身的含義）。","無論使用或定義擴充的機構或管轄區，任何應用程式、專案或標準使用擴充都不背負任何污名（stigma）。使用擴充是允許FHIR規範為每個人保留一個核心的簡易性。","修飾用的資料項目擴充將不能安全地忽略的擴充與絕大多數可以安全地忽略的擴充明確區分開來。透過消除禁止實作者擴充存在的需求來促進可互操作性。更多訊息，請參見修飾用的資料項目擴充之定義。","","","","","","","",,,,,"",,,,"BackboneElement.modifierExtension",0,*,"","ele-1:All FHIR elements must have a @value or children {hasValue() or (children().count() > id.count())}
ext-1:Must have either extensions or value[x], not both {extension.exists() != value.exists()}"
"Organization.contact.purpose","Organization.contact.purpose","","","",0,1,"","","","CodeableConcept {[CanonicalType[https://twcore.mohw.gov.tw/ig/twcore/StructureDefinition/CodeableConcept-tw]]} {[]}
","聯絡的型別","表明可聯絡到此聯絡人的聯絡方式之用途","Not all terminology uses fit this general pattern. In some cases, models should not use CodeableConcept and use Coding directly and provide their own structure for managing text, codings, translations and the relationship between elements and pre- and post-coordination.","需要對多個聯絡人進行區分","","","","","","","",,"extensible","你所聯絡之聯絡人的聯絡方式用途；應填入所綁定值集中適合的代碼，確定無適合的代碼才可以使用其他值集的代碼來表示。","http://hl7.org/fhir/ValueSet/contactentity-type","",,,,"Organization.contact.purpose",0,1,"ele-1
","ele-1:All FHIR elements must have a @value or children {hasValue() or (children().count() > id.count())}
","CE/CNE/CWE","n/a","CD"
"Organization.contact.name","Organization.contact.name","","","",0,1,"","","","HumanName {[]} {[]}
","聯絡人名字","聯絡人名字","","需能透過名字來追綜此聯絡人","","","","","","","",,,,,"",,,,"Organization.contact.name",0,1,"","ele-1:All FHIR elements must have a @value or children {hasValue() or (children().count() > id.count())}
","PID-5, PID-9","./name"
"Organization.contact.telecom","Organization.contact.telecom","","","",0,*,"","","","ContactPoint {[]} {[]}
","聯絡人的詳細聯絡方式（例如：電話、電子郵件等）。","可與此人聯絡的詳細聯絡方式（如電話或電子郵件地址等）","","人們有（主要）方式與他們聯絡，如電話、電子郵件。","","","","","","","",,,,,"",,,,"Organization.contact.telecom",0,*,"","ele-1:All FHIR elements must have a @value or children {hasValue() or (children().count() > id.count())}
","PID-13, PID-14","./telecom"
"Organization.contact.address","Organization.contact.address","","","",0,1,"","","","Address {[CanonicalType[https://twcore.mohw.gov.tw/ig/twcore/StructureDefinition/Address-tw]]} {[]}
","聯絡人的到訪或郵政地址","可到訪及郵寄聯絡人的地址","注意：地址的目的是描述用於管理目的之郵政地址，而不是描述絕對的地理座標。郵政地址經常被用作實體位置的代表（亦可見[Location](http://hl7.org/fhir/R4/location.html#)resource）。","為了聯絡、計費或通報要求而可能需要追踪機構的地址","","","","","","","",,,,,"",,,,"Organization.contact.address",0,1,"ele-1
","ele-1:All FHIR elements must have a @value or children {hasValue() or (children().count() > id.count())}
","XAD","n/a","AD","Address"
"Organization.endpoint","Organization.endpoint","","","",0,*,"","","","Reference {[]} {[CanonicalType[http://hl7.org/fhir/StructureDefinition/Endpoint]]}
","存取此Organization的技術服務的終端（endpoints）","存取此Organization的技術服務的終端（endpoints）","","機構有多個提供各種服務的系統，需要能夠定義技術連接的細節，如何連接到這些系統，以及為了什麼目的。","","","","","","","",,,,,"",,,,"Organization.endpoint",0,*,"","ele-1:All FHIR elements must have a @value or children {hasValue() or (children().count() > id.count())}
","n/a"
