<?xml version="1.0" encoding="UTF-8"?>

<Bundle xmlns="http://hl7.org/fhir">
  <id value="BundleAdultCheckExample"/>
  <meta>
    <profile value="https://tstifhir.azurehealthcareapis.com/StructureDefinition/Bundle-adultcheck"/>
  </meta>
  <identifier>
    <use value="official"/>
    <type>
      <coding>
        <system value="https://twcore.mohw.gov.tw/ig/twcore/CodeSystem/v2-0203"/>
        <code value="MRT"/>
      </coding>
    </type>
    <system value="https://tsti.hospital.com"/>
    <value value="000120230721"/>
  </identifier>
  <type value="document"/>
  <timestamp value="2022-08-01T17:00:14-05:00"/>
  <entry>
    <resource>
      <Composition>
        <id value="CompositionAdultCheckExample"/>
        <meta>
          <profile value="https://tstifhir.azurehealthcareapis.com/StructureDefinition/Composition-adultcheck"/>
        </meta>
        <text>
          <status value="generated"/><div xmlns="http://www.w3.org/1999/xhtml"><p><b>Generated Narrative: Composition</b><a name="CompositionAdultCheckExample"> </a></p><div style="display: inline-block; background-color: #d9e0e7; padding: 6px; margin: 4px; border: 1px solid #8da1b4; border-radius: 5px; line-height: 60%"><p style="margin-bottom: 0px">Resource Composition &quot;CompositionAdultCheckExample&quot; </p><p style="margin-bottom: 0px">Profile: <a href="StructureDefinition-Composition-adultcheck.html">Composition - AdultCheck</a></p></div><p><b>identifier</b>: MRT: 000120230721 (use: OFFICIAL)</p><p><b>status</b>: final</p><p><b>type</b>: General medicine Hospital Progress note <span style="background: LightGoldenRodYellow; margin: 4px; border: 1px solid khaki"> (<a href="https://loinc.org/">LOINC</a>#100574-4)</span></p><p><b>encounter</b>: <a href="Encounter/encounter-example">Encounter/encounter-example</a></p><p><b>date</b>: 2022-08-01 17:00:14-0500</p><p><b>author</b>: </p><ul><li><a href="Organization/organ-example1">Organization/organ-example1</a></li><li><a href="Organization/organ-example2">Organization/organ-example2</a></li></ul><p><b>title</b>: 成人健康檢查問卷</p></div>
        </text>
        <identifier>
          <use value="official"/>
          <type>
            <coding>
              <system value="https://twcore.mohw.gov.tw/ig/twcore/CodeSystem/v2-0203"/>
              <code value="MRT"/>
            </coding>
          </type>
          <system value="https://tsti.hospital.com"/>
          <value value="000120230721"/>
        </identifier>
        <status value="final"/>
        <type>
          <coding>
            <system value="http://loinc.org"/>
            <code value="100574-4"/>
            <display value="General medicine Hospital Progress note"/>
          </coding>
        </type>
        <subject>
          <reference value="Patient/pat-example"/>
        </subject>
        <encounter>
          <reference value="Encounter/encounter-example"/>
        </encounter>
        <date value="2022-08-01T17:00:14-05:00"/>
        <author>
          <reference value="Organization/organ-example1"/>
        </author>
        <author>
          <reference value="Organization/organ-example2"/>
        </author>
        <title value="成人健康檢查問卷"/>
        <section>
          <title value="疾病史-高血壓"/>
          <code>
            <coding>
              <system value="http://loinc.org"/>
              <code value="34117-2"/>
              <display value="History and physical note"/>
            </coding>
          </code>
          <entry>
            <reference value="Condition/bp-example"/>
          </entry>
        </section>
        <section>
          <title value="疾病史-糖尿病"/>
          <code>
            <coding>
              <system value="http://loinc.org"/>
              <code value="34117-2"/>
              <display value="History and physical note"/>
            </coding>
          </code>
          <entry>
            <reference value="Condition/db-example"/>
          </entry>
        </section>
        <section>
          <title value="疾病史-高血脂症"/>
          <code>
            <coding>
              <system value="http://loinc.org"/>
              <code value="34117-2"/>
              <display value="History and physical note"/>
            </coding>
          </code>
          <entry>
            <reference value="Condition/bg-example"/>
          </entry>
        </section>
        <section>
          <title value="疾病史-心臟病"/>
          <code>
            <coding>
              <system value="http://loinc.org"/>
              <code value="34117-2"/>
              <display value="History and physical note"/>
            </coding>
          </code>
          <entry>
            <reference value="Condition/cd-example"/>
          </entry>
        </section>
        <section>
          <title value="疾病史-腦中風"/>
          <code>
            <coding>
              <system value="http://loinc.org"/>
              <code value="34117-2"/>
              <display value="History and physical note"/>
            </coding>
          </code>
          <entry>
            <reference value="Condition/sd-example"/>
          </entry>
        </section>
        <section>
          <title value="疾病史-腎臟病"/>
          <code>
            <coding>
              <system value="http://loinc.org"/>
              <code value="34117-2"/>
              <display value="History and physical note"/>
            </coding>
          </code>
          <entry>
            <reference value="Condition/kd-example"/>
          </entry>
        </section>
        <section>
          <title value="生理量測-身高"/>
          <code>
            <coding>
              <system value="http://loinc.org"/>
              <code value="85353-1"/>
              <display value="Vital signs, weight, height, head circumference, oxygen saturation and BMI panel"/>
            </coding>
          </code>
          <entry>
            <reference value="Observation/height-example"/>
          </entry>
        </section>
        <section>
          <title value="生理量測-體重"/>
          <code>
            <coding>
              <system value="http://loinc.org"/>
              <code value="85353-1"/>
              <display value="Vital signs, weight, weight, head circumference, oxygen saturation and BMI panel"/>
            </coding>
          </code>
          <entry>
            <reference value="Observation/weight-example"/>
          </entry>
        </section>
        <section>
          <title value="生理量測-BMI"/>
          <code>
            <coding>
              <system value="http://loinc.org"/>
              <code value="85353-1"/>
              <display value="Vital signs, weight, bmi, head circumference, oxygen saturation and BMI panel"/>
            </coding>
          </code>
          <entry>
            <reference value="Observation/bmi-example"/>
          </entry>
        </section>
        <section>
          <title value="生理量測-血壓"/>
          <code>
            <coding>
              <system value="http://loinc.org"/>
              <code value="85353-1"/>
              <display value="Vital signs, weight, bloodtype, head circumference, oxygen saturation and BMI panel"/>
            </coding>
          </code>
          <entry>
            <reference value="Observation/bloodtype-example"/>
          </entry>
        </section>
        <section>
          <title value="生理量測-腰圍"/>
          <code>
            <coding>
              <system value="http://loinc.org"/>
              <code value="85353-1"/>
              <display value="Vital signs, weight, waist, head circumference, oxygen saturation and BMI panel"/>
            </coding>
          </code>
          <entry>
            <reference value="Observation/waist-example"/>
          </entry>
        </section>
        <section>
          <title value="Protein 尿蛋白"/>
          <code>
            <coding>
              <system value="http://loinc.org"/>
              <code value="19146-0"/>
              <display value="Reference lab test results"/>
            </coding>
          </code>
          <entry>
            <reference value="Observation/lab-protein-example"/>
          </entry>
        </section>
        <section>
          <title value="血糖"/>
          <code>
            <coding>
              <system value="http://loinc.org"/>
              <code value="19146-0"/>
              <display value="Reference lab test results"/>
            </coding>
          </code>
          <entry>
            <reference value="Observation/lab-sugar-example"/>
          </entry>
        </section>
        <section>
          <title value="膽固醇"/>
          <code>
            <coding>
              <system value="http://loinc.org"/>
              <code value="19146-0"/>
              <display value="Reference lab test results"/>
            </coding>
          </code>
          <entry>
            <reference value="Observation/lab-cholesterol-example"/>
          </entry>
        </section>
        <section>
          <title value="三酸甘油脂"/>
          <code>
            <coding>
              <system value="http://loinc.org"/>
              <code value="19146-0"/>
              <display value="Reference lab test results"/>
            </coding>
          </code>
          <entry>
            <reference value="Observation/lab-triglycerides-example"/>
          </entry>
        </section>
        <section>
          <title value="低密度脂蛋白膽固醇計算"/>
          <code>
            <coding>
              <system value="http://loinc.org"/>
              <code value="19146-0"/>
              <display value="Reference lab test results"/>
            </coding>
          </code>
          <entry>
            <reference value="Observation/lab-low-example"/>
          </entry>
        </section>
        <section>
          <title value="高密度膽固醇"/>
          <code>
            <coding>
              <system value="http://loinc.org"/>
              <code value="19146-0"/>
              <display value="Reference lab test results"/>
            </coding>
          </code>
          <entry>
            <reference value="Observation/lab-high-example"/>
          </entry>
        </section>
        <section>
          <title value="GOT"/>
          <code>
            <coding>
              <system value="http://loinc.org"/>
              <code value="19146-0"/>
              <display value="Reference lab test results"/>
            </coding>
          </code>
          <entry>
            <reference value="Observation/lab-got-example"/>
          </entry>
        </section>
        <section>
          <title value="GPT"/>
          <code>
            <coding>
              <system value="http://loinc.org"/>
              <code value="19146-0"/>
              <display value="Reference lab test results"/>
            </coding>
          </code>
          <entry>
            <reference value="Observation/lab-gpt-example"/>
          </entry>
        </section>
        <section>
          <title value="肌酸酐"/>
          <code>
            <coding>
              <system value="http://loinc.org"/>
              <code value="19146-0"/>
              <display value="Reference lab test results"/>
            </coding>
          </code>
          <entry>
            <reference value="Observation/lab-creatinine-example"/>
          </entry>
        </section>
        <section>
          <title value="腎絲球過濾率計算"/>
          <code>
            <coding>
              <system value="http://loinc.org"/>
              <code value="19146-0"/>
              <display value="Reference lab test results"/>
            </coding>
          </code>
          <entry>
            <reference value="Observation/lab-glomerulus-example"/>
          </entry>
        </section>
        <section>
          <title value="Ｂ型肝炎表面抗原"/>
          <code>
            <coding>
              <system value="http://loinc.org"/>
              <code value="19146-0"/>
              <display value="Reference lab test results"/>
            </coding>
          </code>
          <entry>
            <reference value="Observation/lab-b-example"/>
          </entry>
        </section>
        <section>
          <title value="Ｃ型肝炎病毒抗體"/>
          <code>
            <coding>
              <system value="http://loinc.org"/>
              <code value="19146-0"/>
              <display value="Reference lab test results"/>
            </coding>
          </code>
          <entry>
            <reference value="Observation/lab-c-example"/>
          </entry>
        </section>
        <section>
          <title value="憂鬱檢測"/>
          <code>
            <coding>
              <system value="http://loinc.org"/>
              <code value="73832-8"/>
              <display value="Adult depression screening assessment"/>
            </coding>
          </code>
          <entry>
            <reference value="Observation/depress-example"/>
          </entry>
        </section>
        <section>
          <title value="生活史-吸煙"/>
          <code>
            <coding>
              <system value="http://loinc.org"/>
              <code value="35090-0"/>
              <display value="Patient history"/>
            </coding>
          </code>
          <entry>
            <reference value="Observation/history-smoke-example"/>
          </entry>
        </section>
        <section>
          <title value="生活史-喝酒"/>
          <code>
            <coding>
              <system value="http://loinc.org"/>
              <code value="35090-0"/>
              <display value="Patient history"/>
            </coding>
          </code>
          <entry>
            <reference value="Observation/history-liquor-example"/>
          </entry>
        </section>
        <section>
          <title value="生活史-嚼檳榔"/>
          <code>
            <coding>
              <system value="http://loinc.org"/>
              <code value="35090-0"/>
              <display value="Patient history"/>
            </coding>
          </code>
          <entry>
            <reference value="Observation/history-nut-example"/>
          </entry>
        </section>
        <section>
          <title value="生活史-運動"/>
          <code>
            <coding>
              <system value="http://loinc.org"/>
              <code value="35090-0"/>
              <display value="Patient history"/>
            </coding>
          </code>
          <entry>
            <reference value="Observation/history-exercise-example"/>
          </entry>
        </section>
        <section>
          <title value="健康諮詢：戒煙"/>
          <code>
            <coding>
              <system value="http://loinc.org"/>
              <code value="8677-7"/>
              <display value="History of Medication use"/>
            </coding>
          </code>
          <entry>
            <reference value="Observation/con-smoke-example"/>
          </entry>
        </section>
        <section>
          <title value="健康諮詢：節酒"/>
          <code>
            <coding>
              <system value="http://loinc.org"/>
              <code value="8677-7"/>
              <display value="History of Medication use"/>
            </coding>
          </code>
          <entry>
            <reference value="Observation/con-liquor-example"/>
          </entry>
        </section>
        <section>
          <title value="健康諮詢：戒檳榔"/>
          <code>
            <coding>
              <system value="http://loinc.org"/>
              <code value="8677-7"/>
              <display value="History of Medication use"/>
            </coding>
          </code>
          <entry>
            <reference value="Observation/con-nut-example"/>
          </entry>
        </section>
        <section>
          <title value="健康諮詢：規律運動"/>
          <code>
            <coding>
              <system value="http://loinc.org"/>
              <code value="8677-7"/>
              <display value="History of Medication use"/>
            </coding>
          </code>
          <entry>
            <reference value="Observation/con-exercise-example"/>
          </entry>
        </section>
        <section>
          <title value="健康諮詢：維持正常體重"/>
          <code>
            <coding>
              <system value="http://loinc.org"/>
              <code value="8677-7"/>
              <display value="History of Medication use"/>
            </coding>
          </code>
          <entry>
            <reference value="Observation/con-weight-example"/>
          </entry>
        </section>
        <section>
          <title value="健康諮詢：健康飲食"/>
          <code>
            <coding>
              <system value="http://loinc.org"/>
              <code value="8677-7"/>
              <display value="History of Medication use"/>
            </coding>
          </code>
          <entry>
            <reference value="Observation/con-diet-example"/>
          </entry>
        </section>
        <section>
          <title value="健康諮詢：事故傷害預"/>
          <code>
            <coding>
              <system value="http://loinc.org"/>
              <code value="8677-7"/>
              <display value="History of Medication use"/>
            </coding>
          </code>
          <entry>
            <reference value="Observation/con-accident-example"/>
          </entry>
        </section>
        <section>
          <title value="健康諮詢：口腔保健"/>
          <code>
            <coding>
              <system value="http://loinc.org"/>
              <code value="8677-7"/>
              <display value="History of Medication use"/>
            </coding>
          </code>
          <entry>
            <reference value="Observation/con-oral-example"/>
          </entry>
        </section>
        <section>
          <title value="檢查過B、C型肝炎"/>
          <code>
            <coding>
              <system value="http://loinc.org"/>
              <code value="8677-7"/>
              <display value="History of Medication use"/>
            </coding>
          </code>
          <entry>
            <reference value="Observation/check-bc-example"/>
          </entry>
        </section>
        <section>
          <title value="血壓檢查結果與建議"/>
          <code>
            <coding>
              <system value="http://loinc.org"/>
              <code value="50398-7"/>
              <display value="Narrative diagnostic report [Interpretation]"/>
            </coding>
          </code>
          <entry>
            <reference value="DiagnosticReport/diag-bp-example"/>
          </entry>
        </section>
        <section>
          <title value="血糖檢查結果判讀"/>
          <code>
            <coding>
              <system value="http://loinc.org"/>
              <code value="50398-7"/>
              <display value="Narrative diagnostic report [Interpretation]"/>
            </coding>
          </code>
          <entry>
            <reference value="DiagnosticReport/diag-sugar-example"/>
          </entry>
        </section>
        <section>
          <title value="血脂肪檢查結果判讀"/>
          <code>
            <coding>
              <system value="http://loinc.org"/>
              <code value="50398-7"/>
              <display value="Narrative diagnostic report [Interpretation]"/>
            </coding>
          </code>
          <entry>
            <reference value="DiagnosticReport/diag-bg-example"/>
          </entry>
        </section>
        <section>
          <title value="腎功能檢查結果判讀"/>
          <code>
            <coding>
              <system value="http://loinc.org"/>
              <code value="50398-7"/>
              <display value="Narrative diagnostic report [Interpretation]"/>
            </coding>
          </code>
          <entry>
            <reference value="DiagnosticReport/diag-kid-example"/>
          </entry>
        </section>
        <section>
          <title value="肝功能檢查結果判讀"/>
          <code>
            <coding>
              <system value="http://loinc.org"/>
              <code value="50398-7"/>
              <display value="Narrative diagnostic report [Interpretation]"/>
            </coding>
          </code>
          <entry>
            <reference value="DiagnosticReport/diag-liver-example"/>
          </entry>
        </section>
        <section>
          <title value="代謝症候群檢查結果與建議"/>
          <code>
            <coding>
              <system value="http://loinc.org"/>
              <code value="50398-7"/>
              <display value="Narrative diagnostic report [Interpretation]"/>
            </coding>
          </code>
          <entry>
            <reference value="DiagnosticReport/diag-metabolic-example"/>
          </entry>
        </section>
        <section>
          <title value="B型肝炎檢查結果與建議"/>
          <code>
            <coding>
              <system value="http://loinc.org"/>
              <code value="50398-7"/>
              <display value="Narrative diagnostic report [Interpretation]"/>
            </coding>
          </code>
          <entry>
            <reference value="DiagnosticReport/diag-b-example"/>
          </entry>
        </section>
        <section>
          <title value="C型肝炎檢查結果與建議"/>
          <code>
            <coding>
              <system value="http://loinc.org"/>
              <code value="50398-7"/>
              <display value="Narrative diagnostic report [Interpretation]"/>
            </coding>
          </code>
          <entry>
            <reference value="DiagnosticReport/diag-c-example"/>
          </entry>
        </section>
        <section>
          <title value="憂鬱檢測結果與建議"/>
          <code>
            <coding>
              <system value="http://loinc.org"/>
              <code value="50398-7"/>
              <display value="Narrative diagnostic report [Interpretation]"/>
            </coding>
          </code>
          <entry>
            <reference value="DiagnosticReport/diag-depress-example"/>
          </entry>
        </section>
      </Composition>
    </resource>
  </entry>
  <entry>
    <resource>
      <Patient>
        <id value="PatientAdultCheckExample"/>
        <meta>
          <profile value="https://tstifhir.azurehealthcareapis.com/StructureDefinition/Patient-adultcheck"/>
        </meta>
        <text>
          <status value="generated"/><div xmlns="http://www.w3.org/1999/xhtml"><p><b>Generated Narrative: Patient</b><a name="PatientAdultCheckExample"> </a></p><div style="display: inline-block; background-color: #d9e0e7; padding: 6px; margin: 4px; border: 1px solid #8da1b4; border-radius: 5px; line-height: 60%"><p style="margin-bottom: 0px">Resource Patient &quot;PatientAdultCheckExample&quot; </p><p style="margin-bottom: 0px">Profile: <a href="StructureDefinition-Patient-adultcheck.html">Patient - AdultCheck</a></p></div><p><b>identifier</b>: 全國的個人識別碼: A123456789 (use: OFFICIAL), Medical record number: 8862168 (use: OFFICIAL), HOI: 0123456789 (use: OFFICIAL)</p><p><b>active</b>: true</p><p><b>name</b>: 陳加玲(OFFICIAL), (OFFICIAL)</p><p><b>telecom</b>: ph: 0911327999(HOME)</p><p><b>gender</b>: female</p><p><b>birthDate</b>: 1990-01-01</p><p><b>address</b>: 臺北市 (HOME)</p><p><b>managingOrganization</b>: <a href="Organization-org-hosp-example.html">Organization/org-hosp-example</a></p></div>
        </text>
        <identifier>
          <use value="official"/>
          <type>
            <coding>
              <system value="https://twcore.mohw.gov.tw/ig/twcore/CodeSystem/v2-0203"/>
              <code value="NNTWN"/>
            </coding>
          </type>
          <system value="http://www.moi.gov.tw/"/>
          <value value="A123456789"/>
        </identifier>
        <identifier>
          <use value="official"/>
          <type>
            <coding>
              <system value="http://terminology.hl7.org/CodeSystem/v2-0203"/>
              <code value="MR"/>
            </coding>
          </type>
          <system value="https://www.tph.mohw.gov.tw/"/>
          <value value="8862168"/>
        </identifier>
        <identifier>
          <use value="official"/>
          <type>
            <coding>
              <system value="http://terminology.hl7.org/CodeSystem/v2-0203"/>
              <code value="HOI"/>
            </coding>
          </type>
          <system value="https://twcore.mohw.gov.tw/tsfhir/CodeSystem/organization-identifier-tw"/>
          <value value="0123456789"/>
        </identifier>
        <active value="true"/>
        <name>
          <use value="official"/>
          <text value="陳加玲"/>
        </name>
        <name>
          <use value="official"/>
        </name>
        <telecom>
          <system value="phone"/>
          <value value="0911327999"/>
          <use value="home"/>
        </telecom>
        <gender value="female"/>
        <birthDate value="1990-01-01"/>
        <address>
          <use value="home"/>
          <type value="both"/>
          <city value="臺北市"/>
        </address>
        <managingOrganization>
          <reference value="Organization/org-hosp-example"/>
        </managingOrganization>
      </Patient>
    </resource>
  </entry>
  <entry>
    <resource>
      <Encounter>
        <id value="EncounterAdultCheckExample"/>
        <meta>
          <profile value="https://tstifhir.azurehealthcareapis.com/StructureDefinition/Encounter-adultcheck"/>
        </meta>
        <text>
          <status value="generated"/><div xmlns="http://www.w3.org/1999/xhtml"><p><b>Generated Narrative: Encounter</b><a name="EncounterAdultCheckExample"> </a></p><div style="display: inline-block; background-color: #d9e0e7; padding: 6px; margin: 4px; border: 1px solid #8da1b4; border-radius: 5px; line-height: 60%"><p style="margin-bottom: 0px">Resource Encounter &quot;EncounterAdultCheckExample&quot; </p><p style="margin-bottom: 0px">Profile: <a href="StructureDefinition-Encounter-adultcheck.html">Encounter - AdultCheck</a></p></div><p><b>identifier</b>: 全國的個人識別碼: A123456789 (use: OFFICIAL), Medical record number: 8862168 (use: OFFICIAL), HOI: 0123456789 (use: OFFICIAL), Temporary Medical Record Number: 000120230721 (use: OFFICIAL)</p><p><b>status</b>: finished</p><blockquote><p><b>statusHistory</b></p><p><b>status</b>: arrived</p><p><b>period</b>: 2022-08-01 17:00:14-0500 --&gt; (ongoing)</p></blockquote><blockquote><p><b>statusHistory</b></p><p><b>status</b>: arrived</p><p><b>period</b>: 2022-08-05 17:00:14-0500 --&gt; (ongoing)</p></blockquote><p><b>class</b>: AMB (Details: [not stated] code AMB = 'AMB', stated as 'null')</p><p><b>serviceType</b>: 成人預防保健 <span style="background: LightGoldenRodYellow; margin: 4px; border: 1px solid khaki"> ([not stated]#562 &quot;Test Message&quot;)</span></p><p><b>subject</b>: <a href="Patient-pat-example.html">Patient/pat-example</a></p><p><b>serviceProvider</b>: <a href="Organization/organ-example">Organization/organ-example</a></p></div>
        </text>
        <identifier>
          <use value="official"/>
          <type>
            <coding>
              <system value="https://twcore.mohw.gov.tw/ig/twcore/CodeSystem/v2-0203"/>
              <code value="NNTWN"/>
            </coding>
          </type>
          <system value="http://www.moi.gov.tw/"/>
          <value value="A123456789"/>
        </identifier>
        <identifier>
          <use value="official"/>
          <type>
            <coding>
              <system value="http://terminology.hl7.org/CodeSystem/v2-0203"/>
              <code value="MR"/>
            </coding>
          </type>
          <system value="https://www.tph.mohw.gov.tw/"/>
          <value value="8862168"/>
        </identifier>
        <identifier>
          <use value="official"/>
          <type>
            <coding>
              <system value="http://terminology.hl7.org/CodeSystem/v2-0203"/>
              <code value="HOI"/>
            </coding>
          </type>
          <system value="https://twcore.mohw.gov.tw/tsfhir/CodeSystem/organization-identifier-tw"/>
          <value value="0123456789"/>
        </identifier>
        <identifier>
          <use value="official"/>
          <type>
            <coding>
              <system value="http://terminology.hl7.org/CodeSystem/v2-0203"/>
              <code value="MRT"/>
            </coding>
          </type>
          <system value="https://tsti.hospital.com"/>
          <value value="000120230721"/>
        </identifier>
        <status value="finished"/>
        <statusHistory>
          <status value="arrived"/>
          <period>
            <start value="2022-08-01T17:00:14-05:00"/>
          </period>
        </statusHistory>
        <statusHistory>
          <status value="arrived"/>
          <period>
            <start value="2022-08-05T17:00:14-05:00"/>
          </period>
        </statusHistory>
        <class>
          <code value="AMB"/>
        </class>
        <serviceType>
          <coding>
            <code value="562"/>
            <display value="Test Message"/>
          </coding>
          <text value="成人預防保健"/>
        </serviceType>
        <subject>
          <reference value="Patient/pat-example"/>
        </subject>
        <serviceProvider>
          <reference value="Organization/organ-example"/>
        </serviceProvider>
      </Encounter>
    </resource>
  </entry>
  <entry>
    <resource>
      <Condition>
        <id value="ConditionAdultCheckExample"/>
        <meta>
          <profile value="https://tstifhir.azurehealthcareapis.com/StructureDefinition/Condition-adultcheck"/>
        </meta>
        <text>
          <status value="generated"/><div xmlns="http://www.w3.org/1999/xhtml"><p><b>Generated Narrative: Condition</b><a name="ConditionAdultCheckExample"> </a></p><div style="display: inline-block; background-color: #d9e0e7; padding: 6px; margin: 4px; border: 1px solid #8da1b4; border-radius: 5px; line-height: 60%"><p style="margin-bottom: 0px">Resource Condition &quot;ConditionAdultCheckExample&quot; </p><p style="margin-bottom: 0px">Profile: <a href="StructureDefinition-Condition-adultcheck.html">Condition - AdultCheck</a></p></div><p><b>identifier</b>: 全國的個人識別碼: A123456789 (use: OFFICIAL), Medical record number: 8862168 (use: OFFICIAL), HOI: 0123456789 (use: OFFICIAL), Temporary Medical Record Number: 000120230721 (use: OFFICIAL)</p><p><b>clinicalStatus</b>: remission <span style="background: LightGoldenRodYellow; margin: 4px; border: 1px solid khaki"> ([not stated]#remission)</span></p><p><b>verificationStatus</b>: confirmed <span style="background: LightGoldenRodYellow; margin: 4px; border: 1px solid khaki"> ([not stated]#confirmed)</span></p><p><b>category</b>: problem-list-item <span style="background: LightGoldenRodYellow; margin: 4px; border: 1px solid khaki"> ([not stated]#problem-list-item)</span></p><p><b>code</b>: H/O: hypertension <span style="background: LightGoldenRodYellow; margin: 4px; border: 1px solid khaki"> ([not stated]#161501007)</span></p><p><b>subject</b>: <a href="Patient-pat-example.html">Patient/pat-example</a></p><p><b>recordedDate</b>: 2022-08-05 17:00:14-0500</p></div>
        </text>
        <identifier>
          <use value="official"/>
          <type>
            <coding>
              <system value="https://twcore.mohw.gov.tw/ig/twcore/CodeSystem/v2-0203"/>
              <code value="NNTWN"/>
            </coding>
          </type>
          <system value="http://www.moi.gov.tw/"/>
          <value value="A123456789"/>
        </identifier>
        <identifier>
          <use value="official"/>
          <type>
            <coding>
              <system value="http://terminology.hl7.org/CodeSystem/v2-0203"/>
              <code value="MR"/>
            </coding>
          </type>
          <system value="https://www.tph.mohw.gov.tw/"/>
          <value value="8862168"/>
        </identifier>
        <identifier>
          <use value="official"/>
          <type>
            <coding>
              <system value="http://terminology.hl7.org/CodeSystem/v2-0203"/>
              <code value="HOI"/>
            </coding>
          </type>
          <system value="https://twcore.mohw.gov.tw/tsfhir/CodeSystem/organization-identifier-tw"/>
          <value value="0123456789"/>
        </identifier>
        <identifier>
          <use value="official"/>
          <type>
            <coding>
              <system value="http://terminology.hl7.org/CodeSystem/v2-0203"/>
              <code value="MRT"/>
            </coding>
          </type>
          <system value="https://tsti.hospital.com"/>
          <value value="000120230721"/>
        </identifier>
        <clinicalStatus>
          <coding>
            <code value="remission"/>
          </coding>
        </clinicalStatus>
        <verificationStatus>
          <coding>
            <code value="confirmed"/>
          </coding>
        </verificationStatus>
        <category>
          <coding>
            <code value="problem-list-item"/>
          </coding>
        </category>
        <code>
          <coding>
            <code value="161501007"/>
            <display value="H/O: hypertension"/>
          </coding>
        </code>
        <subject>
          <reference value="Patient/pat-example"/>
        </subject>
        <recordedDate value="2022-08-05T17:00:14-05:00"/>
      </Condition>
    </resource>
  </entry>
  <entry>
    <resource>
      <Observation>
        <id value="ObservationDepressionAdultCheckExample"/>
        <meta>
          <profile value="https://tstifhir.azurehealthcareapis.com/StructureDefinition/ObservationDepression-adultcheck"/>
        </meta>
        <text>
          <status value="generated"/><div xmlns="http://www.w3.org/1999/xhtml"><p><b>Generated Narrative: Observation</b><a name="ObservationDepressionAdultCheckExample"> </a></p><div style="display: inline-block; background-color: #d9e0e7; padding: 6px; margin: 4px; border: 1px solid #8da1b4; border-radius: 5px; line-height: 60%"><p style="margin-bottom: 0px">Resource Observation &quot;ObservationDepressionAdultCheckExample&quot; </p><p style="margin-bottom: 0px">Profile: <a href="StructureDefinition-ObservationDepression-adultcheck.html">Observation Depression - AdultCheck</a></p></div><p><b>identifier</b>: 全國的個人識別碼: A123456789 (use: OFFICIAL), Medical record number: 8862168 (use: OFFICIAL), HOI: 0123456789 (use: OFFICIAL), Temporary Medical Record Number: 000120230721 (use: OFFICIAL)</p><p><b>status</b>: preliminary</p><p><b>code</b>: Beck Depression Inventory II [BDI] <span style="background: LightGoldenRodYellow; margin: 4px; border: 1px solid khaki"> (<a href="https://loinc.org/">LOINC</a>#89210-9)</span></p><p><b>subject</b>: <a href="Patient-pat-example.html">Patient/pat-example</a></p><p><b>effective</b>: 2022-08-01 17:00:14-0500</p><p><b>performer</b>: <a href="Practitioner/prac-example">Practitioner/prac-example</a></p><blockquote><p><b>component</b></p><p><b>code</b>: 憂鬱檢測：第一題 感覺情緒低落沮喪 <span style="background: LightGoldenRodYellow; margin: 4px; border: 1px solid khaki"> (<a href="https://browser.ihtsdotools.org/">SNOMED CT</a>#66446005 &quot;Depressed mood&quot;)</span></p><p><b>value</b>: 是</p></blockquote><blockquote><p><b>component</b></p><p><b>code</b>: 憂鬱檢測：第二題做事情失去興趣 <span style="background: LightGoldenRodYellow; margin: 4px; border: 1px solid khaki"> (<a href="https://browser.ihtsdotools.org/">SNOMED CT</a>#713566001 &quot;Lack of interest&quot;)</span></p><p><b>value</b>: 否</p></blockquote></div>
        </text>
        <identifier>
          <use value="official"/>
          <type>
            <coding>
              <system value="https://twcore.mohw.gov.tw/ig/twcore/CodeSystem/v2-0203"/>
              <code value="NNTWN"/>
            </coding>
          </type>
          <system value="http://www.moi.gov.tw/"/>
          <value value="A123456789"/>
        </identifier>
        <identifier>
          <use value="official"/>
          <type>
            <coding>
              <system value="http://terminology.hl7.org/CodeSystem/v2-0203"/>
              <code value="MR"/>
            </coding>
          </type>
          <system value="https://www.tph.mohw.gov.tw/"/>
          <value value="8862168"/>
        </identifier>
        <identifier>
          <use value="official"/>
          <type>
            <coding>
              <system value="http://terminology.hl7.org/CodeSystem/v2-0203"/>
              <code value="HOI"/>
            </coding>
          </type>
          <system value="https://twcore.mohw.gov.tw/tsfhir/CodeSystem/organization-identifier-tw"/>
          <value value="0123456789"/>
        </identifier>
        <identifier>
          <use value="official"/>
          <type>
            <coding>
              <system value="http://terminology.hl7.org/CodeSystem/v2-0203"/>
              <code value="MRT"/>
            </coding>
          </type>
          <system value="https://tsti.hospital.com"/>
          <value value="000120230721"/>
        </identifier>
        <status value="preliminary"/>
        <code>
          <coding>
            <system value="http://loinc.org"/>
            <code value="89210-9"/>
            <display value="Beck Depression Inventory II [BDI]"/>
          </coding>
        </code>
        <subject>
          <reference value="Patient/pat-example"/>
        </subject>
        <effectiveDateTime value="2022-08-01T17:00:14-05:00"/>
        <performer>
          <reference value="Practitioner/prac-example"/>
        </performer>
        <component>
          <code>
            <coding>
              <system value="http://snomed.info/sct"/>
              <code value="66446005"/>
              <display value="Depressed mood"/>
            </coding>
            <text value="憂鬱檢測：第一題 感覺情緒低落沮喪"/>
          </code>
          <valueString value="是"/>
        </component>
        <component>
          <code>
            <coding>
              <system value="http://snomed.info/sct"/>
              <code value="713566001"/>
              <display value="Lack of interest"/>
            </coding>
            <text value="憂鬱檢測：第二題做事情失去興趣"/>
          </code>
          <valueString value="否"/>
        </component>
      </Observation>
    </resource>
  </entry>
  <entry>
    <resource>
      <Observation>
        <id value="ObservationLabAdultCheckExample"/>
        <meta>
          <profile value="https://tstifhir.azurehealthcareapis.com/StructureDefinition/ObservationLab-adultcheck"/>
        </meta>
        <text>
          <status value="generated"/><div xmlns="http://www.w3.org/1999/xhtml"><p><b>Generated Narrative: Observation</b><a name="ObservationLabAdultCheckExample"> </a></p><div style="display: inline-block; background-color: #d9e0e7; padding: 6px; margin: 4px; border: 1px solid #8da1b4; border-radius: 5px; line-height: 60%"><p style="margin-bottom: 0px">Resource Observation &quot;ObservationLabAdultCheckExample&quot; </p><p style="margin-bottom: 0px">Profile: <a href="StructureDefinition-ObservationLab-adultcheck.html">Observation Lab - AdultCheck</a></p></div><p><b>identifier</b>: 全國的個人識別碼: A123456789 (use: OFFICIAL), Medical record number: 8862168 (use: OFFICIAL), HOI: 0123456789 (use: OFFICIAL), Temporary Medical Record Number: 000120230721 (use: OFFICIAL)</p><p><b>status</b>: preliminary</p><p><b>code</b>: 血液及體液葡萄糖 <span style="background: LightGoldenRodYellow; margin: 4px; border: 1px solid khaki"> (<a href="https://twcore.mohw.gov.tw/ig/twcore/0.1.0/CodeSystem-medical-service-payment-tw.html">臺灣醫療服務給付項目</a>#09005C)</span></p><p><b>subject</b>: <a href="Patient-pat-example.html">Patient/pat-example</a></p><p><b>effective</b>: 2022-08-01 17:00:14-0500</p><p><b>performer</b>: <a href="Organization/organ-example">Organization/organ-example</a></p><p><b>value</b>: 15 mg/dl<span style="background: LightGoldenRodYellow"> (Details: UCUM code mg/dl = 'mg/dl')</span></p><h3>ReferenceRanges</h3><table class="grid"><tr><td style="display: none">-</td><td><b>Low</b></td><td><b>High</b></td></tr><tr><td style="display: none">*</td><td>80 mg/dl<span style="background: LightGoldenRodYellow"> (Details: UCUM code mg/dl = 'mg/dl')</span></td><td>120 mg/dl<span style="background: LightGoldenRodYellow"> (Details: UCUM code mg/dl = 'mg/dl')</span></td></tr></table></div>
        </text>
        <identifier>
          <use value="official"/>
          <type>
            <coding>
              <system value="https://twcore.mohw.gov.tw/ig/twcore/CodeSystem/v2-0203"/>
              <code value="NNTWN"/>
            </coding>
          </type>
          <system value="http://www.moi.gov.tw/"/>
          <value value="A123456789"/>
        </identifier>
        <identifier>
          <use value="official"/>
          <type>
            <coding>
              <system value="http://terminology.hl7.org/CodeSystem/v2-0203"/>
              <code value="MR"/>
            </coding>
          </type>
          <system value="https://www.tph.mohw.gov.tw/"/>
          <value value="8862168"/>
        </identifier>
        <identifier>
          <use value="official"/>
          <type>
            <coding>
              <system value="http://terminology.hl7.org/CodeSystem/v2-0203"/>
              <code value="HOI"/>
            </coding>
          </type>
          <system value="https://twcore.mohw.gov.tw/tsfhir/CodeSystem/organization-identifier-tw"/>
          <value value="0123456789"/>
        </identifier>
        <identifier>
          <use value="official"/>
          <type>
            <coding>
              <system value="http://terminology.hl7.org/CodeSystem/v2-0203"/>
              <code value="MRT"/>
            </coding>
          </type>
          <system value="https://tsti.hospital.com"/>
          <value value="000120230721"/>
        </identifier>
        <status value="preliminary"/>
        <code>
          <coding>
            <system value="https://twcore.mohw.gov.tw/ig/twcore/CodeSystem/medical-service-payment-tw"/>
            <code value="09005C"/>
            <display value="血液及體液葡萄糖"/>
          </coding>
        </code>
        <subject>
          <reference value="Patient/pat-example"/>
        </subject>
        <effectiveDateTime value="2022-08-01T17:00:14-05:00"/>
        <performer>
          <reference value="Organization/organ-example"/>
        </performer>
        <valueQuantity>
          <value value="15"/>
          <unit value="mg/dl"/>
          <system value="http://unitsofmeasure.org"/>
          <code value="mg/dl"/>
        </valueQuantity>
        <referenceRange>
          <low>
            <value value="80"/>
            <unit value="mg/dl"/>
            <system value="http://unitsofmeasure.org"/>
            <code value="mg/dl"/>
          </low>
          <high>
            <value value="120"/>
            <unit value="mg/dl"/>
            <system value="http://unitsofmeasure.org"/>
            <code value="mg/dl"/>
          </high>
        </referenceRange>
      </Observation>
    </resource>
  </entry>
  <entry>
    <resource>
      <Observation>
        <id value="ObservationLifeAdultCheckExample"/>
        <meta>
          <profile value="https://tstifhir.azurehealthcareapis.com/StructureDefinition/ObservationLife-adultcheck"/>
        </meta>
        <text>
          <status value="generated"/><div xmlns="http://www.w3.org/1999/xhtml"><p><b>Generated Narrative: Observation</b><a name="ObservationLifeAdultCheckExample"> </a></p><div style="display: inline-block; background-color: #d9e0e7; padding: 6px; margin: 4px; border: 1px solid #8da1b4; border-radius: 5px; line-height: 60%"><p style="margin-bottom: 0px">Resource Observation &quot;ObservationLifeAdultCheckExample&quot; </p><p style="margin-bottom: 0px">Profile: <a href="StructureDefinition-ObservationLife-adultcheck.html">Observation Life - AdultCheck</a></p></div><p><b>identifier</b>: 全國的個人識別碼: A123456789 (use: OFFICIAL), Medical record number: 8862168 (use: OFFICIAL), HOI: 0123456789 (use: OFFICIAL), Temporary Medical Record Number: 000120230721 (use: OFFICIAL)</p><p><b>status</b>: preliminary</p><p><b>category</b>: Social History <span style="background: LightGoldenRodYellow; margin: 4px; border: 1px solid khaki"> (<a href="http://terminology.hl7.org/5.0.0/CodeSystem-observation-category.html">Observation Category Codes</a>#social-history)</span></p><p><b>code</b>: 吸煙 <span style="background: LightGoldenRodYellow; margin: 4px; border: 1px solid khaki"> (<a href="https://browser.ihtsdotools.org/">SNOMED CT</a>#230056004 &quot;Cigarette consumption&quot;)</span></p><p><b>subject</b>: <a href="Patient-pat-example.html">Patient/pat-example</a></p><p><b>effective</b>: 2022-08-01 17:00:14-0500</p><p><b>performer</b>: <a href="Organization/organ-example">Organization/organ-example</a></p><p><b>value</b>: 朋友敬菸或應酬才吸菸</p></div>
        </text>
        <identifier>
          <use value="official"/>
          <type>
            <coding>
              <system value="https://twcore.mohw.gov.tw/ig/twcore/CodeSystem/v2-0203"/>
              <code value="NNTWN"/>
            </coding>
          </type>
          <system value="http://www.moi.gov.tw/"/>
          <value value="A123456789"/>
        </identifier>
        <identifier>
          <use value="official"/>
          <type>
            <coding>
              <system value="http://terminology.hl7.org/CodeSystem/v2-0203"/>
              <code value="MR"/>
            </coding>
          </type>
          <system value="https://www.tph.mohw.gov.tw/"/>
          <value value="8862168"/>
        </identifier>
        <identifier>
          <use value="official"/>
          <type>
            <coding>
              <system value="http://terminology.hl7.org/CodeSystem/v2-0203"/>
              <code value="HOI"/>
            </coding>
          </type>
          <system value="https://twcore.mohw.gov.tw/tsfhir/CodeSystem/organization-identifier-tw"/>
          <value value="0123456789"/>
        </identifier>
        <identifier>
          <use value="official"/>
          <type>
            <coding>
              <system value="http://terminology.hl7.org/CodeSystem/v2-0203"/>
              <code value="MRT"/>
            </coding>
          </type>
          <system value="https://tsti.hospital.com"/>
          <value value="000120230721"/>
        </identifier>
        <status value="preliminary"/>
        <category>
          <coding>
            <system value="http://terminology.hl7.org/CodeSystem/observation-category"/>
            <code value="social-history"/>
            <display value="Social History"/>
          </coding>
        </category>
        <code>
          <coding>
            <system value="http://snomed.info/sct"/>
            <code value="230056004"/>
            <display value="Cigarette consumption"/>
          </coding>
          <text value="吸煙"/>
        </code>
        <subject>
          <reference value="Patient/pat-example"/>
        </subject>
        <effectiveDateTime value="2022-08-01T17:00:14-05:00"/>
        <performer>
          <reference value="Organization/organ-example"/>
        </performer>
        <valueString value="朋友敬菸或應酬才吸菸"/>
      </Observation>
    </resource>
  </entry>
  <entry>
    <resource>
      <Observation>
        <id value="ObservationHeightAdultCheckExample"/>
        <meta>
          <profile value="https://tstifhir.azurehealthcareapis.com/StructureDefinition/ObservationHeight-adultcheck"/>
        </meta>
        <text>
          <status value="generated"/><div xmlns="http://www.w3.org/1999/xhtml"><p><b>Generated Narrative: Observation</b><a name="ObservationHeightAdultCheckExample"> </a></p><div style="display: inline-block; background-color: #d9e0e7; padding: 6px; margin: 4px; border: 1px solid #8da1b4; border-radius: 5px; line-height: 60%"><p style="margin-bottom: 0px">Resource Observation &quot;ObservationHeightAdultCheckExample&quot; </p><p style="margin-bottom: 0px">Profile: <a href="StructureDefinition-ObservationHeight-adultcheck.html">Observation Height - AdultCheck</a></p></div><p><b>identifier</b>: 全國的個人識別碼: A123456789 (use: OFFICIAL), Medical record number: 8862168 (use: OFFICIAL), HOI: 0123456789 (use: OFFICIAL), Temporary Medical Record Number: 000120230721 (use: OFFICIAL)</p><p><b>status</b>: preliminary</p><p><b>category</b>: Vital Signs <span style="background: LightGoldenRodYellow; margin: 4px; border: 1px solid khaki"> (<a href="http://terminology.hl7.org/5.0.0/CodeSystem-observation-category.html">Observation Category Codes</a>#vital-signs)</span></p><p><b>code</b>: Body height <span style="background: LightGoldenRodYellow; margin: 4px; border: 1px solid khaki"> (<a href="https://loinc.org/">LOINC</a>#8302-2)</span></p><p><b>subject</b>: <a href="Patient-pat-example.html">Patient/pat-example</a></p><p><b>effective</b>: 2022-08-01 17:00:14-0500</p><p><b>performer</b>: <a href="Organization/organ-example">Organization/organ-example</a></p><p><b>value</b>: 160 cm<span style="background: LightGoldenRodYellow"> (Details: [not stated] code cm = 'cm')</span></p></div>
        </text>
        <identifier>
          <use value="official"/>
          <type>
            <coding>
              <system value="https://twcore.mohw.gov.tw/ig/twcore/CodeSystem/v2-0203"/>
              <code value="NNTWN"/>
            </coding>
          </type>
          <system value="http://www.moi.gov.tw/"/>
          <value value="A123456789"/>
        </identifier>
        <identifier>
          <use value="official"/>
          <type>
            <coding>
              <system value="http://terminology.hl7.org/CodeSystem/v2-0203"/>
              <code value="MR"/>
            </coding>
          </type>
          <system value="https://www.tph.mohw.gov.tw/"/>
          <value value="8862168"/>
        </identifier>
        <identifier>
          <use value="official"/>
          <type>
            <coding>
              <system value="http://terminology.hl7.org/CodeSystem/v2-0203"/>
              <code value="HOI"/>
            </coding>
          </type>
          <system value="https://twcore.mohw.gov.tw/tsfhir/CodeSystem/organization-identifier-tw"/>
          <value value="0123456789"/>
        </identifier>
        <identifier>
          <use value="official"/>
          <type>
            <coding>
              <system value="http://terminology.hl7.org/CodeSystem/v2-0203"/>
              <code value="MRT"/>
            </coding>
          </type>
          <system value="https://tsti.hospital.com"/>
          <value value="000120230721"/>
        </identifier>
        <status value="preliminary"/>
        <category>
          <coding>
            <system value="http://terminology.hl7.org/CodeSystem/observation-category"/>
            <code value="vital-signs"/>
          </coding>
        </category>
        <code>
          <coding>
            <system value="http://loinc.org"/>
            <code value="8302-2"/>
            <display value="Body height"/>
          </coding>
        </code>
        <subject>
          <reference value="Patient/pat-example"/>
        </subject>
        <effectiveDateTime value="2022-08-01T17:00:14-05:00"/>
        <performer>
          <reference value="Organization/organ-example"/>
        </performer>
        <valueQuantity>
          <value value="160"/>
          <unit value="cm"/>
          <code value="cm"/>
        </valueQuantity>
      </Observation>
    </resource>
  </entry>
  <entry>
    <resource>
      <Observation>
        <id value="ObservationWeightAdultCheckExample"/>
        <meta>
          <profile value="https://tstifhir.azurehealthcareapis.com/StructureDefinition/ObservationWeight-adultcheck"/>
        </meta>
        <text>
          <status value="generated"/><div xmlns="http://www.w3.org/1999/xhtml"><p><b>Generated Narrative: Observation</b><a name="ObservationWeightAdultCheckExample"> </a></p><div style="display: inline-block; background-color: #d9e0e7; padding: 6px; margin: 4px; border: 1px solid #8da1b4; border-radius: 5px; line-height: 60%"><p style="margin-bottom: 0px">Resource Observation &quot;ObservationWeightAdultCheckExample&quot; </p><p style="margin-bottom: 0px">Profile: <a href="StructureDefinition-ObservationWeight-adultcheck.html">Observation Weight - AdultCheck</a></p></div><p><b>identifier</b>: 全國的個人識別碼: A123456789 (use: OFFICIAL), Medical record number: 8862168 (use: OFFICIAL), HOI: 0123456789 (use: OFFICIAL), Temporary Medical Record Number: 000120230721 (use: OFFICIAL)</p><p><b>status</b>: preliminary</p><p><b>category</b>: Vital Signs <span style="background: LightGoldenRodYellow; margin: 4px; border: 1px solid khaki"> (<a href="http://terminology.hl7.org/5.0.0/CodeSystem-observation-category.html">Observation Category Codes</a>#vital-signs)</span></p><p><b>code</b>: Body weight <span style="background: LightGoldenRodYellow; margin: 4px; border: 1px solid khaki"> (<a href="https://loinc.org/">LOINC</a>#29463-7)</span></p><p><b>subject</b>: <a href="Patient-pat-example.html">Patient/pat-example</a></p><p><b>effective</b>: 2022-08-01 17:00:14-0500</p><p><b>performer</b>: <a href="Organization/organ-example">Organization/organ-example</a></p><p><b>value</b>: 50 kg<span style="background: LightGoldenRodYellow"> (Details: [not stated] code kg = 'kg')</span></p></div>
        </text>
        <identifier>
          <use value="official"/>
          <type>
            <coding>
              <system value="https://twcore.mohw.gov.tw/ig/twcore/CodeSystem/v2-0203"/>
              <code value="NNTWN"/>
            </coding>
          </type>
          <system value="http://www.moi.gov.tw/"/>
          <value value="A123456789"/>
        </identifier>
        <identifier>
          <use value="official"/>
          <type>
            <coding>
              <system value="http://terminology.hl7.org/CodeSystem/v2-0203"/>
              <code value="MR"/>
            </coding>
          </type>
          <system value="https://www.tph.mohw.gov.tw/"/>
          <value value="8862168"/>
        </identifier>
        <identifier>
          <use value="official"/>
          <type>
            <coding>
              <system value="http://terminology.hl7.org/CodeSystem/v2-0203"/>
              <code value="HOI"/>
            </coding>
          </type>
          <system value="https://twcore.mohw.gov.tw/tsfhir/CodeSystem/organization-identifier-tw"/>
          <value value="0123456789"/>
        </identifier>
        <identifier>
          <use value="official"/>
          <type>
            <coding>
              <system value="http://terminology.hl7.org/CodeSystem/v2-0203"/>
              <code value="MRT"/>
            </coding>
          </type>
          <system value="https://tsti.hospital.com"/>
          <value value="000120230721"/>
        </identifier>
        <status value="preliminary"/>
        <category>
          <coding>
            <system value="http://terminology.hl7.org/CodeSystem/observation-category"/>
            <code value="vital-signs"/>
          </coding>
        </category>
        <code>
          <coding>
            <system value="http://loinc.org"/>
            <code value="29463-7"/>
            <display value="Body weight"/>
          </coding>
        </code>
        <subject>
          <reference value="Patient/pat-example"/>
        </subject>
        <effectiveDateTime value="2022-08-01T17:00:14-05:00"/>
        <performer>
          <reference value="Organization/organ-example"/>
        </performer>
        <valueQuantity>
          <value value="50"/>
          <unit value="kg"/>
          <code value="kg"/>
        </valueQuantity>
      </Observation>
    </resource>
  </entry>
  <entry>
    <resource>
      <Observation>
        <id value="ObservationWaistAdultCheckExample"/>
        <meta>
          <profile value="https://tstifhir.azurehealthcareapis.com/StructureDefinition/ObservationWaist-adultcheck"/>
        </meta>
        <text>
          <status value="generated"/><div xmlns="http://www.w3.org/1999/xhtml"><p><b>Generated Narrative: Observation</b><a name="ObservationWaistAdultCheckExample"> </a></p><div style="display: inline-block; background-color: #d9e0e7; padding: 6px; margin: 4px; border: 1px solid #8da1b4; border-radius: 5px; line-height: 60%"><p style="margin-bottom: 0px">Resource Observation &quot;ObservationWaistAdultCheckExample&quot; </p><p style="margin-bottom: 0px">Profile: <a href="StructureDefinition-ObservationWaist-adultcheck.html">Observation Waist - AdultCheck</a></p></div><p><b>identifier</b>: 全國的個人識別碼: A123456789 (use: OFFICIAL), Medical record number: 8862168 (use: OFFICIAL), HOI: 0123456789 (use: OFFICIAL), Temporary Medical Record Number: 000120230721 (use: OFFICIAL)</p><p><b>status</b>: preliminary</p><p><b>category</b>: Vital Signs <span style="background: LightGoldenRodYellow; margin: 4px; border: 1px solid khaki"> (<a href="http://terminology.hl7.org/5.0.0/CodeSystem-observation-category.html">Observation Category Codes</a>#vital-signs)</span></p><p><b>code</b>: Waist Circumference by WHI <span style="background: LightGoldenRodYellow; margin: 4px; border: 1px solid khaki"> (<a href="https://loinc.org/">LOINC</a>#56117-5)</span></p><p><b>subject</b>: <a href="Patient-pat-example.html">Patient/pat-example</a></p><p><b>effective</b>: 2022-08-01 17:00:14-0500</p><p><b>performer</b>: <a href="Organization/organ-example">Organization/organ-example</a></p><p><b>value</b>: 30 inch<span style="background: LightGoldenRodYellow"> (Details: [not stated] code inches = 'inches')</span></p></div>
        </text>
        <identifier>
          <use value="official"/>
          <type>
            <coding>
              <system value="https://twcore.mohw.gov.tw/ig/twcore/CodeSystem/v2-0203"/>
              <code value="NNTWN"/>
            </coding>
          </type>
          <system value="http://www.moi.gov.tw/"/>
          <value value="A123456789"/>
        </identifier>
        <identifier>
          <use value="official"/>
          <type>
            <coding>
              <system value="http://terminology.hl7.org/CodeSystem/v2-0203"/>
              <code value="MR"/>
            </coding>
          </type>
          <system value="https://www.tph.mohw.gov.tw/"/>
          <value value="8862168"/>
        </identifier>
        <identifier>
          <use value="official"/>
          <type>
            <coding>
              <system value="http://terminology.hl7.org/CodeSystem/v2-0203"/>
              <code value="HOI"/>
            </coding>
          </type>
          <system value="https://twcore.mohw.gov.tw/tsfhir/CodeSystem/organization-identifier-tw"/>
          <value value="0123456789"/>
        </identifier>
        <identifier>
          <use value="official"/>
          <type>
            <coding>
              <system value="http://terminology.hl7.org/CodeSystem/v2-0203"/>
              <code value="MRT"/>
            </coding>
          </type>
          <system value="https://tsti.hospital.com"/>
          <value value="000120230721"/>
        </identifier>
        <status value="preliminary"/>
        <category>
          <coding>
            <system value="http://terminology.hl7.org/CodeSystem/observation-category"/>
            <code value="vital-signs"/>
          </coding>
        </category>
        <code>
          <coding>
            <system value="http://loinc.org"/>
            <code value="56117-5"/>
            <display value="Waist Circumference by WHI"/>
          </coding>
        </code>
        <subject>
          <reference value="Patient/pat-example"/>
        </subject>
        <effectiveDateTime value="2022-08-01T17:00:14-05:00"/>
        <performer>
          <reference value="Organization/organ-example"/>
        </performer>
        <valueQuantity>
          <value value="30"/>
          <unit value="inch"/>
          <code value="inches"/>
        </valueQuantity>
      </Observation>
    </resource>
  </entry>
  <entry>
    <resource>
      <Observation>
        <id value="ObservationBMIAdultCheckExample"/>
        <meta>
          <profile value="https://tstifhir.azurehealthcareapis.com/StructureDefinition/ObservationBMI-adultcheck"/>
        </meta>
        <text>
          <status value="generated"/><div xmlns="http://www.w3.org/1999/xhtml"><p><b>Generated Narrative: Observation</b><a name="ObservationBMIAdultCheckExample"> </a></p><div style="display: inline-block; background-color: #d9e0e7; padding: 6px; margin: 4px; border: 1px solid #8da1b4; border-radius: 5px; line-height: 60%"><p style="margin-bottom: 0px">Resource Observation &quot;ObservationBMIAdultCheckExample&quot; </p><p style="margin-bottom: 0px">Profile: <a href="StructureDefinition-ObservationBMI-adultcheck.html">Observation BMI - AdultCheck</a></p></div><p><b>identifier</b>: 全國的個人識別碼: A123456789 (use: OFFICIAL), Medical record number: 8862168 (use: OFFICIAL), HOI: 0123456789 (use: OFFICIAL), Temporary Medical Record Number: 000120230721 (use: OFFICIAL)</p><p><b>status</b>: preliminary</p><p><b>category</b>: Vital Signs <span style="background: LightGoldenRodYellow; margin: 4px; border: 1px solid khaki"> (<a href="http://terminology.hl7.org/5.0.0/CodeSystem-observation-category.html">Observation Category Codes</a>#vital-signs)</span></p><p><b>code</b>: Body mass index <span style="background: LightGoldenRodYellow; margin: 4px; border: 1px solid khaki"> (<a href="https://loinc.org/">LOINC</a>#39156-5)</span></p><p><b>subject</b>: <a href="Patient-pat-example.html">Patient/pat-example</a></p><p><b>effective</b>: 2022-08-01 17:00:14-0500</p><p><b>performer</b>: <a href="Organization/organ-example">Organization/organ-example</a></p><p><b>value</b>: 18 kg/m2<span style="background: LightGoldenRodYellow"> (Details: UCUM code kg/m2 = 'kg/m2')</span></p></div>
        </text>
        <identifier>
          <use value="official"/>
          <type>
            <coding>
              <system value="https://twcore.mohw.gov.tw/ig/twcore/CodeSystem/v2-0203"/>
              <code value="NNTWN"/>
            </coding>
          </type>
          <system value="http://www.moi.gov.tw/"/>
          <value value="A123456789"/>
        </identifier>
        <identifier>
          <use value="official"/>
          <type>
            <coding>
              <system value="http://terminology.hl7.org/CodeSystem/v2-0203"/>
              <code value="MR"/>
            </coding>
          </type>
          <system value="https://www.tph.mohw.gov.tw/"/>
          <value value="8862168"/>
        </identifier>
        <identifier>
          <use value="official"/>
          <type>
            <coding>
              <system value="http://terminology.hl7.org/CodeSystem/v2-0203"/>
              <code value="HOI"/>
            </coding>
          </type>
          <system value="https://twcore.mohw.gov.tw/tsfhir/CodeSystem/organization-identifier-tw"/>
          <value value="0123456789"/>
        </identifier>
        <identifier>
          <use value="official"/>
          <type>
            <coding>
              <system value="http://terminology.hl7.org/CodeSystem/v2-0203"/>
              <code value="MRT"/>
            </coding>
          </type>
          <system value="https://tsti.hospital.com"/>
          <value value="000120230721"/>
        </identifier>
        <status value="preliminary"/>
        <category>
          <coding>
            <system value="http://terminology.hl7.org/CodeSystem/observation-category"/>
            <code value="vital-signs"/>
          </coding>
        </category>
        <code>
          <coding>
            <system value="http://loinc.org"/>
            <code value="39156-5"/>
            <display value="Body mass index"/>
          </coding>
        </code>
        <subject>
          <reference value="Patient/pat-example"/>
        </subject>
        <effectiveDateTime value="2022-08-01T17:00:14-05:00"/>
        <performer>
          <reference value="Organization/organ-example"/>
        </performer>
        <valueQuantity>
          <value value="18"/>
          <unit value="kg/m2"/>
          <system value="http://unitsofmeasure.org"/>
          <code value="kg/m2"/>
        </valueQuantity>
      </Observation>
    </resource>
  </entry>
  <entry>
    <resource>
      <DiagnosticReport>
        <id value="DiagnosticReportAdultCheckExample"/>
        <meta>
          <profile value="https://tstifhir.azurehealthcareapis.com/StructureDefinition/DiagnosticReport-adultcheck"/>
        </meta>
        <text>
          <status value="generated"/><div xmlns="http://www.w3.org/1999/xhtml"><p><b>Generated Narrative: DiagnosticReport</b><a name="DiagnosticReportAdultCheckExample"> </a></p><div style="display: inline-block; background-color: #d9e0e7; padding: 6px; margin: 4px; border: 1px solid #8da1b4; border-radius: 5px; line-height: 60%"><p style="margin-bottom: 0px">Resource DiagnosticReport &quot;DiagnosticReportAdultCheckExample&quot; </p><p style="margin-bottom: 0px">Profile: <a href="StructureDefinition-DiagnosticReport-adultcheck.html">DiagnosticReport - AdultCheck</a></p></div><p><b>identifier</b>: 全國的個人識別碼: A123456789 (use: OFFICIAL), Medical record number: 8862168 (use: OFFICIAL), HOI: 0123456789 (use: OFFICIAL), Temporary Medical Record Number: 000120230721 (use: OFFICIAL)</p><p><b>status</b>: final</p><p><b>category</b>: Laboratory <span style="background: LightGoldenRodYellow; margin: 4px; border: 1px solid khaki"> (<a href="http://terminology.hl7.org/5.0.0/CodeSystem-v2-0074.html">diagnosticServiceSectionId</a>#LAB)</span></p><p><b>code</b>: 尿蛋白 <span style="background: LightGoldenRodYellow; margin: 4px; border: 1px solid khaki"> (<a href="https://twcore.mohw.gov.tw/ig/twcore/0.1.0/CodeSystem-medical-service-payment-tw.html">臺灣醫療服務給付項目</a>#06003C)</span></p><p><b>subject</b>: <a href="Patient-pat-example.html">Patient/pat-example</a></p><p><b>effective</b>: 2022-08-01 17:00:14-0500</p><p><b>issued</b>: 2022年8月3日 上午6:00:14</p><p><b>performer</b>: <a href="Organization/organ-example">Organization/organ-example</a></p><p><b>resultsInterpreter</b>: <a href="Organization/organ-example">Organization/organ-example</a></p><p><b>conclusion</b>: 建議進一步檢查</p></div>
        </text>
        <identifier>
          <use value="official"/>
          <type>
            <coding>
              <system value="https://twcore.mohw.gov.tw/ig/twcore/CodeSystem/v2-0203"/>
              <code value="NNTWN"/>
            </coding>
          </type>
          <system value="http://www.moi.gov.tw/"/>
          <value value="A123456789"/>
        </identifier>
        <identifier>
          <use value="official"/>
          <type>
            <coding>
              <system value="http://terminology.hl7.org/CodeSystem/v2-0203"/>
              <code value="MR"/>
            </coding>
          </type>
          <system value="https://www.tph.mohw.gov.tw/"/>
          <value value="8862168"/>
        </identifier>
        <identifier>
          <use value="official"/>
          <type>
            <coding>
              <system value="http://terminology.hl7.org/CodeSystem/v2-0203"/>
              <code value="HOI"/>
            </coding>
          </type>
          <system value="https://twcore.mohw.gov.tw/tsfhir/CodeSystem/organization-identifier-tw"/>
          <value value="0123456789"/>
        </identifier>
        <identifier>
          <use value="official"/>
          <type>
            <coding>
              <system value="http://terminology.hl7.org/CodeSystem/v2-0203"/>
              <code value="MRT"/>
            </coding>
          </type>
          <system value="https://tsti.hospital.com"/>
          <value value="000120230721"/>
        </identifier>
        <status value="final"/>
        <category>
          <coding>
            <system value="http://terminology.hl7.org/CodeSystem/v2-0074"/>
            <code value="LAB"/>
            <display value="Laboratory"/>
          </coding>
        </category>
        <code>
          <coding>
            <system value="https://twcore.mohw.gov.tw/ig/twcore/CodeSystem/medical-service-payment-tw"/>
            <code value="06003C"/>
            <display value="尿蛋白"/>
          </coding>
        </code>
        <subject>
          <reference value="Patient/pat-example"/>
        </subject>
        <effectiveDateTime value="2022-08-01T17:00:14-05:00"/>
        <issued value="2022-08-02T17:00:14-05:00"/>
        <performer>
          <reference value="Organization/organ-example"/>
        </performer>
        <resultsInterpreter>
          <reference value="Organization/organ-example"/>
        </resultsInterpreter>
        <conclusion value="建議進一步檢查"/>
      </DiagnosticReport>
    </resource>
  </entry>
</Bundle>