<?xml version="1.0" encoding="UTF-8"?>

<Composition xmlns="http://hl7.org/fhir">
  <id value="composition-example"/>
  <meta>
    <profile value="https://tstifhir.azurehealthcareapis.com/StructureDefinition/Composition-adultcheck"/>
  </meta>
  <text>
    <status value="generated"/><div xmlns="http://www.w3.org/1999/xhtml"><p><b>Generated Narrative: Composition</b><a name="composition-example"> </a></p><div style="display: inline-block; background-color: #d9e0e7; padding: 6px; margin: 4px; border: 1px solid #8da1b4; border-radius: 5px; line-height: 60%"><p style="margin-bottom: 0px">Resource Composition &quot;composition-example&quot; </p><p style="margin-bottom: 0px">Profile: <a href="StructureDefinition-Composition-adultcheck.html">Composition - AdultCheck</a></p></div><p><b>identifier</b>: Temporary Medical Record Number: 000120230721 (use: OFFICIAL)</p><p><b>status</b>: final</p><p><b>type</b>: General medicine Hospital Progress note <span style="background: LightGoldenRodYellow; margin: 4px; border: 1px solid khaki"> (<a href="https://loinc.org/">LOINC</a>#100574-3)</span></p><p><b>encounter</b>: <a href="Encounter-encounter-example.html">Encounter/encounter-example</a></p><p><b>date</b>: 2022-08-01 17:00:14-0500</p><p><b>author</b>: <a href="Organization-org-hosp-example.html">Organization/org-hosp-example</a> &quot;衛生福利部臺北醫院&quot;</p><p><b>title</b>: 成人健康檢查問卷</p></div>
  </text>
  <identifier>
    <use value="official"/>
    <type>
      <coding>
        <system value="http://terminology.hl7.org/CodeSystem/v2-0203"/>
        <code value="MRT"/>
      </coding>
    </type>
    <system value="https://tsti.hospital.com"/>
    <value value="000120230721"/>
  </identifier>
  <status value="final"/>
  <type>
    <coding>
      <system value="http://loinc.org"/>
      <code value="100574-3"/>
      <display value="General medicine Hospital Progress note"/>
    </coding>
  </type>
  <subject>
    <reference value="Patient/patient-example"/>
  </subject>
  <encounter>
    <reference value="Encounter/encounter-example"/>
  </encounter>
  <date value="2022-08-01T17:00:14-05:00"/>
  <author>
    <reference value="Organization/org-hosp-example"/>
  </author>
  <title value="成人健康檢查問卷"/>
  <section>
    <title value="疾病史-高血壓"/>
    <code>
      <coding>
        <system value="http://loinc.org"/>
        <code value="34117-2"/>
        <display value="History and physical note"/>
      </coding>
    </code>
    <entry>
      <reference value="Condition/condition-bp-example"/>
    </entry>
  </section>
  <section>
    <title value="生理量測-身高"/>
    <code>
      <coding>
        <system value="http://loinc.org"/>
        <code value="85353-1"/>
        <display value="Vital signs, weight, height, head circumference, oxygen saturation and BMI panel"/>
      </coding>
    </code>
    <entry>
      <reference value="Observation/observation-height-example"/>
    </entry>
  </section>
  <section>
    <title value="生理量測-體重"/>
    <code>
      <coding>
        <system value="http://loinc.org"/>
        <code value="85353-1"/>
        <display value="Vital signs, weight, height, head circumference, oxygen saturation and BMI panel"/>
      </coding>
    </code>
    <entry>
      <reference value="Observation/observation-weight-example"/>
    </entry>
  </section>
  <section>
    <title value="生理量測-BMI"/>
    <code>
      <coding>
        <system value="http://loinc.org"/>
        <code value="85353-1"/>
        <display value="Vital signs, weight, height, head circumference, oxygen saturation and BMI panel"/>
      </coding>
    </code>
    <entry>
      <reference value="Observation/observation-bmi-example"/>
    </entry>
  </section>
  <section>
    <title value="生理量測-血壓"/>
    <code>
      <coding>
        <system value="http://loinc.org"/>
        <code value="85353-1"/>
        <display value="Vital signs, weight, height, head circumference, oxygen saturation and BMI panel"/>
      </coding>
    </code>
    <entry>
      <reference value="Observation/observation-pressure-example"/>
    </entry>
  </section>
  <section>
    <title value="生理量測-腰圍"/>
    <code>
      <coding>
        <system value="http://loinc.org"/>
        <code value="85353-1"/>
        <display value="Vital signs, weight, height, head circumference, oxygen saturation and BMI panel"/>
      </coding>
    </code>
    <entry>
      <reference value="Observation/observation-waist-example"/>
    </entry>
  </section>
  <section>
    <title value="血糖"/>
    <code>
      <coding>
        <system value="http://loinc.org"/>
        <code value="19146-0"/>
        <display value="Referral lab test results"/>
      </coding>
    </code>
    <entry>
      <reference value="Observation/observation-lab-example"/>
    </entry>
  </section>
  <section>
    <title value="憂鬱檢測"/>
    <code>
      <coding>
        <system value="http://loinc.org"/>
        <code value="73832-8"/>
        <display value="Adult depression screening assessment"/>
      </coding>
    </code>
    <entry>
      <reference value="Observation/observation-depress-example"/>
    </entry>
  </section>
  <section>
    <title value="生活史-吸煙"/>
    <code>
      <coding>
        <system value="http://loinc.org"/>
        <code value="35090-0"/>
        <display value="Patient history"/>
      </coding>
    </code>
    <entry>
      <reference value="Observation/observation-smoke-example"/>
    </entry>
  </section>
  <section>
    <title value="腎功能檢查結果判讀"/>
    <code>
      <coding>
        <system value="http://loinc.org"/>
        <code value="50398-7"/>
        <display value="Narrative diagnostic report [Interpretation]"/>
      </coding>
    </code>
    <entry>
      <reference value="DiagnosticReport/diag-kidney-example"/>
    </entry>
  </section>
</Composition>