<?xml version="1.0" encoding="UTF-8"?>

<Observation xmlns="http://hl7.org/fhir">
  <id value="observation-lab-got-example"/>
  <meta>
    <profile value="https://tstifhir.azurehealthcareapis.com/StructureDefinition/ObservationLab-adultcheck"/>
  </meta>
  <text>
    <status value="generated"/><div xmlns="http://www.w3.org/1999/xhtml"><p><b>Generated Narrative: Observation</b><a name="observation-lab-got-example"> </a></p><div style="display: inline-block; background-color: #d9e0e7; padding: 6px; margin: 4px; border: 1px solid #8da1b4; border-radius: 5px; line-height: 60%"><p style="margin-bottom: 0px">Resource Observation &quot;observation-lab-got-example&quot; </p><p style="margin-bottom: 0px">Profile: <a href="StructureDefinition-ObservationLab-adultcheck.html">Observation Lab - AdultCheck</a></p></div><p><b>identifier</b>: Temporary Medical Record Number: 000120230721 (use: OFFICIAL)</p><p><b>status</b>: preliminary</p><p><b>code</b>: 血清麩胺酸苯醋酸轉氨基脢 <span style="background: LightGoldenRodYellow; margin: 4px; border: 1px solid khaki"> (<a href="https://twcore.mohw.gov.tw/ig/twcore/0.1.1/CodeSystem-medical-service-payment-tw.html">臺灣醫療服務給付項目</a>#09025C)</span></p><p><b>subject</b>: <a href="Patient-patient-example.html">Patient/patient-example</a> &quot;&quot;</p><p><b>effective</b>: 2022-08-01 17:00:14-0500</p><p><b>performer</b>: <a href="Organization-org-test-example.html">Organization/org-test-example</a> &quot;聯合醫學檢驗所&quot;</p><p><b>value</b>: 10 IU/l</p><h3>ReferenceRanges</h3><table class="grid"><tr><td style="display: none">-</td><td><b>Low</b></td><td><b>High</b></td></tr><tr><td style="display: none">*</td><td>10 IU/l</td><td>40 IU/l</td></tr></table></div>
  </text>
  <identifier>
    <use value="official"/>
    <type>
      <coding>
        <system value="http://terminology.hl7.org/CodeSystem/v2-0203"/>
        <code value="MRT"/>
      </coding>
    </type>
    <system value="https://tsti.hospital.com"/>
    <value value="000120230721"/>
  </identifier>
  <status value="preliminary"/>
  <code>
    <coding>
      <system value="https://twcore.mohw.gov.tw/ig/twcore/CodeSystem/medical-service-payment-tw"/>
      <code value="09025C"/>
      <display value="血清麩胺酸苯醋酸轉氨基脢"/>
    </coding>
  </code>
  <subject>
    <reference value="Patient/patient-example"/>
  </subject>
  <effectiveDateTime value="2022-08-01T17:00:14-05:00"/>
  <performer>
    <reference value="Organization/org-test-example"/>
  </performer>
  <valueQuantity>
    <value value="10"/>
    <unit value="IU/l"/>
  </valueQuantity>
  <referenceRange>
    <low>
      <value value="10"/>
      <unit value="IU/l"/>
    </low>
    <high>
      <value value="40"/>
      <unit value="IU/l"/>
    </high>
  </referenceRange>
</Observation>