<?xml version="1.0" encoding="UTF-8"?>

<Observation xmlns="http://hl7.org/fhir">
  <id value="observation-lab-urate-example"/>
  <meta>
    <profile value="https://twhpa.tsti.com/StructureDefinition/ObservationLab-HPA"/>
  </meta>
  <text>
    <status value="generated"/><div xmlns="http://www.w3.org/1999/xhtml"><p class="res-header-id"><b>Generated Narrative: Observation observation-lab-urate-example</b></p><a name="observation-lab-urate-example"> </a><a name="hcobservation-lab-urate-example"> </a><a name="observation-lab-urate-example-en-US"> </a><div style="display: inline-block; background-color: #d9e0e7; padding: 6px; margin: 4px; border: 1px solid #8da1b4; border-radius: 5px; line-height: 60%"><p style="margin-bottom: 0px"/><p style="margin-bottom: 0px">Profile: <a href="StructureDefinition-ObservationLab-HPA.html">成人預防保健-實驗室檢查</a></p></div><p><b>identifier</b>: <code>https://etatung.com/idenitifer</code>/000120230721</p><p><b>status</b>: Final</p><p><b>category</b>: <span title="Codes:{http://terminology.hl7.org/CodeSystem/observation-category laboratory}">Laboratory</span></p><p><b>code</b>: <span title="Codes:{http://loinc.org 3084-1}">尿酸</span></p><p><b>subject</b>: <a href="Patient-patient-example.html">陳加玲(official) Female, DoB: 1990-01-01 ( Medical record number (use: official, ))</a></p><p><b>effective</b>: 2022-08-01 17:00:14-0500</p><p><b>issued</b>: 2022-08-14 13:28:17+0200</p><p><b>performer</b>: <a href="Practitioner-practitioner-first-example.html">Practitioner 王依昇(official)</a></p><p><b>value</b>: 58.2 mg/dl<span style="background: LightGoldenRodYellow"> (Details: UCUM  codemg/dl = 'mg/dl')</span></p></div>
  </text>
  <identifier>
    <system value="https://etatung.com/idenitifer"/>
    <value value="000120230721"/>
  </identifier>
  <status value="final"/>
  <category>
    <coding>
      <system value="http://terminology.hl7.org/CodeSystem/observation-category"/>
      <code value="laboratory"/>
      <display value="Laboratory"/>
    </coding>
  </category>
  <code>
    <coding>
      <system value="http://loinc.org"/>
      <code value="3084-1"/>
      <display value="Urate [Mass/volume] in Serum or Plasma"/>
    </coding>
    <text value="尿酸"/>
  </code>
  <subject>
    <reference value="Patient/patient-example"/>
  </subject>
  <effectiveDateTime value="2022-08-01T17:00:14-05:00"/>
  <issued value="2022-08-14T13:28:17.239+02:00"/>
  <performer>
    <reference value="Practitioner/practitioner-first-example"/>
  </performer>
  <valueQuantity>
    <value value="58.2"/>
    <unit value="mg/dl"/>
    <system value="http://unitsofmeasure.org"/>
    <code value="mg/dl"/>
  </valueQuantity>
</Observation>