<?xml version="1.0" encoding="UTF-8"?>

<Observation xmlns="http://hl7.org/fhir">
  <id value="observation-bmi-example"/>
  <meta>
    <profile value="https://tstifhir.azurehealthcareapis.com/StructureDefinition/ObservationBMI-adultcheck"/>
  </meta>
  <text>
    <status value="generated"/><div xmlns="http://www.w3.org/1999/xhtml"><p><b>Generated Narrative: Observation</b><a name="observation-bmi-example"> </a></p><div style="display: inline-block; background-color: #d9e0e7; padding: 6px; margin: 4px; border: 1px solid #8da1b4; border-radius: 5px; line-height: 60%"><p style="margin-bottom: 0px">Resource Observation &quot;observation-bmi-example&quot; </p><p style="margin-bottom: 0px">Profile: <a href="StructureDefinition-ObservationBMI-adultcheck.html">Observation BMI - AdultCheck</a></p></div><p><b>identifier</b>: Temporary Medical Record Number: 000120230721 (use: OFFICIAL)</p><p><b>status</b>: preliminary</p><p><b>category</b>: Vital Signs <span style="background: LightGoldenRodYellow; margin: 4px; border: 1px solid khaki"> (<a href="http://terminology.hl7.org/5.0.0/CodeSystem-observation-category.html">Observation Category Codes</a>#vital-signs)</span></p><p><b>code</b>: 39156-5 <span style="background: LightGoldenRodYellow; margin: 4px; border: 1px solid khaki"> (<a href="https://loinc.org/">LOINC</a>#39156-5)</span></p><p><b>subject</b>: <a href="Patient-patient-example.html">Patient/patient-example</a> &quot;&quot;</p><p><b>effective</b>: 2022-08-01 17:00:14-0500</p><p><b>performer</b>: <a href="Organization-org-test-example.html">Organization/org-test-example</a> &quot;聯合醫學檢驗所&quot;</p><p><b>value</b>: 18 kg/m2<span style="background: LightGoldenRodYellow"> (Details: UCUM code kg/m2 = 'kg/m2')</span></p></div>
  </text>
  <identifier>
    <use value="official"/>
    <type>
      <coding>
        <system value="http://terminology.hl7.org/CodeSystem/v2-0203"/>
        <code value="MRT"/>
      </coding>
    </type>
    <system value="https://tsti.hospital.com"/>
    <value value="000120230721"/>
  </identifier>
  <status value="preliminary"/>
  <category>
    <coding>
      <system value="http://terminology.hl7.org/CodeSystem/observation-category"/>
      <code value="vital-signs"/>
    </coding>
  </category>
  <code>
    <coding>
      <system value="http://loinc.org"/>
      <code value="39156-5"/>
    </coding>
  </code>
  <subject>
    <reference value="Patient/patient-example"/>
  </subject>
  <effectiveDateTime value="2022-08-01T17:00:14-05:00"/>
  <performer>
    <reference value="Organization/org-test-example"/>
  </performer>
  <valueQuantity>
    <value value="18"/>
    <unit value="kg/m2"/>
    <system value="http://unitsofmeasure.org"/>
    <code value="kg/m2"/>
  </valueQuantity>
</Observation>