<?xml version="1.0" encoding="UTF-8"?>

<Observation xmlns="http://hl7.org/fhir">
  <id value="observation-height-example"/>
  <meta>
    <profile value="https://twhpa.tsti.com/StructureDefinition/ObservationHeight-HPA"/>
  </meta>
  <text>
    <status value="generated"/><div xmlns="http://www.w3.org/1999/xhtml"><p class="res-header-id"><b>Generated Narrative: Observation observation-height-example</b></p><a name="observation-height-example"> </a><a name="hcobservation-height-example"> </a><a name="observation-height-example-en-US"> </a><div style="display: inline-block; background-color: #d9e0e7; padding: 6px; margin: 4px; border: 1px solid #8da1b4; border-radius: 5px; line-height: 60%"><p style="margin-bottom: 0px"/><p style="margin-bottom: 0px">Profile: <a href="StructureDefinition-ObservationHeight-HPA.html">成人預防保健-身體檢查-身高</a></p></div><p><b>identifier</b>: <code>https://etatung.com/idenitifer</code>/000120230721</p><p><b>status</b>: Final</p><p><b>category</b>: <span title="Codes:{http://terminology.hl7.org/CodeSystem/observation-category vital-signs}">Vital Signs</span></p><p><b>code</b>: <span title="Codes:{http://loinc.org 8302-2}">Body height</span></p><p><b>subject</b>: <a href="Patient-patient-example.html">陳加玲(official) Female, DoB: 1990-01-01 ( Medical record number (use: official, ))</a></p><p><b>encounter</b>: <a href="Encounter-encounter-example.html">Encounter: identifier = https://etatung.com/idenitifer#000120230721; status = finished; class = ambulatory (ActCode#AMB); serviceType = Family practice; period = 2022-08-01 17:00:14+0800 --&gt; 2022-08-12 09:00:14+0000</a></p><p><b>effective</b>: 2022-08-01 17:00:14-0500</p><p><b>issued</b>: 2022-08-14 13:28:17+0200</p><p><b>performer</b>: <a href="Practitioner-practitioner-first-example.html">Practitioner 王依昇(official)</a></p><p><b>value</b>: 151.5 cm<span style="background: LightGoldenRodYellow"> (Details: UCUM  codecm = 'cm')</span></p></div>
  </text>
  <identifier>
    <system value="https://etatung.com/idenitifer"/>
    <value value="000120230721"/>
  </identifier>
  <status value="final"/>
  <category>
    <coding>
      <system value="http://terminology.hl7.org/CodeSystem/observation-category"/>
      <code value="vital-signs"/>
      <display value="Vital Signs"/>
    </coding>
  </category>
  <code>
    <coding>
      <system value="http://loinc.org"/>
      <code value="8302-2"/>
      <display value="Body height"/>
    </coding>
  </code>
  <subject>
    <reference value="Patient/patient-example"/>
  </subject>
  <encounter>
    <reference value="Encounter/encounter-example"/>
  </encounter>
  <effectiveDateTime value="2022-08-01T17:00:14-05:00"/>
  <issued value="2022-08-14T13:28:17.239+02:00"/>
  <performer>
    <reference value="Practitioner/practitioner-first-example"/>
  </performer>
  <valueQuantity>
    <value value="151.5"/>
    <unit value="cm"/>
    <system value="http://unitsofmeasure.org"/>
    <code value="cm"/>
  </valueQuantity>
</Observation>