<?xml version="1.0" encoding="UTF-8"?>

<Organization xmlns="http://hl7.org/fhir">
  <id value="org-hosp-example"/>
  <meta>
    <profile value="https://twcore.mohw.gov.tw/ig/twcore/StructureDefinition/Organization-hosp-twcore"/>
  </meta>
  <text>
    <status value="generated"/><div xmlns="http://www.w3.org/1999/xhtml"><p><b>Generated Narrative: Organization</b><a name="org-hosp-example"> </a></p><div style="display: inline-block; background-color: #d9e0e7; padding: 6px; margin: 4px; border: 1px solid #8da1b4; border-radius: 5px; line-height: 60%"><p style="margin-bottom: 0px">Resource Organization &quot;org-hosp-example&quot; </p><p style="margin-bottom: 0px">Profile: <a href="https://twcore.mohw.gov.tw/ig/twcore/0.1.1/StructureDefinition-Organization-hosp-twcore.html">TW Core Organization Hospital Department</a></p></div><p><b>identifier</b>: Provider number: 1145010010 (use: OFFICIAL)</p><p><b>type</b>: Healthcare Provider <span style="background: LightGoldenRodYellow; margin: 4px; border: 1px solid khaki"> (<a href="http://terminology.hl7.org/5.0.0/CodeSystem-organization-type.html">Organization type</a>#prov)</span></p><p><b>name</b>: 佛教慈濟醫療財團法人花蓮慈濟醫院</p><p><b>telecom</b>: ph: 038561825</p></div>
  </text>
  <identifier>
    <use value="official"/>
    <type>
      <coding>
        <system value="http://terminology.hl7.org/CodeSystem/v2-0203"/>
        <code value="PRN"/>
      </coding>
    </type>
    <system value="https://twcore.mohw.gov.tw/ig/twcore/CodeSystem/organization-identifier-tw"/>
    <value value="1145010010"/>
  </identifier>
  <type>
    <coding>
      <system value="http://terminology.hl7.org/CodeSystem/organization-type"/>
      <code value="prov"/>
    </coding>
  </type>
  <name value="佛教慈濟醫療財團法人花蓮慈濟醫院"/>
  <telecom>
    <system value="phone"/>
    <value value="038561825"/>
  </telecom>
</Organization>