<?xml version="1.0" encoding="UTF-8"?>

<ValueSet xmlns="http://hl7.org/fhir">
  <id value="adultcheck-lifecode"/>
  <text>
    <status value="generated"/><div xmlns="http://www.w3.org/1999/xhtml">Placeholder</div>
  </text>
  <url value="https://tstifhir.azurehealthcareapis.com/ValueSet/adultcheck-lifecode"/>
  <version value="0.1.0"/>
  <name value="ValueSet_adultcheck-lifecode"/>
  <title value="成人預防保健生活史代碼集值"/>
  <status value="active"/>
  <date value="2023-11-08T11:45:10+08:00"/>
  <publisher value="大世科 tsti"/>
  <contact>
    <name value="大世科 tsti"/>
    <telecom>
      <system value="url"/>
      <value value="https://www.etatung.com/"/>
    </telecom>
  </contact>
  <description value="此EncounterAdultCheck Profile說明成人預防保健生活史代碼集值"/>
  <compose>
    <include>
      <system value="http://snomed.info/sct"/>
      <concept>
        <code value="230056004"/>
        <display value="Cigarette consumption"/>
      </concept>
      <concept>
        <code value="160573003"/>
        <display value="Alcohol intake"/>
      </concept>
      <concept>
        <code value="227491007"/>
        <display value="Betal nut"/>
      </concept>
      <concept>
        <code value="128976003"/>
        <display value="Exercise state"/>
      </concept>
      <concept>
        <code value="225324006"/>
        <display value="Advice on effects of smoking on health"/>
      </concept>
      <concept>
        <code value="413473000"/>
        <display value="Alcohol consumption counseling"/>
      </concept>
      <concept>
        <code value="51011006"/>
        <display value="Nutritional counseling for control of dental disease"/>
      </concept>
      <concept>
        <code value="410289001"/>
        <display value="Exercises education, guidance, and counseling"/>
      </concept>
      <concept>
        <code value="388970003"/>
        <display value="Weight maintenance consultation"/>
      </concept>
      <concept>
        <code value="410293007"/>
        <display value="Food education, guidance, and counseling"/>
      </concept>
      <concept>
        <code value="409059003"/>
        <display value="Safety education, guidance, and counseling"/>
      </concept>
      <concept>
        <code value="410263001"/>
        <display value="Medical/dental care education, guidance, and counseling"/>
      </concept>
      <concept>
        <code value="444266007"/>
        <display value="Measurement of Hepatitis B surface antibody and Hepatitis C antibody "/>
      </concept>
    </include>
  </compose>
</ValueSet>