<?xml version="1.0" encoding="UTF-8"?><ImplementationGuide xmlns="http://hl7.org/fhir"><id value="tw.etatung.hpa"/><text><status value="generated"/><div xmlns="http://www.w3.org/1999/xhtml"><p class="res-header-id"><b>Generated Narrative: ImplementationGuide tw.etatung.hpa</b></p><a name="tw.etatung.hpa"> </a><a name="hctw.etatung.hpa"> </a><a name="tw.etatung.hpa-en-US"> </a><h2>HPAIG</h2><p>The official URL for this implementation guide is: </p><pre>https://etatunghpa.com/ImplementationGuide/tw.etatung.hpa</pre><div><p>成人預防保健實作指引(HPA-IG)依據【國民健康署成人預防保健服務檢查單】與【國民健康署成人預防保健服務檢查紀錄結果表單資料電子檔申報格式】，採用HL7® FHIR® standard（Fast Healthcare Interoperability Resources）IG建置方法，在FHIR R4.0.1和臺灣核心實作指引(TW Core IG)0.1.1版本之標準基礎上，進一步定義適用於健康照護資料交換需求的Resources（類似資料表）、其中的資料項目（意即欄位）、基數（意即0..1、0..<em>、1..1或1..</em>）及資料類型（文字、日期時間、代碼等）等，旨在提供健康照護資訊系統開發與實作者以成人健檢實作指引為基礎，再進一步訂定其實務專案所需之資料交換格式以應用於專案中。</p>
</div></div></text><url value="https://etatunghpa.com/ImplementationGuide/tw.etatung.hpa"/><version value="0.2.0"/><name value="HPAIG"/><title value="成人預防保健實作指引(HPA-IG)"/><status value="active"/><date value="2025-04-18T10:42:27+08:00"/><publisher value="大世科 tsti"/><contact><name value="大世科 tsti"/><telecom><system value="url"/><value value="https://www.etatung.com/"/></telecom></contact><description value="成人預防保健實作指引(HPA-IG)依據【國民健康署成人預防保健服務檢查單】與【國民健康署成人預防保健服務檢查紀錄結果表單資料電子檔申報格式】，採用HL7® FHIR® standard（Fast Healthcare Interoperability Resources）IG建置方法，在FHIR R4.0.1和臺灣核心實作指引(TW Core IG)0.1.1版本之標準基礎上，進一步定義適用於健康照護資料交換需求的Resources（類似資料表）、其中的資料項目（意即欄位）、基數（意即0..1、0..*、1..1或1..*）及資料類型（文字、日期時間、代碼等）等，旨在提供健康照護資訊系統開發與實作者以成人健檢實作指引為基礎，再進一步訂定其實務專案所需之資料交換格式以應用於專案中。"/><packageId value="tw.etatung.hpa"/><license value="CC0-1.0"/><fhirVersion value="4.0.1"/><dependsOn id="hl7tx"><extension url="http://hl7.org/fhir/tools/StructureDefinition/implementationguide-dependency-comment"><valueMarkdown value="Automatically added as a dependency - all IGs depend on HL7 Terminology"/></extension><uri value="http://terminology.hl7.org/ImplementationGuide/hl7.terminology"/><packageId value="hl7.terminology.r4"/><version value="6.2.0"/></dependsOn><dependsOn id="hl7ext"><extension url="http://hl7.org/fhir/tools/StructureDefinition/implementationguide-dependency-comment"><valueMarkdown value="Automatically added as a dependency - all IGs depend on the HL7 Extension Pack"/></extension><uri value="http://hl7.org/fhir/extensions/ImplementationGuide/hl7.fhir.uv.extensions"/><packageId value="hl7.fhir.uv.extensions.r4"/><version value="5.2.0"/></dependsOn><dependsOn id="tw_gov_mohw_twcore"><uri value="https://twcore.mohw.gov.tw/ig/twcore/ImplementationGuide/tw.gov.mohw.twcore"/><packageId value="tw.gov.mohw.twcore"/><version value="0.3.2"/></dependsOn><definition><extension url="http://hl7.org/fhir/tools/StructureDefinition/ig-parameter"><extension url="code"><valueString value="copyrightyear"/></extension><extension url="value"><valueString value="2023+"/></extension></extension><extension url="http://hl7.org/fhir/tools/StructureDefinition/ig-parameter"><extension url="code"><valueString value="releaselabel"/></extension><extension url="value"><valueString value="ci-build"/></extension></extension><extension url="http://hl7.org/fhir/tools/StructureDefinition/ig-parameter"><extension url="code"><valueString value="autoload-resources"/></extension><extension url="value"><valueString value="true"/></extension></extension><extension url="http://hl7.org/fhir/tools/StructureDefinition/ig-parameter"><extension url="code"><valueString value="path-liquid"/></extension><extension url="value"><valueString value="template/liquid"/></extension></extension><extension url="http://hl7.org/fhir/tools/StructureDefinition/ig-parameter"><extension url="code"><valueString value="path-liquid"/></extension><extension url="value"><valueString value="input/liquid"/></extension></extension><extension url="http://hl7.org/fhir/tools/StructureDefinition/ig-parameter"><extension url="code"><valueString value="path-qa"/></extension><extension url="value"><valueString value="temp/qa"/></extension></extension><extension url="http://hl7.org/fhir/tools/StructureDefinition/ig-parameter"><extension url="code"><valueString value="path-temp"/></extension><extension url="value"><valueString value="temp/pages"/></extension></extension><extension url="http://hl7.org/fhir/tools/StructureDefinition/ig-parameter"><extension url="code"><valueString value="path-output"/></extension><extension url="value"><valueString value="output"/></extension></extension><extension url="http://hl7.org/fhir/tools/StructureDefinition/ig-parameter"><extension url="code"><valueString value="path-suppressed-warnings"/></extension><extension url="value"><valueString value="input/ignoreWarnings.txt"/></extension></extension><extension url="http://hl7.org/fhir/tools/StructureDefinition/ig-parameter"><extension url="code"><valueString value="path-history"/></extension><extension url="value"><valueString value="https://etatunghpa.com/history.html"/></extension></extension><extension url="http://hl7.org/fhir/tools/StructureDefinition/ig-parameter"><extension url="code"><valueString value="template-html"/></extension><extension url="value"><valueString value="template-page.html"/></extension></extension><extension url="http://hl7.org/fhir/tools/StructureDefinition/ig-parameter"><extension url="code"><valueString value="template-md"/></extension><extension url="value"><valueString value="template-page-md.html"/></extension></extension><extension url="http://hl7.org/fhir/tools/StructureDefinition/ig-parameter"><extension url="code"><valueString value="apply-contact"/></extension><extension url="value"><valueString value="true"/></extension></extension><extension url="http://hl7.org/fhir/tools/StructureDefinition/ig-parameter"><extension url="code"><valueString value="apply-context"/></extension><extension url="value"><valueString value="true"/></extension></extension><extension url="http://hl7.org/fhir/tools/StructureDefinition/ig-parameter"><extension url="code"><valueString value="apply-copyright"/></extension><extension url="value"><valueString value="true"/></extension></extension><extension url="http://hl7.org/fhir/tools/StructureDefinition/ig-parameter"><extension url="code"><valueString value="apply-jurisdiction"/></extension><extension url="value"><valueString value="true"/></extension></extension><extension url="http://hl7.org/fhir/tools/StructureDefinition/ig-parameter"><extension url="code"><valueString value="apply-license"/></extension><extension url="value"><valueString value="true"/></extension></extension><extension url="http://hl7.org/fhir/tools/StructureDefinition/ig-parameter"><extension url="code"><valueString value="apply-publisher"/></extension><extension url="value"><valueString value="true"/></extension></extension><extension url="http://hl7.org/fhir/tools/StructureDefinition/ig-parameter"><extension url="code"><valueString value="apply-version"/></extension><extension url="value"><valueString value="true"/></extension></extension><extension url="http://hl7.org/fhir/tools/StructureDefinition/ig-parameter"><extension url="code"><valueString value="apply-wg"/></extension><extension url="value"><valueString value="true"/></extension></extension><extension url="http://hl7.org/fhir/tools/StructureDefinition/ig-parameter"><extension url="code"><valueString value="active-tables"/></extension><extension url="value"><valueString value="true"/></extension></extension><extension url="http://hl7.org/fhir/tools/StructureDefinition/ig-parameter"><extension url="code"><valueString value="fmm-definition"/></extension><extension url="value"><valueString value="http://hl7.org/fhir/versions.html#maturity"/></extension></extension><extension url="http://hl7.org/fhir/tools/StructureDefinition/ig-parameter"><extension url="code"><valueString value="propagate-status"/></extension><extension url="value"><valueString value="true"/></extension></extension><extension url="http://hl7.org/fhir/tools/StructureDefinition/ig-parameter"><extension url="code"><valueString value="excludelogbinaryformat"/></extension><extension url="value"><valueString value="true"/></extension></extension><extension url="http://hl7.org/fhir/tools/StructureDefinition/ig-parameter"><extension url="code"><valueString value="tabbed-snapshots"/></extension><extension url="value"><valueString value="true"/></extension></extension><extension url="http://hl7.org/fhir/tools/StructureDefinition/ig-internal-dependency"><valueCode value="hl7.fhir.uv.tools.r4#0.5.0"/></extension><extension url="http://hl7.org/fhir/tools/StructureDefinition/ig-parameter"><extension url="code"><valueCode value="copyrightyear"/></extension><extension url="value"><valueString value="2023+"/></extension></extension><extension url="http://hl7.org/fhir/tools/StructureDefinition/ig-parameter"><extension url="code"><valueCode value="releaselabel"/></extension><extension url="value"><valueString value="ci-build"/></extension></extension><extension url="http://hl7.org/fhir/tools/StructureDefinition/ig-parameter"><extension url="code"><valueCode value="autoload-resources"/></extension><extension url="value"><valueString value="true"/></extension></extension><extension url="http://hl7.org/fhir/tools/StructureDefinition/ig-parameter"><extension url="code"><valueCode value="path-liquid"/></extension><extension url="value"><valueString value="template/liquid"/></extension></extension><extension url="http://hl7.org/fhir/tools/StructureDefinition/ig-parameter"><extension url="code"><valueCode value="path-liquid"/></extension><extension url="value"><valueString value="input/liquid"/></extension></extension><extension url="http://hl7.org/fhir/tools/StructureDefinition/ig-parameter"><extension url="code"><valueCode value="path-qa"/></extension><extension url="value"><valueString value="temp/qa"/></extension></extension><extension url="http://hl7.org/fhir/tools/StructureDefinition/ig-parameter"><extension url="code"><valueCode value="path-temp"/></extension><extension url="value"><valueString value="temp/pages"/></extension></extension><extension url="http://hl7.org/fhir/tools/StructureDefinition/ig-parameter"><extension url="code"><valueCode value="path-output"/></extension><extension url="value"><valueString value="output"/></extension></extension><extension url="http://hl7.org/fhir/tools/StructureDefinition/ig-parameter"><extension url="code"><valueCode value="path-suppressed-warnings"/></extension><extension url="value"><valueString value="input/ignoreWarnings.txt"/></extension></extension><extension url="http://hl7.org/fhir/tools/StructureDefinition/ig-parameter"><extension url="code"><valueCode value="path-history"/></extension><extension url="value"><valueString value="https://etatunghpa.com/history.html"/></extension></extension><extension url="http://hl7.org/fhir/tools/StructureDefinition/ig-parameter"><extension url="code"><valueCode value="template-html"/></extension><extension url="value"><valueString value="template-page.html"/></extension></extension><extension url="http://hl7.org/fhir/tools/StructureDefinition/ig-parameter"><extension url="code"><valueCode value="template-md"/></extension><extension url="value"><valueString value="template-page-md.html"/></extension></extension><extension url="http://hl7.org/fhir/tools/StructureDefinition/ig-parameter"><extension url="code"><valueCode value="apply-contact"/></extension><extension url="value"><valueString value="true"/></extension></extension><extension url="http://hl7.org/fhir/tools/StructureDefinition/ig-parameter"><extension url="code"><valueCode value="apply-context"/></extension><extension url="value"><valueString value="true"/></extension></extension><extension url="http://hl7.org/fhir/tools/StructureDefinition/ig-parameter"><extension url="code"><valueCode value="apply-copyright"/></extension><extension url="value"><valueString value="true"/></extension></extension><extension url="http://hl7.org/fhir/tools/StructureDefinition/ig-parameter"><extension url="code"><valueCode value="apply-jurisdiction"/></extension><extension url="value"><valueString value="true"/></extension></extension><extension url="http://hl7.org/fhir/tools/StructureDefinition/ig-parameter"><extension url="code"><valueCode value="apply-license"/></extension><extension url="value"><valueString value="true"/></extension></extension><extension url="http://hl7.org/fhir/tools/StructureDefinition/ig-parameter"><extension url="code"><valueCode value="apply-publisher"/></extension><extension url="value"><valueString value="true"/></extension></extension><extension url="http://hl7.org/fhir/tools/StructureDefinition/ig-parameter"><extension url="code"><valueCode value="apply-version"/></extension><extension url="value"><valueString value="true"/></extension></extension><extension url="http://hl7.org/fhir/tools/StructureDefinition/ig-parameter"><extension url="code"><valueCode value="apply-wg"/></extension><extension url="value"><valueString value="true"/></extension></extension><extension url="http://hl7.org/fhir/tools/StructureDefinition/ig-parameter"><extension url="code"><valueCode value="active-tables"/></extension><extension url="value"><valueString value="true"/></extension></extension><extension url="http://hl7.org/fhir/tools/StructureDefinition/ig-parameter"><extension url="code"><valueCode value="fmm-definition"/></extension><extension url="value"><valueString value="http://hl7.org/fhir/versions.html#maturity"/></extension></extension><extension url="http://hl7.org/fhir/tools/StructureDefinition/ig-parameter"><extension url="code"><valueCode value="propagate-status"/></extension><extension url="value"><valueString value="true"/></extension></extension><extension url="http://hl7.org/fhir/tools/StructureDefinition/ig-parameter"><extension url="code"><valueCode value="excludelogbinaryformat"/></extension><extension url="value"><valueString value="true"/></extension></extension><extension url="http://hl7.org/fhir/tools/StructureDefinition/ig-parameter"><extension url="code"><valueCode value="tabbed-snapshots"/></extension><extension url="value"><valueString value="true"/></extension></extension><extension url="http://hl7.org/fhir/tools/StructureDefinition/ig-parameter"><extension url="code"><valueCode value="copyrightyear"/></extension><extension url="value"><valueString value="2023+"/></extension></extension><extension url="http://hl7.org/fhir/tools/StructureDefinition/ig-parameter"><extension url="code"><valueCode value="releaselabel"/></extension><extension url="value"><valueString value="ci-build"/></extension></extension><extension url="http://hl7.org/fhir/tools/StructureDefinition/ig-parameter"><extension url="code"><valueCode value="autoload-resources"/></extension><extension url="value"><valueString value="true"/></extension></extension><extension url="http://hl7.org/fhir/tools/StructureDefinition/ig-parameter"><extension url="code"><valueCode value="path-liquid"/></extension><extension url="value"><valueString value="template/liquid"/></extension></extension><extension url="http://hl7.org/fhir/tools/StructureDefinition/ig-parameter"><extension url="code"><valueCode value="path-liquid"/></extension><extension url="value"><valueString value="input/liquid"/></extension></extension><extension url="http://hl7.org/fhir/tools/StructureDefinition/ig-parameter"><extension url="code"><valueCode value="path-qa"/></extension><extension url="value"><valueString value="temp/qa"/></extension></extension><extension url="http://hl7.org/fhir/tools/StructureDefinition/ig-parameter"><extension url="code"><valueCode value="path-temp"/></extension><extension url="value"><valueString value="temp/pages"/></extension></extension><extension url="http://hl7.org/fhir/tools/StructureDefinition/ig-parameter"><extension url="code"><valueCode value="path-output"/></extension><extension url="value"><valueString value="output"/></extension></extension><extension url="http://hl7.org/fhir/tools/StructureDefinition/ig-parameter"><extension url="code"><valueCode value="path-suppressed-warnings"/></extension><extension url="value"><valueString value="input/ignoreWarnings.txt"/></extension></extension><extension url="http://hl7.org/fhir/tools/StructureDefinition/ig-parameter"><extension url="code"><valueCode value="path-history"/></extension><extension url="value"><valueString value="https://etatunghpa.com/history.html"/></extension></extension><extension url="http://hl7.org/fhir/tools/StructureDefinition/ig-parameter"><extension url="code"><valueCode value="template-html"/></extension><extension url="value"><valueString value="template-page.html"/></extension></extension><extension url="http://hl7.org/fhir/tools/StructureDefinition/ig-parameter"><extension url="code"><valueCode value="template-md"/></extension><extension url="value"><valueString value="template-page-md.html"/></extension></extension><extension url="http://hl7.org/fhir/tools/StructureDefinition/ig-parameter"><extension url="code"><valueCode value="apply-contact"/></extension><extension url="value"><valueString value="true"/></extension></extension><extension url="http://hl7.org/fhir/tools/StructureDefinition/ig-parameter"><extension url="code"><valueCode value="apply-context"/></extension><extension url="value"><valueString value="true"/></extension></extension><extension url="http://hl7.org/fhir/tools/StructureDefinition/ig-parameter"><extension url="code"><valueCode value="apply-copyright"/></extension><extension url="value"><valueString value="true"/></extension></extension><extension url="http://hl7.org/fhir/tools/StructureDefinition/ig-parameter"><extension url="code"><valueCode value="apply-jurisdiction"/></extension><extension url="value"><valueString value="true"/></extension></extension><extension url="http://hl7.org/fhir/tools/StructureDefinition/ig-parameter"><extension url="code"><valueCode value="apply-license"/></extension><extension url="value"><valueString value="true"/></extension></extension><extension url="http://hl7.org/fhir/tools/StructureDefinition/ig-parameter"><extension url="code"><valueCode value="apply-publisher"/></extension><extension url="value"><valueString value="true"/></extension></extension><extension url="http://hl7.org/fhir/tools/StructureDefinition/ig-parameter"><extension url="code"><valueCode value="apply-version"/></extension><extension url="value"><valueString value="true"/></extension></extension><extension url="http://hl7.org/fhir/tools/StructureDefinition/ig-parameter"><extension url="code"><valueCode value="apply-wg"/></extension><extension url="value"><valueString value="true"/></extension></extension><extension url="http://hl7.org/fhir/tools/StructureDefinition/ig-parameter"><extension url="code"><valueCode value="active-tables"/></extension><extension url="value"><valueString value="true"/></extension></extension><extension url="http://hl7.org/fhir/tools/StructureDefinition/ig-parameter"><extension url="code"><valueCode value="fmm-definition"/></extension><extension url="value"><valueString value="http://hl7.org/fhir/versions.html#maturity"/></extension></extension><extension url="http://hl7.org/fhir/tools/StructureDefinition/ig-parameter"><extension url="code"><valueCode value="propagate-status"/></extension><extension url="value"><valueString value="true"/></extension></extension><extension url="http://hl7.org/fhir/tools/StructureDefinition/ig-parameter"><extension url="code"><valueCode value="excludelogbinaryformat"/></extension><extension url="value"><valueString value="true"/></extension></extension><extension url="http://hl7.org/fhir/tools/StructureDefinition/ig-parameter"><extension url="code"><valueCode value="tabbed-snapshots"/></extension><extension url="value"><valueString value="true"/></extension></extension><grouping id="-dyn-capabilitystatement"><name value="Behavior: Capability Statements"/><description value="The following artifacts define the specific capabilities that different types of systems are expected to have in order to comply with this implementation guide.  Systems conforming to this implementation guide are expected to declare conformance to one or more of the following capability statements."/></grouping><grouping id="-str-logicalmodel"><name value="Structures: Logical Models"/><description value="These define data models that represent the domain covered by this implementation guide in more business-friendly terms than the underlying FHIR resources."/></grouping><grouping id="-str-profile"><name value="Structures: Resource Profiles"/><description value="These define constraints on FHIR resources for systems conforming to this implementation guide."/></grouping><grouping id="-term-valueset"><name value="Terminology: Value Sets"/><description value="These define sets of codes used by systems conforming to this implementation guide."/></grouping><grouping id="-ex-example"><name value="Example: Example Instances"/><description value="These are example instances that show what data produced and consumed by systems conforming with this implementation guide might look like."/></grouping><resource><extension url="http://hl7.org/fhir/tools/StructureDefinition/resource-sort"><valueInteger value="999999999"/></extension><extension url="http://hl7.org/fhir/StructureDefinition/implementationguide-page"><valueUri value="CapabilityStatement-CapabilityStatementHPAServer.html"/></extension><reference><reference value="CapabilityStatement/CapabilityStatementHPAServer"/></reference><name value="成人預防保健-伺服端（TW Core Server）"/><description value="成人預防保健實作指引(HPA IG)伺服端(Server)之能力聲明"/><exampleBoolean value="false"/><groupingId value="-dyn-capabilitystatement"/></resource><resource><extension url="http://hl7.org/fhir/tools/StructureDefinition/resource-sort"><valueInteger value="999999999"/></extension><extension url="http://hl7.org/fhir/StructureDefinition/implementationguide-page"><valueUri value="StructureDefinition-HPA-Model.html"/></extension><reference><reference value="StructureDefinition/HPA-Model"/></reference><name value="成人預防保健(HPA)之資料模型"/><description value="成人預防保健(HPA)之資料模型(Logical Model)"/><exampleBoolean value="false"/><groupingId value="-str-logicalmodel"/></resource><resource><extension url="http://hl7.org/fhir/tools/StructureDefinition/resource-sort"><valueInteger value="999999999"/></extension><extension url="http://hl7.org/fhir/StructureDefinition/implementationguide-page"><valueUri value="StructureDefinition-ObservationHealthBehavior-HPA.html"/></extension><reference><reference value="StructureDefinition/ObservationHealthBehavior-HPA"/></reference><name value="成人預防保健-健康行為"/><description value="此Profile用於紀錄成人預防保健中健康行為區塊資訊，包含喝酒、嚼檳榔、運動，與曾於成人預防保健服務時接受過 B、C 型肝炎檢查之項目。(特別注意: 不包含吸菸，吸菸將直接使用臺灣核心-吸菸狀態（TW Core Smoking Status Observation）)"/><exampleBoolean value="false"/><groupingId value="-str-profile"/></resource><resource><extension url="http://hl7.org/fhir/tools/StructureDefinition/resource-sort"><valueInteger value="999999999"/></extension><extension url="http://hl7.org/fhir/StructureDefinition/implementationguide-page"><valueUri value="StructureDefinition-ObservationSmokingStatus-HPA.html"/></extension><reference><reference value="StructureDefinition/ObservationSmokingStatus-HPA"/></reference><name value="成人預防保健-健康行為-吸菸"/><description value="此Profile繼承於臺灣核心-吸菸狀態（TW Core Smoking Status Observation），用於紀錄成人預防保健中健康行為區塊資訊之吸菸狀況。"/><exampleBoolean value="false"/><groupingId value="-str-profile"/></resource><resource><extension url="http://hl7.org/fhir/tools/StructureDefinition/resource-sort"><valueInteger value="999999999"/></extension><extension url="http://hl7.org/fhir/StructureDefinition/implementationguide-page"><valueUri value="StructureDefinition-ObservationHealthConsultation-HPA.html"/></extension><reference><reference value="StructureDefinition/ObservationHealthConsultation-HPA"/></reference><name value="成人預防保健-健康諮詢"/><description value="此Profile用於紀錄成人預防保健中健康諮詢區塊資訊，包含健康諮詢：戒菸、健康諮詢：節酒、健康諮詢：戒檳榔、健康諮詢：規律運動、健康諮詢：維持正常體重、健康諮詢：健康飲食、健康諮詢：事故傷害預防、健康諮詢：口腔保健、健康諮詢：腎病識能衛教指導、健康諮詢：慢性疾病風險評估(1140101新增)。"/><exampleBoolean value="false"/><groupingId value="-str-profile"/></resource><resource><extension url="http://hl7.org/fhir/tools/StructureDefinition/resource-sort"><valueInteger value="999999999"/></extension><extension url="http://hl7.org/fhir/StructureDefinition/implementationguide-page"><valueUri value="StructureDefinition-Patient-HPA.html"/></extension><reference><reference value="StructureDefinition/Patient-HPA"/></reference><name value="成人預防保健-受檢民眾基本資料"/><description value="此Profile繼承於臺灣核心-病人(TW Core Patient)，用於紀錄成人預防保健服務檢查紀錄受檢民眾資訊。"/><exampleBoolean value="false"/><groupingId value="-str-profile"/></resource><resource><extension url="http://hl7.org/fhir/tools/StructureDefinition/resource-sort"><valueInteger value="999999999"/></extension><extension url="http://hl7.org/fhir/StructureDefinition/implementationguide-page"><valueUri value="StructureDefinition-Condition-HPA.html"/></extension><reference><reference value="StructureDefinition/Condition-HPA"/></reference><name value="成人預防保健-受檢民眾疾病史"/><description value="此Profile繼承於臺灣核心-病情、問題或診斷（TW Core Condition），用於紀錄成人預防保健服務檢查紀錄疾病史資訊，包含高血壓、糖尿病、高血脂症、心臟病、腦中風、腎臟病。"/><exampleBoolean value="false"/><groupingId value="-str-profile"/></resource><resource><extension url="http://hl7.org/fhir/tools/StructureDefinition/resource-sort"><valueInteger value="999999999"/></extension><extension url="http://hl7.org/fhir/StructureDefinition/implementationguide-page"><valueUri value="StructureDefinition-ObservationLab-HPA.html"/></extension><reference><reference value="StructureDefinition/ObservationLab-HPA"/></reference><name value="成人預防保健-實驗室檢查"/><description value="此Profile繼承於臺灣核心-實驗室檢驗檢查（TW Core Observation Laboratory Result），用於紀錄成人預防保健實驗室檢查區塊，包含尿液蛋白質、總膽固醇、三酸甘油脂、低密度脂蛋白膽固醇、高密度脂蛋白膽固醇、GOT、GPT、肌酸酐、腎絲球過濾率（eGFR）、B 型肝炎表面抗原（HBsAg）、C 型肝炎抗體（Anti-HCV）、尿酸(114.1.1 更新)。"/><exampleBoolean value="false"/><groupingId value="-str-profile"/></resource><resource><extension url="http://hl7.org/fhir/tools/StructureDefinition/resource-sort"><valueInteger value="999999999"/></extension><extension url="http://hl7.org/fhir/StructureDefinition/implementationguide-page"><valueUri value="StructureDefinition-Encounter-HPA.html"/></extension><reference><reference value="StructureDefinition/Encounter-HPA"/></reference><name value="成人預防保健-就醫紀錄"/><description value="此Profile繼承於臺灣核心-就醫事件（TW Core Encounter），用於紀錄成人預防保健服務檢查紀錄第一階段檢查日期與第二階段檢查日期。"/><exampleBoolean value="false"/><groupingId value="-str-profile"/></resource><resource><extension url="http://hl7.org/fhir/tools/StructureDefinition/resource-sort"><valueInteger value="999999999"/></extension><extension url="http://hl7.org/fhir/StructureDefinition/implementationguide-page"><valueUri value="StructureDefinition-RiskAssessment-HPA.html"/></extension><reference><reference value="StructureDefinition/RiskAssessment-HPA"/></reference><name value="成人預防保健-慢性疾病風險"/><description value="此Profile用於紀錄成人預防保健慢性疾病風險資訊(114.1.1新增)。"/><exampleBoolean value="false"/><groupingId value="-str-profile"/></resource><resource><extension url="http://hl7.org/fhir/tools/StructureDefinition/resource-sort"><valueInteger value="999999999"/></extension><extension url="http://hl7.org/fhir/StructureDefinition/implementationguide-page"><valueUri value="StructureDefinition-ObservationDepression-HPA.html"/></extension><reference><reference value="StructureDefinition/ObservationDepression-HPA"/></reference><name value="成人預防保健-憂鬱檢測"/><description value="此Profile用於紀錄成人預防保健服務檢查紀錄憂鬱檢測"/><exampleBoolean value="false"/><groupingId value="-str-profile"/></resource><resource><extension url="http://hl7.org/fhir/tools/StructureDefinition/resource-sort"><valueInteger value="999999999"/></extension><extension url="http://hl7.org/fhir/StructureDefinition/implementationguide-page"><valueUri value="StructureDefinition-Practitioner-HPA.html"/></extension><reference><reference value="StructureDefinition/Practitioner-HPA"/></reference><name value="成人預防保健-服務診治醫師"/><description value="此Profile繼承於臺灣核心-健康照護服務提供者（TW Core Practitioner），用於紀錄成人預防保健兩階段服務診治醫師代號資訊。"/><exampleBoolean value="false"/><groupingId value="-str-profile"/></resource><resource><extension url="http://hl7.org/fhir/tools/StructureDefinition/resource-sort"><valueInteger value="999999999"/></extension><extension url="http://hl7.org/fhir/StructureDefinition/implementationguide-page"><valueUri value="StructureDefinition-DiagnosticReport-HPA.html"/></extension><reference><reference value="StructureDefinition/DiagnosticReport-HPA"/></reference><name value="成人預防保健-檢查結果與建議"/><description value="此Profile繼承於臺灣核心-診斷報告（TW Core DiagnosticReport），用於紀錄成人預防保健檢查結果與建議資訊"/><exampleBoolean value="false"/><groupingId value="-str-profile"/></resource><resource><extension url="http://hl7.org/fhir/tools/StructureDefinition/resource-sort"><valueInteger value="999999999"/></extension><extension url="http://hl7.org/fhir/StructureDefinition/implementationguide-page"><valueUri value="StructureDefinition-ObservationKidneyStage-HPA.html"/></extension><reference><reference value="StructureDefinition/ObservationKidneyStage-HPA"/></reference><name value="成人預防保健-腎功能檢查期別"/><description value="此Profile用於紀錄成人預防保健腎功能檢查期別(1140101新增)。"/><exampleBoolean value="false"/><groupingId value="-str-profile"/></resource><resource><extension url="http://hl7.org/fhir/tools/StructureDefinition/resource-sort"><valueInteger value="999999999"/></extension><extension url="http://hl7.org/fhir/StructureDefinition/implementationguide-page"><valueUri value="StructureDefinition-ObservationWaist-HPA.html"/></extension><reference><reference value="StructureDefinition/ObservationWaist-HPA"/></reference><name value="成人預防保健-身體檢查-腰圍"/><description value="此Profile用於紀錄成人預防保健中腰圍資訊。"/><exampleBoolean value="false"/><groupingId value="-str-profile"/></resource><resource><extension url="http://hl7.org/fhir/tools/StructureDefinition/resource-sort"><valueInteger value="999999999"/></extension><extension url="http://hl7.org/fhir/StructureDefinition/implementationguide-page"><valueUri value="StructureDefinition-ObservationPressure-HPA.html"/></extension><reference><reference value="StructureDefinition/ObservationPressure-HPA"/></reference><name value="成人預防保健-身體檢查-血壓"/><description value="此Profile繼承於臺灣核心-血壓（TW Core Observation Blood Pressure），用於紀錄成人預防保健中血壓(舒張壓、收縮壓)資訊。"/><exampleBoolean value="false"/><groupingId value="-str-profile"/></resource><resource><extension url="http://hl7.org/fhir/tools/StructureDefinition/resource-sort"><valueInteger value="999999999"/></extension><extension url="http://hl7.org/fhir/StructureDefinition/implementationguide-page"><valueUri value="StructureDefinition-ObservationBMI-HPA.html"/></extension><reference><reference value="StructureDefinition/ObservationBMI-HPA"/></reference><name value="成人預防保健-身體檢查-身體質量指數(BMI)"/><description value="此Profile繼承於臺灣核心-身體質量指數（TW Core Observation BMI） ，用於紀錄成人預防保健中身體質量指數(BMI)資訊。"/><exampleBoolean value="false"/><groupingId value="-str-profile"/></resource><resource><extension url="http://hl7.org/fhir/tools/StructureDefinition/resource-sort"><valueInteger value="999999999"/></extension><extension url="http://hl7.org/fhir/StructureDefinition/implementationguide-page"><valueUri value="StructureDefinition-ObservationHeight-HPA.html"/></extension><reference><reference value="StructureDefinition/ObservationHeight-HPA"/></reference><name value="成人預防保健-身體檢查-身高"/><description value="此Profile繼承於臺灣核心-身高（TW Core Observation Body Height），用於紀錄成人預防保健中身高資訊。"/><exampleBoolean value="false"/><groupingId value="-str-profile"/></resource><resource><extension url="http://hl7.org/fhir/tools/StructureDefinition/resource-sort"><valueInteger value="999999999"/></extension><extension url="http://hl7.org/fhir/StructureDefinition/implementationguide-page"><valueUri value="StructureDefinition-ObservationWeight-HPA.html"/></extension><reference><reference value="StructureDefinition/ObservationWeight-HPA"/></reference><name value="成人預防保健-身體檢查-體重"/><description value="此Profile繼承於臺灣核心-體重（TW Core Observation Body Weight） ，用於紀錄成人預防保健中體重資訊。"/><exampleBoolean value="false"/><groupingId value="-str-profile"/></resource><resource><extension url="http://hl7.org/fhir/tools/StructureDefinition/resource-sort"><valueInteger value="999999999"/></extension><extension url="http://hl7.org/fhir/StructureDefinition/implementationguide-page"><valueUri value="StructureDefinition-Organization-HPA.html"/></extension><reference><reference value="StructureDefinition/Organization-HPA"/></reference><name value="成人預防保健-醫事機構資訊"/><description value="此Profile繼承於臺灣核心-醫事機構（TW Core Organization Hospital Department），用於紀錄成人預防保健服務檢查紀錄醫事機構與委託代檢醫事檢驗機構之機構資訊。"/><exampleBoolean value="false"/><groupingId value="-str-profile"/></resource><resource><extension url="http://hl7.org/fhir/tools/StructureDefinition/resource-sort"><valueInteger value="999999999"/></extension><extension url="http://hl7.org/fhir/StructureDefinition/implementationguide-page"><valueUri value="ValueSet-snomed-health-behavior-code.html"/></extension><reference><reference value="ValueSet/snomed-health-behavior-code"/></reference><name value="成人預防保健健康行為SNOMED Health Behavior代碼集值"/><description value="成人預防保健健康行為SNOMED Health Behavior代碼集值。代碼更新日期：2025-04-18。"/><exampleBoolean value="false"/><groupingId value="-term-valueset"/></resource><resource><extension url="http://hl7.org/fhir/tools/StructureDefinition/resource-sort"><valueInteger value="999999999"/></extension><extension url="http://hl7.org/fhir/StructureDefinition/implementationguide-page"><valueUri value="ValueSet-snomed-health-consultation-code.html"/></extension><reference><reference value="ValueSet/snomed-health-consultation-code"/></reference><name value="成人預防保健健康諮詢SNOMED Health Consultation代碼集值"/><description value="成人預防保健健康行為SNOMED Health Consultation代碼集值。代碼更新日期：2025-04-18。"/><exampleBoolean value="false"/><groupingId value="-term-valueset"/></resource><resource><extension url="http://hl7.org/fhir/tools/StructureDefinition/resource-sort"><valueInteger value="999999999"/></extension><extension url="http://hl7.org/fhir/StructureDefinition/implementationguide-page"><valueUri value="ValueSet-snomed-risk-assessment-code.html"/></extension><reference><reference value="ValueSet/snomed-risk-assessment-code"/></reference><name value="成人預防保健慢性疾病風險SNOMED Risk Assessment代碼集值"/><description value="成人預防保健慢性疾病風險SNOMED Risk Assessment代碼集值。代碼更新日期：2025-04-18。"/><exampleBoolean value="false"/><groupingId value="-term-valueset"/></resource><resource><extension url="http://hl7.org/fhir/tools/StructureDefinition/resource-sort"><valueInteger value="999999999"/></extension><extension url="http://hl7.org/fhir/StructureDefinition/implementationguide-page"><valueUri value="ValueSet-loinc-diagnostic-code.html"/></extension><reference><reference value="ValueSet/loinc-diagnostic-code"/></reference><name value="成人預防保健檢查結果與建議Loinc Diagnostic代碼集值"/><description value="成人預防保健檢查結果與建議Loinc Diagnostic代碼集值。代碼更新日期：2025-04-18。"/><exampleBoolean value="false"/><groupingId value="-term-valueset"/></resource><resource><extension url="http://hl7.org/fhir/tools/StructureDefinition/resource-sort"><valueInteger value="999999999"/></extension><extension url="http://hl7.org/fhir/StructureDefinition/implementationguide-page"><valueUri value="ValueSet-snomed-medical-history-code.html"/></extension><reference><reference value="ValueSet/snomed-medical-history-code"/></reference><name value="成人預防保健疾病史SNOMED Medical History代碼集值"/><description value="成人預防保健疾病史SNOMED Medical History代碼集值。代碼更新日期：2025-04-18。"/><exampleBoolean value="false"/><groupingId value="-term-valueset"/></resource><resource><extension url="http://hl7.org/fhir/tools/StructureDefinition/resource-sort"><valueInteger value="999999999"/></extension><extension url="http://hl7.org/fhir/StructureDefinition/implementationguide-page"><valueUri value="Condition-condition-example.html"/></extension><reference><reference value="Condition/condition-example"/></reference><name value="condition-example"/><description value="成人預防保健疾病史-高血壓範例"/><exampleCanonical value="https://etatunghpa.com/StructureDefinition/Condition-HPA"/><groupingId value="-ex-example"/></resource><resource><extension url="http://hl7.org/fhir/tools/StructureDefinition/resource-sort"><valueInteger value="999999999"/></extension><extension url="http://hl7.org/fhir/StructureDefinition/implementationguide-page"><valueUri value="DiagnosticReport-diagnosticreport-bloodpressure-example.html"/></extension><reference><reference value="DiagnosticReport/diagnosticreport-bloodpressure-example"/></reference><name value="diagnosticreport-bloodpressure-example"/><description value="成人預防保血壓檢查結果與建議範例"/><exampleCanonical value="https://etatunghpa.com/StructureDefinition/DiagnosticReport-HPA"/><groupingId value="-ex-example"/></resource><resource><extension url="http://hl7.org/fhir/tools/StructureDefinition/resource-sort"><valueInteger value="999999999"/></extension><extension url="http://hl7.org/fhir/StructureDefinition/implementationguide-page"><valueUri value="Encounter-encounter-example.html"/></extension><reference><reference value="Encounter/encounter-example"/></reference><name value="encounter-example"/><description value="成人預防保健就醫紀錄範例"/><exampleCanonical value="https://etatunghpa.com/StructureDefinition/Encounter-HPA"/><groupingId value="-ex-example"/></resource><resource><extension url="http://hl7.org/fhir/tools/StructureDefinition/resource-sort"><valueInteger value="999999999"/></extension><extension url="http://hl7.org/fhir/StructureDefinition/implementationguide-page"><valueUri value="Observation-observation-bmi-example.html"/></extension><reference><reference value="Observation/observation-bmi-example"/></reference><name value="observation-bmi-example"/><description value="成人預防保健身體質量指數(BMI)紀錄範例"/><exampleCanonical value="https://etatunghpa.com/StructureDefinition/ObservationBMI-HPA"/><groupingId value="-ex-example"/></resource><resource><extension url="http://hl7.org/fhir/tools/StructureDefinition/resource-sort"><valueInteger value="999999999"/></extension><extension url="http://hl7.org/fhir/StructureDefinition/implementationguide-page"><valueUri value="Observation-observation-checkbc-example.html"/></extension><reference><reference value="Observation/observation-checkbc-example"/></reference><name value="observation-checkbc-example"/><description value="成人預防保健健康行為接受過B、C 型肝炎檢查範例"/><exampleCanonical value="https://etatunghpa.com/StructureDefinition/ObservationHealthBehavior-HPA"/><groupingId value="-ex-example"/></resource><resource><extension url="http://hl7.org/fhir/tools/StructureDefinition/resource-sort"><valueInteger value="999999999"/></extension><extension url="http://hl7.org/fhir/StructureDefinition/implementationguide-page"><valueUri value="Observation-observation-consult-smoke-example.html"/></extension><reference><reference value="Observation/observation-consult-smoke-example"/></reference><name value="observation-consult-smoke-example"/><description value="成人預防保健健康行為戒菸諮詢範例"/><exampleCanonical value="https://etatunghpa.com/StructureDefinition/ObservationHealthConsultation-HPA"/><groupingId value="-ex-example"/></resource><resource><extension url="http://hl7.org/fhir/tools/StructureDefinition/resource-sort"><valueInteger value="999999999"/></extension><extension url="http://hl7.org/fhir/StructureDefinition/implementationguide-page"><valueUri value="Observation-observation-depress-example.html"/></extension><reference><reference value="Observation/observation-depress-example"/></reference><name value="observation-depress-example"/><description value="成人預防保健-憂鬱檢測範例"/><exampleCanonical value="https://etatunghpa.com/StructureDefinition/ObservationDepression-HPA"/><groupingId value="-ex-example"/></resource><resource><extension url="http://hl7.org/fhir/tools/StructureDefinition/resource-sort"><valueInteger value="999999999"/></extension><extension url="http://hl7.org/fhir/StructureDefinition/implementationguide-page"><valueUri value="Observation-observation-height-example.html"/></extension><reference><reference value="Observation/observation-height-example"/></reference><name value="observation-height-example"/><exampleCanonical value="https://etatunghpa.com/StructureDefinition/ObservationHeight-HPA"/><groupingId value="-ex-example"/></resource><resource><extension url="http://hl7.org/fhir/tools/StructureDefinition/resource-sort"><valueInteger value="999999999"/></extension><extension url="http://hl7.org/fhir/StructureDefinition/implementationguide-page"><valueUri value="Observation-observation-kidneystage-example.html"/></extension><reference><reference value="Observation/observation-kidneystage-example"/></reference><name value="observation-kidneystage-example"/><description value="成人預防保健腎功能檢查期別範例"/><exampleCanonical value="https://etatunghpa.com/StructureDefinition/ObservationKidneyStage-HPA"/><groupingId value="-ex-example"/></resource><resource><extension url="http://hl7.org/fhir/tools/StructureDefinition/resource-sort"><valueInteger value="999999999"/></extension><extension url="http://hl7.org/fhir/StructureDefinition/implementationguide-page"><valueUri value="Observation-observation-lab-hepatitisb-example.html"/></extension><reference><reference value="Observation/observation-lab-hepatitisb-example"/></reference><name value="observation-lab-hepatitisb-example"/><description value="成人預防保健檢驗資訊範例-B型肝炎表面抗原"/><exampleCanonical value="https://etatunghpa.com/StructureDefinition/ObservationLab-HPA"/><groupingId value="-ex-example"/></resource><resource><extension url="http://hl7.org/fhir/tools/StructureDefinition/resource-sort"><valueInteger value="999999999"/></extension><extension url="http://hl7.org/fhir/StructureDefinition/implementationguide-page"><valueUri value="Observation-observation-lab-protein-example.html"/></extension><reference><reference value="Observation/observation-lab-protein-example"/></reference><name value="observation-lab-protein-example"/><description value="成人預防保健實驗室檢查尿蛋白"/><exampleCanonical value="https://etatunghpa.com/StructureDefinition/ObservationLab-HPA"/><groupingId value="-ex-example"/></resource><resource><extension url="http://hl7.org/fhir/tools/StructureDefinition/resource-sort"><valueInteger value="999999999"/></extension><extension url="http://hl7.org/fhir/StructureDefinition/implementationguide-page"><valueUri value="Observation-observation-nut-example.html"/></extension><reference><reference value="Observation/observation-nut-example"/></reference><name value="observation-nut-example"/><description value="成人預防保健健康行為嚼檳榔範例"/><exampleCanonical value="https://etatunghpa.com/StructureDefinition/ObservationHealthBehavior-HPA"/><groupingId value="-ex-example"/></resource><resource><extension url="http://hl7.org/fhir/tools/StructureDefinition/resource-sort"><valueInteger value="999999999"/></extension><extension url="http://hl7.org/fhir/StructureDefinition/implementationguide-page"><valueUri value="Observation-observation-pressure-example.html"/></extension><reference><reference value="Observation/observation-pressure-example"/></reference><name value="observation-pressure-example"/><description value="成人預防保健血壓紀錄範例"/><exampleCanonical value="https://etatunghpa.com/StructureDefinition/ObservationPressure-HPA"/><groupingId value="-ex-example"/></resource><resource><extension url="http://hl7.org/fhir/tools/StructureDefinition/resource-sort"><valueInteger value="999999999"/></extension><extension url="http://hl7.org/fhir/StructureDefinition/implementationguide-page"><valueUri value="Observation-observation-smokingstatus-example.html"/></extension><reference><reference value="Observation/observation-smokingstatus-example"/></reference><name value="observation-smokingstatus-example"/><exampleCanonical value="https://etatunghpa.com/StructureDefinition/ObservationSmokingStatus-HPA"/><groupingId value="-ex-example"/></resource><resource><extension url="http://hl7.org/fhir/tools/StructureDefinition/resource-sort"><valueInteger value="999999999"/></extension><extension url="http://hl7.org/fhir/StructureDefinition/implementationguide-page"><valueUri value="Observation-observation-waist-example.html"/></extension><reference><reference value="Observation/observation-waist-example"/></reference><name value="observation-waist-example"/><description value="成人預防保健腰圍紀錄範例"/><exampleCanonical value="https://etatunghpa.com/StructureDefinition/ObservationWaist-HPA"/><groupingId value="-ex-example"/></resource><resource><extension url="http://hl7.org/fhir/tools/StructureDefinition/resource-sort"><valueInteger value="999999999"/></extension><extension url="http://hl7.org/fhir/StructureDefinition/implementationguide-page"><valueUri value="Observation-observation-weight-example.html"/></extension><reference><reference value="Observation/observation-weight-example"/></reference><name value="observation-weight-example"/><description value="成人預防保健體重紀錄範例"/><exampleCanonical value="https://etatunghpa.com/StructureDefinition/ObservationWeight-HPA"/><groupingId value="-ex-example"/></resource><resource><extension url="http://hl7.org/fhir/tools/StructureDefinition/resource-sort"><valueInteger value="999999999"/></extension><extension url="http://hl7.org/fhir/StructureDefinition/implementationguide-page"><valueUri value="Organization-org-hosp-example.html"/></extension><reference><reference value="Organization/org-hosp-example"/></reference><name value="org-hosp-example"/><description value="醫事機構範例"/><exampleBoolean value="true"/><groupingId value="-ex-example"/></resource><resource><extension url="http://hl7.org/fhir/tools/StructureDefinition/resource-sort"><valueInteger value="999999999"/></extension><extension url="http://hl7.org/fhir/StructureDefinition/implementationguide-page"><valueUri value="Organization-org-test-example.html"/></extension><reference><reference value="Organization/org-test-example"/></reference><name value="org-test-example"/><description value="委託代檢醫事檢驗機構範例"/><exampleBoolean value="true"/><groupingId value="-ex-example"/></resource><resource><extension url="http://hl7.org/fhir/tools/StructureDefinition/resource-sort"><valueInteger value="999999999"/></extension><extension url="http://hl7.org/fhir/StructureDefinition/implementationguide-page"><valueUri value="Patient-patient-example.html"/></extension><reference><reference value="Patient/patient-example"/></reference><name value="patient-example"/><description value="成人預防保健受檢民眾基本資料範例"/><exampleCanonical value="https://etatunghpa.com/StructureDefinition/Patient-HPA"/><groupingId value="-ex-example"/></resource><resource><extension url="http://hl7.org/fhir/tools/StructureDefinition/resource-sort"><valueInteger value="999999999"/></extension><extension url="http://hl7.org/fhir/StructureDefinition/implementationguide-page"><valueUri value="Practitioner-practitioner-first-example.html"/></extension><reference><reference value="Practitioner/practitioner-first-example"/></reference><name value="practitioner-first-example"/><description value="成人預防保健第一階段服務診治醫師範例"/><exampleCanonical value="https://etatunghpa.com/StructureDefinition/Practitioner-HPA"/><groupingId value="-ex-example"/></resource><resource><extension url="http://hl7.org/fhir/tools/StructureDefinition/resource-sort"><valueInteger value="999999999"/></extension><extension url="http://hl7.org/fhir/StructureDefinition/implementationguide-page"><valueUri value="RiskAssessment-riskassessment-cad-example.html"/></extension><reference><reference value="RiskAssessment/riskassessment-cad-example"/></reference><name value="riskassessment-cad-example"/><description value="成人預防保慢性疾病風險值:冠心病範例"/><exampleCanonical value="https://etatunghpa.com/StructureDefinition/RiskAssessment-HPA"/><groupingId value="-ex-example"/></resource><page><extension url="http://hl7.org/fhir/tools/StructureDefinition/ig-page-name"><valueUrl value="toc.html"/></extension><nameUrl value="toc.html"/><title value="Table of Contents"/><generation value="html"/><page><extension url="http://hl7.org/fhir/tools/StructureDefinition/ig-page-name"><valueUrl value="index.html"/></extension><nameUrl value="index.html"/><title value="首頁"/><generation value="markdown"/></page><page><extension url="http://hl7.org/fhir/tools/StructureDefinition/ig-page-name"><valueUrl value="profiles-and-extensions.html"/></extension><nameUrl value="profiles-and-extensions.html"/><title value="Profiles and Extensions"/><generation value="markdown"/></page><page><extension url="http://hl7.org/fhir/tools/StructureDefinition/ig-page-name"><valueUrl value="logical-model.html"/></extension><nameUrl value="logical-model.html"/><title value="Logical Model"/><generation value="markdown"/></page><page><extension url="http://hl7.org/fhir/tools/StructureDefinition/ig-page-name"><valueUrl value="capability-statements.html"/></extension><nameUrl value="capability-statements.html"/><title value="Capability Statements"/><generation value="markdown"/></page><page><extension url="http://hl7.org/fhir/tools/StructureDefinition/ig-page-name"><valueUrl value="search-parameters-and-operations.html"/></extension><nameUrl value="search-parameters-and-operations.html"/><title value="Search Parameters and Operations"/><generation value="markdown"/></page><page><extension url="http://hl7.org/fhir/tools/StructureDefinition/ig-page-name"><valueUrl value="terminology.html"/></extension><nameUrl value="terminology.html"/><title value="Terminology"/><generation value="markdown"/></page><page><extension url="http://hl7.org/fhir/tools/StructureDefinition/ig-page-name"><valueUrl value="security.html"/></extension><nameUrl value="security.html"/><title value="安全性"/><generation value="markdown"/></page><page><extension url="http://hl7.org/fhir/tools/StructureDefinition/ig-page-name"><valueUrl value="examples.html"/></extension><nameUrl value="examples.html"/><title value="範例"/><generation value="markdown"/></page><page><extension url="http://hl7.org/fhir/tools/StructureDefinition/ig-page-name"><valueUrl value="downloads.html"/></extension><nameUrl value="downloads.html"/><title value="定義與範例檔下載"/><generation value="markdown"/></page><page><extension url="http://hl7.org/fhir/tools/StructureDefinition/ig-page-name"><valueUrl value="history.html"/></extension><nameUrl value="history.html"/><title value="歷程"/><generation value="markdown"/></page><page><extension url="http://hl7.org/fhir/tools/StructureDefinition/ig-page-name"><valueUrl value="vmodel.html"/></extension><nameUrl value="vmodel.html"/><title value="視覺化邏輯模型"/><generation value="markdown"/></page><page><extension url="http://hl7.org/fhir/tools/StructureDefinition/ig-page-name"><valueUrl value="artifacts.html"/></extension><nameUrl value="artifacts.html"/><title value="Artifacts Summary"/><generation value="html"/><page><extension url="http://hl7.org/fhir/tools/StructureDefinition/ig-page-name"><valueUrl value="CapabilityStatement-CapabilityStatementHPAServer.html"/></extension><nameUrl value="CapabilityStatement-CapabilityStatementHPAServer.html"/><title value="成人預防保健-伺服端（TW Core Server）"/><generation value="generated"/></page><page><extension url="http://hl7.org/fhir/tools/StructureDefinition/ig-page-name"><valueUrl value="StructureDefinition-HPA-Model.html"/></extension><nameUrl value="StructureDefinition-HPA-Model.html"/><title value="成人預防保健(HPA)之資料模型"/><generation value="generated"/></page><page><extension url="http://hl7.org/fhir/tools/StructureDefinition/ig-page-name"><valueUrl value="StructureDefinition-ObservationHealthBehavior-HPA.html"/></extension><nameUrl value="StructureDefinition-ObservationHealthBehavior-HPA.html"/><title value="成人預防保健-健康行為"/><generation value="generated"/></page><page><extension url="http://hl7.org/fhir/tools/StructureDefinition/ig-page-name"><valueUrl value="StructureDefinition-ObservationSmokingStatus-HPA.html"/></extension><nameUrl value="StructureDefinition-ObservationSmokingStatus-HPA.html"/><title value="成人預防保健-健康行為-吸菸"/><generation value="generated"/></page><page><extension url="http://hl7.org/fhir/tools/StructureDefinition/ig-page-name"><valueUrl value="StructureDefinition-ObservationHealthConsultation-HPA.html"/></extension><nameUrl value="StructureDefinition-ObservationHealthConsultation-HPA.html"/><title value="成人預防保健-健康諮詢"/><generation value="generated"/></page><page><extension url="http://hl7.org/fhir/tools/StructureDefinition/ig-page-name"><valueUrl value="StructureDefinition-Patient-HPA.html"/></extension><nameUrl value="StructureDefinition-Patient-HPA.html"/><title value="成人預防保健-受檢民眾基本資料"/><generation value="generated"/></page><page><extension url="http://hl7.org/fhir/tools/StructureDefinition/ig-page-name"><valueUrl value="StructureDefinition-Condition-HPA.html"/></extension><nameUrl value="StructureDefinition-Condition-HPA.html"/><title value="成人預防保健-受檢民眾疾病史"/><generation value="generated"/></page><page><extension url="http://hl7.org/fhir/tools/StructureDefinition/ig-page-name"><valueUrl value="StructureDefinition-ObservationLab-HPA.html"/></extension><nameUrl value="StructureDefinition-ObservationLab-HPA.html"/><title value="成人預防保健-實驗室檢查"/><generation value="generated"/></page><page><extension url="http://hl7.org/fhir/tools/StructureDefinition/ig-page-name"><valueUrl value="StructureDefinition-Encounter-HPA.html"/></extension><nameUrl value="StructureDefinition-Encounter-HPA.html"/><title value="成人預防保健-就醫紀錄"/><generation value="generated"/></page><page><extension url="http://hl7.org/fhir/tools/StructureDefinition/ig-page-name"><valueUrl value="StructureDefinition-RiskAssessment-HPA.html"/></extension><nameUrl value="StructureDefinition-RiskAssessment-HPA.html"/><title value="成人預防保健-慢性疾病風險"/><generation value="generated"/></page><page><extension url="http://hl7.org/fhir/tools/StructureDefinition/ig-page-name"><valueUrl value="StructureDefinition-ObservationDepression-HPA.html"/></extension><nameUrl value="StructureDefinition-ObservationDepression-HPA.html"/><title value="成人預防保健-憂鬱檢測"/><generation value="generated"/></page><page><extension url="http://hl7.org/fhir/tools/StructureDefinition/ig-page-name"><valueUrl value="StructureDefinition-Practitioner-HPA.html"/></extension><nameUrl value="StructureDefinition-Practitioner-HPA.html"/><title value="成人預防保健-服務診治醫師"/><generation value="generated"/></page><page><extension url="http://hl7.org/fhir/tools/StructureDefinition/ig-page-name"><valueUrl value="StructureDefinition-DiagnosticReport-HPA.html"/></extension><nameUrl value="StructureDefinition-DiagnosticReport-HPA.html"/><title value="成人預防保健-檢查結果與建議"/><generation value="generated"/></page><page><extension url="http://hl7.org/fhir/tools/StructureDefinition/ig-page-name"><valueUrl value="StructureDefinition-ObservationKidneyStage-HPA.html"/></extension><nameUrl value="StructureDefinition-ObservationKidneyStage-HPA.html"/><title value="成人預防保健-腎功能檢查期別"/><generation value="generated"/></page><page><extension url="http://hl7.org/fhir/tools/StructureDefinition/ig-page-name"><valueUrl value="StructureDefinition-ObservationWaist-HPA.html"/></extension><nameUrl value="StructureDefinition-ObservationWaist-HPA.html"/><title value="成人預防保健-身體檢查-腰圍"/><generation value="generated"/></page><page><extension url="http://hl7.org/fhir/tools/StructureDefinition/ig-page-name"><valueUrl value="StructureDefinition-ObservationPressure-HPA.html"/></extension><nameUrl value="StructureDefinition-ObservationPressure-HPA.html"/><title value="成人預防保健-身體檢查-血壓"/><generation value="generated"/></page><page><extension url="http://hl7.org/fhir/tools/StructureDefinition/ig-page-name"><valueUrl value="StructureDefinition-ObservationBMI-HPA.html"/></extension><nameUrl value="StructureDefinition-ObservationBMI-HPA.html"/><title value="成人預防保健-身體檢查-身體質量指數(BMI)"/><generation value="generated"/></page><page><extension url="http://hl7.org/fhir/tools/StructureDefinition/ig-page-name"><valueUrl value="StructureDefinition-ObservationHeight-HPA.html"/></extension><nameUrl value="StructureDefinition-ObservationHeight-HPA.html"/><title value="成人預防保健-身體檢查-身高"/><generation value="generated"/></page><page><extension url="http://hl7.org/fhir/tools/StructureDefinition/ig-page-name"><valueUrl value="StructureDefinition-ObservationWeight-HPA.html"/></extension><nameUrl value="StructureDefinition-ObservationWeight-HPA.html"/><title value="成人預防保健-身體檢查-體重"/><generation value="generated"/></page><page><extension url="http://hl7.org/fhir/tools/StructureDefinition/ig-page-name"><valueUrl value="StructureDefinition-Organization-HPA.html"/></extension><nameUrl value="StructureDefinition-Organization-HPA.html"/><title value="成人預防保健-醫事機構資訊"/><generation value="generated"/></page><page><extension url="http://hl7.org/fhir/tools/StructureDefinition/ig-page-name"><valueUrl value="ValueSet-snomed-health-behavior-code.html"/></extension><nameUrl value="ValueSet-snomed-health-behavior-code.html"/><title value="成人預防保健健康行為SNOMED Health Behavior代碼集值"/><generation value="generated"/></page><page><extension url="http://hl7.org/fhir/tools/StructureDefinition/ig-page-name"><valueUrl value="ValueSet-snomed-health-consultation-code.html"/></extension><nameUrl value="ValueSet-snomed-health-consultation-code.html"/><title value="成人預防保健健康諮詢SNOMED Health Consultation代碼集值"/><generation value="generated"/></page><page><extension url="http://hl7.org/fhir/tools/StructureDefinition/ig-page-name"><valueUrl value="ValueSet-snomed-risk-assessment-code.html"/></extension><nameUrl value="ValueSet-snomed-risk-assessment-code.html"/><title value="成人預防保健慢性疾病風險SNOMED Risk Assessment代碼集值"/><generation value="generated"/></page><page><extension url="http://hl7.org/fhir/tools/StructureDefinition/ig-page-name"><valueUrl value="ValueSet-loinc-diagnostic-code.html"/></extension><nameUrl value="ValueSet-loinc-diagnostic-code.html"/><title value="成人預防保健檢查結果與建議Loinc Diagnostic代碼集值"/><generation value="generated"/></page><page><extension url="http://hl7.org/fhir/tools/StructureDefinition/ig-page-name"><valueUrl value="ValueSet-snomed-medical-history-code.html"/></extension><nameUrl value="ValueSet-snomed-medical-history-code.html"/><title value="成人預防保健疾病史SNOMED Medical History代碼集值"/><generation value="generated"/></page><page><extension url="http://hl7.org/fhir/tools/StructureDefinition/ig-page-name"><valueUrl value="Condition-condition-example.html"/></extension><nameUrl value="Condition-condition-example.html"/><title value="condition-example"/><generation value="generated"/></page><page><extension url="http://hl7.org/fhir/tools/StructureDefinition/ig-page-name"><valueUrl value="DiagnosticReport-diagnosticreport-bloodpressure-example.html"/></extension><nameUrl value="DiagnosticReport-diagnosticreport-bloodpressure-example.html"/><title value="diagnosticreport-bloodpressure-example"/><generation value="generated"/></page><page><extension url="http://hl7.org/fhir/tools/StructureDefinition/ig-page-name"><valueUrl value="Encounter-encounter-example.html"/></extension><nameUrl value="Encounter-encounter-example.html"/><title value="encounter-example"/><generation value="generated"/></page><page><extension url="http://hl7.org/fhir/tools/StructureDefinition/ig-page-name"><valueUrl value="Observation-observation-bmi-example.html"/></extension><nameUrl value="Observation-observation-bmi-example.html"/><title value="observation-bmi-example"/><generation value="generated"/></page><page><extension url="http://hl7.org/fhir/tools/StructureDefinition/ig-page-name"><valueUrl value="Observation-observation-checkbc-example.html"/></extension><nameUrl value="Observation-observation-checkbc-example.html"/><title value="observation-checkbc-example"/><generation value="generated"/></page><page><extension url="http://hl7.org/fhir/tools/StructureDefinition/ig-page-name"><valueUrl value="Observation-observation-consult-smoke-example.html"/></extension><nameUrl value="Observation-observation-consult-smoke-example.html"/><title value="observation-consult-smoke-example"/><generation value="generated"/></page><page><extension url="http://hl7.org/fhir/tools/StructureDefinition/ig-page-name"><valueUrl value="Observation-observation-depress-example.html"/></extension><nameUrl value="Observation-observation-depress-example.html"/><title value="observation-depress-example"/><generation value="generated"/></page><page><extension url="http://hl7.org/fhir/tools/StructureDefinition/ig-page-name"><valueUrl value="Observation-observation-height-example.html"/></extension><nameUrl value="Observation-observation-height-example.html"/><title value="observation-height-example"/><generation value="generated"/></page><page><extension url="http://hl7.org/fhir/tools/StructureDefinition/ig-page-name"><valueUrl value="Observation-observation-kidneystage-example.html"/></extension><nameUrl value="Observation-observation-kidneystage-example.html"/><title value="observation-kidneystage-example"/><generation value="generated"/></page><page><extension url="http://hl7.org/fhir/tools/StructureDefinition/ig-page-name"><valueUrl value="Observation-observation-lab-hepatitisb-example.html"/></extension><nameUrl value="Observation-observation-lab-hepatitisb-example.html"/><title value="observation-lab-hepatitisb-example"/><generation value="generated"/></page><page><extension url="http://hl7.org/fhir/tools/StructureDefinition/ig-page-name"><valueUrl value="Observation-observation-lab-protein-example.html"/></extension><nameUrl value="Observation-observation-lab-protein-example.html"/><title value="observation-lab-protein-example"/><generation value="generated"/></page><page><extension url="http://hl7.org/fhir/tools/StructureDefinition/ig-page-name"><valueUrl value="Observation-observation-nut-example.html"/></extension><nameUrl value="Observation-observation-nut-example.html"/><title value="observation-nut-example"/><generation value="generated"/></page><page><extension url="http://hl7.org/fhir/tools/StructureDefinition/ig-page-name"><valueUrl value="Observation-observation-pressure-example.html"/></extension><nameUrl value="Observation-observation-pressure-example.html"/><title value="observation-pressure-example"/><generation value="generated"/></page><page><extension url="http://hl7.org/fhir/tools/StructureDefinition/ig-page-name"><valueUrl value="Observation-observation-smokingstatus-example.html"/></extension><nameUrl value="Observation-observation-smokingstatus-example.html"/><title value="observation-smokingstatus-example"/><generation value="generated"/></page><page><extension url="http://hl7.org/fhir/tools/StructureDefinition/ig-page-name"><valueUrl value="Observation-observation-waist-example.html"/></extension><nameUrl value="Observation-observation-waist-example.html"/><title value="observation-waist-example"/><generation value="generated"/></page><page><extension url="http://hl7.org/fhir/tools/StructureDefinition/ig-page-name"><valueUrl value="Observation-observation-weight-example.html"/></extension><nameUrl value="Observation-observation-weight-example.html"/><title value="observation-weight-example"/><generation value="generated"/></page><page><extension url="http://hl7.org/fhir/tools/StructureDefinition/ig-page-name"><valueUrl value="Organization-org-hosp-example.html"/></extension><nameUrl value="Organization-org-hosp-example.html"/><title value="org-hosp-example"/><generation value="generated"/></page><page><extension url="http://hl7.org/fhir/tools/StructureDefinition/ig-page-name"><valueUrl value="Organization-org-test-example.html"/></extension><nameUrl value="Organization-org-test-example.html"/><title value="org-test-example"/><generation value="generated"/></page><page><extension url="http://hl7.org/fhir/tools/StructureDefinition/ig-page-name"><valueUrl value="Patient-patient-example.html"/></extension><nameUrl value="Patient-patient-example.html"/><title value="patient-example"/><generation value="generated"/></page><page><extension url="http://hl7.org/fhir/tools/StructureDefinition/ig-page-name"><valueUrl value="Practitioner-practitioner-first-example.html"/></extension><nameUrl value="Practitioner-practitioner-first-example.html"/><title value="practitioner-first-example"/><generation value="generated"/></page><page><extension url="http://hl7.org/fhir/tools/StructureDefinition/ig-page-name"><valueUrl value="RiskAssessment-riskassessment-cad-example.html"/></extension><nameUrl value="RiskAssessment-riskassessment-cad-example.html"/><title value="riskassessment-cad-example"/><generation value="generated"/></page></page></page><parameter><code value="path-resource"/><value value="input/capabilities"/></parameter><parameter><code value="path-resource"/><value value="input/examples"/></parameter><parameter><code value="path-resource"/><value value="input/extensions"/></parameter><parameter><code value="path-resource"/><value value="input/models"/></parameter><parameter><code value="path-resource"/><value value="input/operations"/></parameter><parameter><code value="path-resource"/><value value="input/profiles"/></parameter><parameter><code value="path-resource"/><value value="input/resources"/></parameter><parameter><code value="path-resource"/><value value="input/vocabulary"/></parameter><parameter><code value="path-resource"/><value value="input/maps"/></parameter><parameter><code value="path-resource"/><value value="input/testing"/></parameter><parameter><code value="path-resource"/><value value="input/history"/></parameter><parameter><code value="path-resource"/><value value="fsh-generated/resources"/></parameter><parameter><code value="path-pages"/><value value="template/config"/></parameter><parameter><code value="path-pages"/><value value="input/images"/></parameter><parameter><code value="path-tx-cache"/><value value="input-cache/txcache"/></parameter></definition></ImplementationGuide>