<?xml version="1.0" encoding="UTF-8"?><ValueSet xmlns="http://hl7.org/fhir"><id value="snomed-medical-history-code"/><text><status value="generated"/><div xmlns="http://www.w3.org/1999/xhtml"><p class="res-header-id"><b>Generated Narrative: ValueSet snomed-medical-history-code</b></p><a name="snomed-medical-history-code"> </a><a name="hcsnomed-medical-history-code"> </a><a name="snomed-medical-history-code-en-US"> </a><ul><li>Include these codes as defined in <a href="http://www.snomed.org/"><code>http://snomed.info/sct</code></a><table class="none"><tr><td style="white-space:nowrap"><b>Code</b></td><td><b>Display</b></td></tr><tr><td><a href="http://snomed.info/id/161501007">161501007</a></td><td>H/O: hypertension</td></tr><tr><td><a href="http://snomed.info/id/161445009">161445009</a></td><td>H/O: diabetes mellitus</td></tr><tr><td><a href="http://snomed.info/id/161450003">161450003</a></td><td>H/O: raised blood lipids</td></tr><tr><td><a href="http://snomed.info/id/275544003">275544003</a></td><td>H/O: heart disorder</td></tr><tr><td><a href="http://snomed.info/id/275527002">275527002</a></td><td>H/O: stroke</td></tr><tr><td><a href="http://snomed.info/id/275552000">275552000</a></td><td>H/O: kidney disease</td></tr></table></li></ul></div></text><url value="https://twhpa.tsti.com/ValueSet/snomed-medical-history-code"/><version value="0.2.1"/><name value="SNOMEDMedicalHistory"/><title value="成人預防保健疾病史SNOMED Medical History代碼集值"/><status value="active"/><experimental value="false"/><date value="2025-04-18T15:37:31+08:00"/><publisher value="大世科 tsti"/><contact><name value="大世科 tsti"/><telecom><system value="url"/><value value="https://www.etatung.com/"/></telecom></contact><description value="成人預防保健疾病史SNOMED Medical History代碼集值。代碼更新日期：2025-04-18。"/><compose><include><system value="http://snomed.info/sct"/><concept><code value="161501007"/><display value="H/O: hypertension"/></concept><concept><code value="161445009"/><display value="H/O: diabetes mellitus"/></concept><concept><code value="161450003"/><display value="H/O: raised blood lipids"/></concept><concept><code value="275544003"/><display value="H/O: heart disorder"/></concept><concept><code value="275527002"/><display value="H/O: stroke"/></concept><concept><code value="275552000"/><display value="H/O: kidney disease"/></concept></include></compose></ValueSet>