<?xml version="1.0" encoding="UTF-8"?><ValueSet xmlns="http://hl7.org/fhir"><id value="loinc-diagnostic-code"/><text><status value="generated"/><div xmlns="http://www.w3.org/1999/xhtml"><p class="res-header-id"><b>Generated Narrative: ValueSet loinc-diagnostic-code</b></p><a name="loinc-diagnostic-code"> </a><a name="hcloinc-diagnostic-code"> </a><a name="loinc-diagnostic-code-en-US"> </a><ul><li>Include these codes as defined in <a href="http://loinc.org"><code>http://loinc.org</code></a><table class="none"><tr><td style="white-space:nowrap"><b>Code</b></td><td><b>Display</b></td></tr><tr><td><a href="https://loinc.org/85354-9/">85354-9</a></td><td>Blood pressure panel with all children optional</td></tr><tr><td><a href="https://loinc.org/2339-0/">2339-0</a></td><td>Glucose [Mass/volume] in Blood</td></tr><tr><td><a href="https://loinc.org/100898-6/">100898-6</a></td><td>Lipid panel - Serum or Plasma</td></tr><tr><td><a href="https://loinc.org/24362-6/">24362-6</a></td><td>Renal function 2000 panel - Serum or Plasma</td></tr><tr><td><a href="https://loinc.org/24325-3/">24325-3</a></td><td>Hepatic function 2000 panel - Serum or Plasma</td></tr><tr><td><a href="https://loinc.org/24323-8/">24323-8</a></td><td>Comprehensive metabolic 2000 panel - Serum or Plasma</td></tr><tr><td><a href="https://loinc.org/5196-1/">5196-1</a></td><td>Hepatitis B virus surface Ag [Presence] in Serum or Plasma by Immunoassay</td></tr><tr><td><a href="https://loinc.org/13955-0/">13955-0</a></td><td>Hepatitis C virus Ab [Presence] in Serum or Plasma by Immunoassay</td></tr><tr><td><a href="https://loinc.org/55757-9/">55757-9</a></td><td>Patient Health Questionnaire 2 item (PHQ-2) [Reported]</td></tr></table></li></ul></div></text><url value="https://twhpa.tsti.com/ValueSet/loinc-diagnostic-code"/><version value="0.2.1"/><name value="LoincDiagnostic"/><title value="成人預防保健檢查結果與建議Loinc Diagnostic代碼集值"/><status value="active"/><experimental value="false"/><date value="2025-04-18T15:37:31+08:00"/><publisher value="大世科 tsti"/><contact><name value="大世科 tsti"/><telecom><system value="url"/><value value="https://www.etatung.com/"/></telecom></contact><description value="成人預防保健檢查結果與建議Loinc Diagnostic代碼集值。代碼更新日期：2025-04-18。"/><copyright value="This content LOINC® is copyright © 1995 Regenstrief Institute, Inc. and the LOINC Committee, and available at no cost under the license at http://loinc.org/terms-of-use"/><compose><include><system value="http://loinc.org"/><concept><code value="85354-9"/><display value="Blood pressure panel with all children optional"/></concept><concept><code value="2339-0"/><display value="Glucose [Mass/volume] in Blood"/></concept><concept><code value="100898-6"/><display value="Lipid panel - Serum or Plasma"/></concept><concept><code value="24362-6"/><display value="Renal function 2000 panel - Serum or Plasma"/></concept><concept><code value="24325-3"/><display value="Hepatic function 2000 panel - Serum or Plasma"/></concept><concept><code value="24323-8"/><display value="Comprehensive metabolic 2000 panel - Serum or Plasma"/></concept><concept><code value="5196-1"/><display value="Hepatitis B virus surface Ag [Presence] in Serum or Plasma by Immunoassay"/></concept><concept><code value="13955-0"/><display value="Hepatitis C virus Ab [Presence] in Serum or Plasma by Immunoassay"/></concept><concept><code value="55757-9"/><display value="Patient Health Questionnaire 2 item (PHQ-2) [Reported]"/></concept></include></compose></ValueSet>