<?xml version="1.0" encoding="UTF-8"?><ValueSet xmlns="http://hl7.org/fhir"><id value="snomed-health-behavior-code"/><text><status value="generated"/><div xmlns="http://www.w3.org/1999/xhtml"><p class="res-header-id"><b>Generated Narrative: ValueSet snomed-health-behavior-code</b></p><a name="snomed-health-behavior-code"> </a><a name="hcsnomed-health-behavior-code"> </a><a name="snomed-health-behavior-code-en-US"> </a><ul><li>Include these codes as defined in <a href="http://www.snomed.org/"><code>http://snomed.info/sct</code></a><table class="none"><tr><td style="white-space:nowrap"><b>Code</b></td><td><b>Display</b></td></tr><tr><td><a href="http://snomed.info/id/160573003">160573003</a></td><td>Alcohol intake</td></tr><tr><td><a href="http://snomed.info/id/227491007">227491007</a></td><td>Betal nut</td></tr><tr><td><a href="http://snomed.info/id/128976003">128976003</a></td><td>Exercise state</td></tr><tr><td><a href="http://snomed.info/id/444266007">444266007</a></td><td>Measurement of Hepatitis B surface antibody and Hepatitis C antibody</td></tr></table></li></ul></div></text><url value="https://twhpa.tsti.com/ValueSet/snomed-health-behavior-code"/><version value="0.2.1"/><name value="SNOMEDHealthBehavior"/><title value="成人預防保健健康行為SNOMED Health Behavior代碼集值"/><status value="active"/><experimental value="false"/><date value="2025-04-18T15:37:31+08:00"/><publisher value="大世科 tsti"/><contact><name value="大世科 tsti"/><telecom><system value="url"/><value value="https://www.etatung.com/"/></telecom></contact><description value="成人預防保健健康行為SNOMED Health Behavior代碼集值。代碼更新日期：2025-04-18。"/><copyright value="This value set includes content from SNOMED CT, which is copyright © 2002+ International Health Terminology Standards Development Organisation (IHTSDO), and distributed by agreement between IHTSDO and HL7. Implementer use of SNOMED CT is not covered by this agreement."/><compose><include><system value="http://snomed.info/sct"/><concept><code value="160573003"/><display value="Alcohol intake"/></concept><concept><code value="227491007"/><display value="Betal nut"/></concept><concept><code value="128976003"/><display value="Exercise state"/></concept><concept><code value="444266007"/><display value="Measurement of Hepatitis B surface antibody and Hepatitis C antibody"/></concept></include></compose></ValueSet>