{
  "resourceType" : "Bundle",
  "id" : "BundleAdultCheckExample",
  "meta" : {
    "profile" : ["https://tstifhir.azurehealthcareapis.com/StructureDefinition/Bundle-adultcheck"]
  },
  "identifier" : {
    "use" : "official",
    "type" : {
      "coding" : [{
        "system" : "https://twcore.mohw.gov.tw/ig/twcore/CodeSystem/v2-0203",
        "code" : "MRT"
      }]
    },
    "system" : "https://tsti.hospital.com",
    "value" : "000120230721"
  },
  "type" : "document",
  "timestamp" : "2022-08-01T17:00:14-05:00",
  "entry" : [{
    "resource" : {
      "resourceType" : "Composition",
      "id" : "CompositionAdultCheckExample",
      "meta" : {
        "profile" : ["https://tstifhir.azurehealthcareapis.com/StructureDefinition/Composition-adultcheck"]
      },
      "text" : {
        "status" : "generated",
        "div" : "<div xmlns=\"http://www.w3.org/1999/xhtml\"><p><b>Generated Narrative: Composition</b><a name=\"CompositionAdultCheckExample\"> </a></p><div style=\"display: inline-block; background-color: #d9e0e7; padding: 6px; margin: 4px; border: 1px solid #8da1b4; border-radius: 5px; line-height: 60%\"><p style=\"margin-bottom: 0px\">Resource Composition &quot;CompositionAdultCheckExample&quot; </p><p style=\"margin-bottom: 0px\">Profile: <a href=\"StructureDefinition-Composition-adultcheck.html\">Composition - AdultCheck</a></p></div><p><b>identifier</b>: MRT: 000120230721\u00a0(use:\u00a0OFFICIAL)</p><p><b>status</b>: final</p><p><b>type</b>: General medicine Hospital Progress note <span style=\"background: LightGoldenRodYellow; margin: 4px; border: 1px solid khaki\"> (<a href=\"https://loinc.org/\">LOINC</a>#100574-4)</span></p><p><b>encounter</b>: <a href=\"Encounter/encounter-example\">Encounter/encounter-example</a></p><p><b>date</b>: 2022-08-01 17:00:14-0500</p><p><b>author</b>: </p><ul><li><a href=\"Organization/organ-example1\">Organization/organ-example1</a></li><li><a href=\"Organization/organ-example2\">Organization/organ-example2</a></li></ul><p><b>title</b>: 成人健康檢查問卷</p></div>"
      },
      "identifier" : {
        "use" : "official",
        "type" : {
          "coding" : [{
            "system" : "https://twcore.mohw.gov.tw/ig/twcore/CodeSystem/v2-0203",
            "code" : "MRT"
          }]
        },
        "system" : "https://tsti.hospital.com",
        "value" : "000120230721"
      },
      "status" : "final",
      "type" : {
        "coding" : [{
          "system" : "http://loinc.org",
          "code" : "100574-4",
          "display" : "General medicine Hospital Progress note"
        }]
      },
      "subject" : {
        "reference" : "Patient/pat-example"
      },
      "encounter" : {
        "reference" : "Encounter/encounter-example"
      },
      "date" : "2022-08-01T17:00:14-05:00",
      "author" : [{
        "reference" : "Organization/organ-example1"
      },
      {
        "reference" : "Organization/organ-example2"
      }],
      "title" : "成人健康檢查問卷",
      "section" : [{
        "title" : "疾病史-高血壓",
        "code" : {
          "coding" : [{
            "system" : "http://loinc.org",
            "code" : "34117-2",
            "display" : "History and physical note"
          }]
        },
        "entry" : [{
          "reference" : "Condition/bp-example"
        }]
      },
      {
        "title" : "疾病史-糖尿病",
        "code" : {
          "coding" : [{
            "system" : "http://loinc.org",
            "code" : "34117-2",
            "display" : "History and physical note"
          }]
        },
        "entry" : [{
          "reference" : "Condition/db-example"
        }]
      },
      {
        "title" : "疾病史-高血脂症",
        "code" : {
          "coding" : [{
            "system" : "http://loinc.org",
            "code" : "34117-2",
            "display" : "History and physical note"
          }]
        },
        "entry" : [{
          "reference" : "Condition/bg-example"
        }]
      },
      {
        "title" : "疾病史-心臟病",
        "code" : {
          "coding" : [{
            "system" : "http://loinc.org",
            "code" : "34117-2",
            "display" : "History and physical note"
          }]
        },
        "entry" : [{
          "reference" : "Condition/cd-example"
        }]
      },
      {
        "title" : "疾病史-腦中風",
        "code" : {
          "coding" : [{
            "system" : "http://loinc.org",
            "code" : "34117-2",
            "display" : "History and physical note"
          }]
        },
        "entry" : [{
          "reference" : "Condition/sd-example"
        }]
      },
      {
        "title" : "疾病史-腎臟病",
        "code" : {
          "coding" : [{
            "system" : "http://loinc.org",
            "code" : "34117-2",
            "display" : "History and physical note"
          }]
        },
        "entry" : [{
          "reference" : "Condition/kd-example"
        }]
      },
      {
        "title" : "生理量測-身高",
        "code" : {
          "coding" : [{
            "system" : "http://loinc.org",
            "code" : "85353-1",
            "display" : "Vital signs, weight, height, head circumference, oxygen saturation and BMI panel"
          }]
        },
        "entry" : [{
          "reference" : "Observation/height-example"
        }]
      },
      {
        "title" : "生理量測-體重",
        "code" : {
          "coding" : [{
            "system" : "http://loinc.org",
            "code" : "85353-1",
            "display" : "Vital signs, weight, weight, head circumference, oxygen saturation and BMI panel"
          }]
        },
        "entry" : [{
          "reference" : "Observation/weight-example"
        }]
      },
      {
        "title" : "生理量測-BMI",
        "code" : {
          "coding" : [{
            "system" : "http://loinc.org",
            "code" : "85353-1",
            "display" : "Vital signs, weight, bmi, head circumference, oxygen saturation and BMI panel"
          }]
        },
        "entry" : [{
          "reference" : "Observation/bmi-example"
        }]
      },
      {
        "title" : "生理量測-血壓",
        "code" : {
          "coding" : [{
            "system" : "http://loinc.org",
            "code" : "85353-1",
            "display" : "Vital signs, weight, bloodtype, head circumference, oxygen saturation and BMI panel"
          }]
        },
        "entry" : [{
          "reference" : "Observation/bloodtype-example"
        }]
      },
      {
        "title" : "生理量測-腰圍",
        "code" : {
          "coding" : [{
            "system" : "http://loinc.org",
            "code" : "85353-1",
            "display" : "Vital signs, weight, waist, head circumference, oxygen saturation and BMI panel"
          }]
        },
        "entry" : [{
          "reference" : "Observation/waist-example"
        }]
      },
      {
        "title" : "Protein 尿蛋白",
        "code" : {
          "coding" : [{
            "system" : "http://loinc.org",
            "code" : "19146-0",
            "display" : "Reference lab test results"
          }]
        },
        "entry" : [{
          "reference" : "Observation/lab-protein-example"
        }]
      },
      {
        "title" : "血糖",
        "code" : {
          "coding" : [{
            "system" : "http://loinc.org",
            "code" : "19146-0",
            "display" : "Reference lab test results"
          }]
        },
        "entry" : [{
          "reference" : "Observation/lab-sugar-example"
        }]
      },
      {
        "title" : "膽固醇",
        "code" : {
          "coding" : [{
            "system" : "http://loinc.org",
            "code" : "19146-0",
            "display" : "Reference lab test results"
          }]
        },
        "entry" : [{
          "reference" : "Observation/lab-cholesterol-example"
        }]
      },
      {
        "title" : "三酸甘油脂",
        "code" : {
          "coding" : [{
            "system" : "http://loinc.org",
            "code" : "19146-0",
            "display" : "Reference lab test results"
          }]
        },
        "entry" : [{
          "reference" : "Observation/lab-triglycerides-example"
        }]
      },
      {
        "title" : "低密度脂蛋白膽固醇計算",
        "code" : {
          "coding" : [{
            "system" : "http://loinc.org",
            "code" : "19146-0",
            "display" : "Reference lab test results"
          }]
        },
        "entry" : [{
          "reference" : "Observation/lab-low-example"
        }]
      },
      {
        "title" : "高密度膽固醇",
        "code" : {
          "coding" : [{
            "system" : "http://loinc.org",
            "code" : "19146-0",
            "display" : "Reference lab test results"
          }]
        },
        "entry" : [{
          "reference" : "Observation/lab-high-example"
        }]
      },
      {
        "title" : "GOT",
        "code" : {
          "coding" : [{
            "system" : "http://loinc.org",
            "code" : "19146-0",
            "display" : "Reference lab test results"
          }]
        },
        "entry" : [{
          "reference" : "Observation/lab-got-example"
        }]
      },
      {
        "title" : "GPT",
        "code" : {
          "coding" : [{
            "system" : "http://loinc.org",
            "code" : "19146-0",
            "display" : "Reference lab test results"
          }]
        },
        "entry" : [{
          "reference" : "Observation/lab-gpt-example"
        }]
      },
      {
        "title" : "肌酸酐",
        "code" : {
          "coding" : [{
            "system" : "http://loinc.org",
            "code" : "19146-0",
            "display" : "Reference lab test results"
          }]
        },
        "entry" : [{
          "reference" : "Observation/lab-creatinine-example"
        }]
      },
      {
        "title" : "腎絲球過濾率計算",
        "code" : {
          "coding" : [{
            "system" : "http://loinc.org",
            "code" : "19146-0",
            "display" : "Reference lab test results"
          }]
        },
        "entry" : [{
          "reference" : "Observation/lab-glomerulus-example"
        }]
      },
      {
        "title" : "Ｂ型肝炎表面抗原",
        "code" : {
          "coding" : [{
            "system" : "http://loinc.org",
            "code" : "19146-0",
            "display" : "Reference lab test results"
          }]
        },
        "entry" : [{
          "reference" : "Observation/lab-b-example"
        }]
      },
      {
        "title" : "Ｃ型肝炎病毒抗體",
        "code" : {
          "coding" : [{
            "system" : "http://loinc.org",
            "code" : "19146-0",
            "display" : "Reference lab test results"
          }]
        },
        "entry" : [{
          "reference" : "Observation/lab-c-example"
        }]
      },
      {
        "title" : "憂鬱檢測",
        "code" : {
          "coding" : [{
            "system" : "http://loinc.org",
            "code" : "73832-8",
            "display" : "Adult depression screening assessment"
          }]
        },
        "entry" : [{
          "reference" : "Observation/depress-example"
        }]
      },
      {
        "title" : "生活史-吸煙",
        "code" : {
          "coding" : [{
            "system" : "http://loinc.org",
            "code" : "35090-0",
            "display" : "Patient history"
          }]
        },
        "entry" : [{
          "reference" : "Observation/history-smoke-example"
        }]
      },
      {
        "title" : "生活史-喝酒",
        "code" : {
          "coding" : [{
            "system" : "http://loinc.org",
            "code" : "35090-0",
            "display" : "Patient history"
          }]
        },
        "entry" : [{
          "reference" : "Observation/history-liquor-example"
        }]
      },
      {
        "title" : "生活史-嚼檳榔",
        "code" : {
          "coding" : [{
            "system" : "http://loinc.org",
            "code" : "35090-0",
            "display" : "Patient history"
          }]
        },
        "entry" : [{
          "reference" : "Observation/history-nut-example"
        }]
      },
      {
        "title" : "生活史-運動",
        "code" : {
          "coding" : [{
            "system" : "http://loinc.org",
            "code" : "35090-0",
            "display" : "Patient history"
          }]
        },
        "entry" : [{
          "reference" : "Observation/history-exercise-example"
        }]
      },
      {
        "title" : "健康諮詢：戒煙",
        "code" : {
          "coding" : [{
            "system" : "http://loinc.org",
            "code" : "8677-7",
            "display" : "History of Medication use"
          }]
        },
        "entry" : [{
          "reference" : "Observation/con-smoke-example"
        }]
      },
      {
        "title" : "健康諮詢：節酒",
        "code" : {
          "coding" : [{
            "system" : "http://loinc.org",
            "code" : "8677-7",
            "display" : "History of Medication use"
          }]
        },
        "entry" : [{
          "reference" : "Observation/con-liquor-example"
        }]
      },
      {
        "title" : "健康諮詢：戒檳榔",
        "code" : {
          "coding" : [{
            "system" : "http://loinc.org",
            "code" : "8677-7",
            "display" : "History of Medication use"
          }]
        },
        "entry" : [{
          "reference" : "Observation/con-nut-example"
        }]
      },
      {
        "title" : "健康諮詢：規律運動",
        "code" : {
          "coding" : [{
            "system" : "http://loinc.org",
            "code" : "8677-7",
            "display" : "History of Medication use"
          }]
        },
        "entry" : [{
          "reference" : "Observation/con-exercise-example"
        }]
      },
      {
        "title" : "健康諮詢：維持正常體重",
        "code" : {
          "coding" : [{
            "system" : "http://loinc.org",
            "code" : "8677-7",
            "display" : "History of Medication use"
          }]
        },
        "entry" : [{
          "reference" : "Observation/con-weight-example"
        }]
      },
      {
        "title" : "健康諮詢：健康飲食",
        "code" : {
          "coding" : [{
            "system" : "http://loinc.org",
            "code" : "8677-7",
            "display" : "History of Medication use"
          }]
        },
        "entry" : [{
          "reference" : "Observation/con-diet-example"
        }]
      },
      {
        "title" : "健康諮詢：事故傷害預",
        "code" : {
          "coding" : [{
            "system" : "http://loinc.org",
            "code" : "8677-7",
            "display" : "History of Medication use"
          }]
        },
        "entry" : [{
          "reference" : "Observation/con-accident-example"
        }]
      },
      {
        "title" : "健康諮詢：口腔保健",
        "code" : {
          "coding" : [{
            "system" : "http://loinc.org",
            "code" : "8677-7",
            "display" : "History of Medication use"
          }]
        },
        "entry" : [{
          "reference" : "Observation/con-oral-example"
        }]
      },
      {
        "title" : "檢查過B、C型肝炎",
        "code" : {
          "coding" : [{
            "system" : "http://loinc.org",
            "code" : "8677-7",
            "display" : "History of Medication use"
          }]
        },
        "entry" : [{
          "reference" : "Observation/check-bc-example"
        }]
      },
      {
        "title" : "血壓檢查結果與建議",
        "code" : {
          "coding" : [{
            "system" : "http://loinc.org",
            "code" : "50398-7",
            "display" : "Narrative diagnostic report [Interpretation]"
          }]
        },
        "entry" : [{
          "reference" : "DiagnosticReport/diag-bp-example"
        }]
      },
      {
        "title" : "血糖檢查結果判讀",
        "code" : {
          "coding" : [{
            "system" : "http://loinc.org",
            "code" : "50398-7",
            "display" : "Narrative diagnostic report [Interpretation]"
          }]
        },
        "entry" : [{
          "reference" : "DiagnosticReport/diag-sugar-example"
        }]
      },
      {
        "title" : "血脂肪檢查結果判讀",
        "code" : {
          "coding" : [{
            "system" : "http://loinc.org",
            "code" : "50398-7",
            "display" : "Narrative diagnostic report [Interpretation]"
          }]
        },
        "entry" : [{
          "reference" : "DiagnosticReport/diag-bg-example"
        }]
      },
      {
        "title" : "腎功能檢查結果判讀",
        "code" : {
          "coding" : [{
            "system" : "http://loinc.org",
            "code" : "50398-7",
            "display" : "Narrative diagnostic report [Interpretation]"
          }]
        },
        "entry" : [{
          "reference" : "DiagnosticReport/diag-kid-example"
        }]
      },
      {
        "title" : "肝功能檢查結果判讀",
        "code" : {
          "coding" : [{
            "system" : "http://loinc.org",
            "code" : "50398-7",
            "display" : "Narrative diagnostic report [Interpretation]"
          }]
        },
        "entry" : [{
          "reference" : "DiagnosticReport/diag-liver-example"
        }]
      },
      {
        "title" : "代謝症候群檢查結果與建議",
        "code" : {
          "coding" : [{
            "system" : "http://loinc.org",
            "code" : "50398-7",
            "display" : "Narrative diagnostic report [Interpretation]"
          }]
        },
        "entry" : [{
          "reference" : "DiagnosticReport/diag-metabolic-example"
        }]
      },
      {
        "title" : "B型肝炎檢查結果與建議",
        "code" : {
          "coding" : [{
            "system" : "http://loinc.org",
            "code" : "50398-7",
            "display" : "Narrative diagnostic report [Interpretation]"
          }]
        },
        "entry" : [{
          "reference" : "DiagnosticReport/diag-b-example"
        }]
      },
      {
        "title" : "C型肝炎檢查結果與建議",
        "code" : {
          "coding" : [{
            "system" : "http://loinc.org",
            "code" : "50398-7",
            "display" : "Narrative diagnostic report [Interpretation]"
          }]
        },
        "entry" : [{
          "reference" : "DiagnosticReport/diag-c-example"
        }]
      },
      {
        "title" : "憂鬱檢測結果與建議",
        "code" : {
          "coding" : [{
            "system" : "http://loinc.org",
            "code" : "50398-7",
            "display" : "Narrative diagnostic report [Interpretation]"
          }]
        },
        "entry" : [{
          "reference" : "DiagnosticReport/diag-depress-example"
        }]
      }]
    }
  },
  {
    "resource" : {
      "resourceType" : "Patient",
      "id" : "PatientAdultCheckExample",
      "meta" : {
        "profile" : ["https://tstifhir.azurehealthcareapis.com/StructureDefinition/Patient-adultcheck"]
      },
      "text" : {
        "status" : "generated",
        "div" : "<div xmlns=\"http://www.w3.org/1999/xhtml\"><p><b>Generated Narrative: Patient</b><a name=\"PatientAdultCheckExample\"> </a></p><div style=\"display: inline-block; background-color: #d9e0e7; padding: 6px; margin: 4px; border: 1px solid #8da1b4; border-radius: 5px; line-height: 60%\"><p style=\"margin-bottom: 0px\">Resource Patient &quot;PatientAdultCheckExample&quot; </p><p style=\"margin-bottom: 0px\">Profile: <a href=\"StructureDefinition-Patient-adultcheck.html\">Patient - AdultCheck</a></p></div><p><b>identifier</b>: 全國的個人識別碼: A123456789\u00a0(use:\u00a0OFFICIAL), Medical record number: 8862168\u00a0(use:\u00a0OFFICIAL), HOI: 0123456789\u00a0(use:\u00a0OFFICIAL)</p><p><b>active</b>: true</p><p><b>name</b>: 陳加玲(OFFICIAL), (OFFICIAL)</p><p><b>telecom</b>: ph: 0911327999(HOME)</p><p><b>gender</b>: female</p><p><b>birthDate</b>: 1990-01-01</p><p><b>address</b>: 臺北市 (HOME)</p><p><b>managingOrganization</b>: <a href=\"Organization-org-hosp-example.html\">Organization/org-hosp-example</a></p></div>"
      },
      "identifier" : [{
        "use" : "official",
        "type" : {
          "coding" : [{
            "system" : "https://twcore.mohw.gov.tw/ig/twcore/CodeSystem/v2-0203",
            "code" : "NNTWN"
          }]
        },
        "system" : "http://www.moi.gov.tw/",
        "value" : "A123456789"
      },
      {
        "use" : "official",
        "type" : {
          "coding" : [{
            "system" : "http://terminology.hl7.org/CodeSystem/v2-0203",
            "code" : "MR"
          }]
        },
        "system" : "https://www.tph.mohw.gov.tw/",
        "value" : "8862168"
      },
      {
        "use" : "official",
        "type" : {
          "coding" : [{
            "system" : "http://terminology.hl7.org/CodeSystem/v2-0203",
            "code" : "HOI"
          }]
        },
        "system" : "https://twcore.mohw.gov.tw/tsfhir/CodeSystem/organization-identifier-tw",
        "value" : "0123456789"
      }],
      "active" : true,
      "name" : [{
        "use" : "official",
        "text" : "陳加玲"
      },
      {
        "use" : "official"
      }],
      "telecom" : [{
        "system" : "phone",
        "value" : "0911327999",
        "use" : "home"
      }],
      "gender" : "female",
      "birthDate" : "1990-01-01",
      "address" : [{
        "use" : "home",
        "type" : "both",
        "city" : "臺北市"
      }],
      "managingOrganization" : {
        "reference" : "Organization/org-hosp-example"
      }
    }
  },
  {
    "resource" : {
      "resourceType" : "Encounter",
      "id" : "EncounterAdultCheckExample",
      "meta" : {
        "profile" : ["https://tstifhir.azurehealthcareapis.com/StructureDefinition/Encounter-adultcheck"]
      },
      "text" : {
        "status" : "generated",
        "div" : "<div xmlns=\"http://www.w3.org/1999/xhtml\"><p><b>Generated Narrative: Encounter</b><a name=\"EncounterAdultCheckExample\"> </a></p><div style=\"display: inline-block; background-color: #d9e0e7; padding: 6px; margin: 4px; border: 1px solid #8da1b4; border-radius: 5px; line-height: 60%\"><p style=\"margin-bottom: 0px\">Resource Encounter &quot;EncounterAdultCheckExample&quot; </p><p style=\"margin-bottom: 0px\">Profile: <a href=\"StructureDefinition-Encounter-adultcheck.html\">Encounter - AdultCheck</a></p></div><p><b>identifier</b>: 全國的個人識別碼: A123456789\u00a0(use:\u00a0OFFICIAL), Medical record number: 8862168\u00a0(use:\u00a0OFFICIAL), HOI: 0123456789\u00a0(use:\u00a0OFFICIAL), Temporary Medical Record Number: 000120230721\u00a0(use:\u00a0OFFICIAL)</p><p><b>status</b>: finished</p><blockquote><p><b>statusHistory</b></p><p><b>status</b>: arrived</p><p><b>period</b>: 2022-08-01 17:00:14-0500 --&gt; (ongoing)</p></blockquote><blockquote><p><b>statusHistory</b></p><p><b>status</b>: arrived</p><p><b>period</b>: 2022-08-05 17:00:14-0500 --&gt; (ongoing)</p></blockquote><p><b>class</b>: AMB (Details: [not stated] code AMB = 'AMB', stated as 'null')</p><p><b>serviceType</b>: 成人預防保健 <span style=\"background: LightGoldenRodYellow; margin: 4px; border: 1px solid khaki\"> ([not stated]#562 &quot;Test Message&quot;)</span></p><p><b>subject</b>: <a href=\"Patient-pat-example.html\">Patient/pat-example</a></p><p><b>serviceProvider</b>: <a href=\"Organization/organ-example\">Organization/organ-example</a></p></div>"
      },
      "identifier" : [{
        "use" : "official",
        "type" : {
          "coding" : [{
            "system" : "https://twcore.mohw.gov.tw/ig/twcore/CodeSystem/v2-0203",
            "code" : "NNTWN"
          }]
        },
        "system" : "http://www.moi.gov.tw/",
        "value" : "A123456789"
      },
      {
        "use" : "official",
        "type" : {
          "coding" : [{
            "system" : "http://terminology.hl7.org/CodeSystem/v2-0203",
            "code" : "MR"
          }]
        },
        "system" : "https://www.tph.mohw.gov.tw/",
        "value" : "8862168"
      },
      {
        "use" : "official",
        "type" : {
          "coding" : [{
            "system" : "http://terminology.hl7.org/CodeSystem/v2-0203",
            "code" : "HOI"
          }]
        },
        "system" : "https://twcore.mohw.gov.tw/tsfhir/CodeSystem/organization-identifier-tw",
        "value" : "0123456789"
      },
      {
        "use" : "official",
        "type" : {
          "coding" : [{
            "system" : "http://terminology.hl7.org/CodeSystem/v2-0203",
            "code" : "MRT"
          }]
        },
        "system" : "https://tsti.hospital.com",
        "value" : "000120230721"
      }],
      "status" : "finished",
      "statusHistory" : [{
        "status" : "arrived",
        "period" : {
          "start" : "2022-08-01T17:00:14-05:00"
        }
      },
      {
        "status" : "arrived",
        "period" : {
          "start" : "2022-08-05T17:00:14-05:00"
        }
      }],
      "class" : {
        "code" : "AMB"
      },
      "serviceType" : {
        "coding" : [{
          "code" : "562",
          "display" : "Test Message"
        }],
        "text" : "成人預防保健"
      },
      "subject" : {
        "reference" : "Patient/pat-example"
      },
      "serviceProvider" : {
        "reference" : "Organization/organ-example"
      }
    }
  },
  {
    "resource" : {
      "resourceType" : "Condition",
      "id" : "ConditionAdultCheckExample",
      "meta" : {
        "profile" : ["https://tstifhir.azurehealthcareapis.com/StructureDefinition/Condition-adultcheck"]
      },
      "text" : {
        "status" : "generated",
        "div" : "<div xmlns=\"http://www.w3.org/1999/xhtml\"><p><b>Generated Narrative: Condition</b><a name=\"ConditionAdultCheckExample\"> </a></p><div style=\"display: inline-block; background-color: #d9e0e7; padding: 6px; margin: 4px; border: 1px solid #8da1b4; border-radius: 5px; line-height: 60%\"><p style=\"margin-bottom: 0px\">Resource Condition &quot;ConditionAdultCheckExample&quot; </p><p style=\"margin-bottom: 0px\">Profile: <a href=\"StructureDefinition-Condition-adultcheck.html\">Condition - AdultCheck</a></p></div><p><b>identifier</b>: 全國的個人識別碼: A123456789\u00a0(use:\u00a0OFFICIAL), Medical record number: 8862168\u00a0(use:\u00a0OFFICIAL), HOI: 0123456789\u00a0(use:\u00a0OFFICIAL), Temporary Medical Record Number: 000120230721\u00a0(use:\u00a0OFFICIAL)</p><p><b>clinicalStatus</b>: remission <span style=\"background: LightGoldenRodYellow; margin: 4px; border: 1px solid khaki\"> ([not stated]#remission)</span></p><p><b>verificationStatus</b>: confirmed <span style=\"background: LightGoldenRodYellow; margin: 4px; border: 1px solid khaki\"> ([not stated]#confirmed)</span></p><p><b>category</b>: problem-list-item <span style=\"background: LightGoldenRodYellow; margin: 4px; border: 1px solid khaki\"> ([not stated]#problem-list-item)</span></p><p><b>code</b>: H/O: hypertension <span style=\"background: LightGoldenRodYellow; margin: 4px; border: 1px solid khaki\"> ([not stated]#161501007)</span></p><p><b>subject</b>: <a href=\"Patient-pat-example.html\">Patient/pat-example</a></p><p><b>recordedDate</b>: 2022-08-05 17:00:14-0500</p></div>"
      },
      "identifier" : [{
        "use" : "official",
        "type" : {
          "coding" : [{
            "system" : "https://twcore.mohw.gov.tw/ig/twcore/CodeSystem/v2-0203",
            "code" : "NNTWN"
          }]
        },
        "system" : "http://www.moi.gov.tw/",
        "value" : "A123456789"
      },
      {
        "use" : "official",
        "type" : {
          "coding" : [{
            "system" : "http://terminology.hl7.org/CodeSystem/v2-0203",
            "code" : "MR"
          }]
        },
        "system" : "https://www.tph.mohw.gov.tw/",
        "value" : "8862168"
      },
      {
        "use" : "official",
        "type" : {
          "coding" : [{
            "system" : "http://terminology.hl7.org/CodeSystem/v2-0203",
            "code" : "HOI"
          }]
        },
        "system" : "https://twcore.mohw.gov.tw/tsfhir/CodeSystem/organization-identifier-tw",
        "value" : "0123456789"
      },
      {
        "use" : "official",
        "type" : {
          "coding" : [{
            "system" : "http://terminology.hl7.org/CodeSystem/v2-0203",
            "code" : "MRT"
          }]
        },
        "system" : "https://tsti.hospital.com",
        "value" : "000120230721"
      }],
      "clinicalStatus" : {
        "coding" : [{
          "code" : "remission"
        }]
      },
      "verificationStatus" : {
        "coding" : [{
          "code" : "confirmed"
        }]
      },
      "category" : [{
        "coding" : [{
          "code" : "problem-list-item"
        }]
      }],
      "code" : {
        "coding" : [{
          "code" : "161501007",
          "display" : "H/O: hypertension"
        }]
      },
      "subject" : {
        "reference" : "Patient/pat-example"
      },
      "recordedDate" : "2022-08-05T17:00:14-05:00"
    }
  },
  {
    "resource" : {
      "resourceType" : "Observation",
      "id" : "ObservationDepressionAdultCheckExample",
      "meta" : {
        "profile" : ["https://tstifhir.azurehealthcareapis.com/StructureDefinition/ObservationDepression-adultcheck"]
      },
      "text" : {
        "status" : "generated",
        "div" : "<div xmlns=\"http://www.w3.org/1999/xhtml\"><p><b>Generated Narrative: Observation</b><a name=\"ObservationDepressionAdultCheckExample\"> </a></p><div style=\"display: inline-block; background-color: #d9e0e7; padding: 6px; margin: 4px; border: 1px solid #8da1b4; border-radius: 5px; line-height: 60%\"><p style=\"margin-bottom: 0px\">Resource Observation &quot;ObservationDepressionAdultCheckExample&quot; </p><p style=\"margin-bottom: 0px\">Profile: <a href=\"StructureDefinition-ObservationDepression-adultcheck.html\">Observation Depression - AdultCheck</a></p></div><p><b>identifier</b>: 全國的個人識別碼: A123456789\u00a0(use:\u00a0OFFICIAL), Medical record number: 8862168\u00a0(use:\u00a0OFFICIAL), HOI: 0123456789\u00a0(use:\u00a0OFFICIAL), Temporary Medical Record Number: 000120230721\u00a0(use:\u00a0OFFICIAL)</p><p><b>status</b>: preliminary</p><p><b>code</b>: Beck Depression Inventory II [BDI] <span style=\"background: LightGoldenRodYellow; margin: 4px; border: 1px solid khaki\"> (<a href=\"https://loinc.org/\">LOINC</a>#89210-9)</span></p><p><b>subject</b>: <a href=\"Patient-pat-example.html\">Patient/pat-example</a></p><p><b>effective</b>: 2022-08-01 17:00:14-0500</p><p><b>performer</b>: <a href=\"Practitioner/prac-example\">Practitioner/prac-example</a></p><blockquote><p><b>component</b></p><p><b>code</b>: 憂鬱檢測：第一題 感覺情緒低落沮喪 <span style=\"background: LightGoldenRodYellow; margin: 4px; border: 1px solid khaki\"> (<a href=\"https://browser.ihtsdotools.org/\">SNOMED CT</a>#66446005 &quot;Depressed mood&quot;)</span></p><p><b>value</b>: 是</p></blockquote><blockquote><p><b>component</b></p><p><b>code</b>: 憂鬱檢測：第二題做事情失去興趣 <span style=\"background: LightGoldenRodYellow; margin: 4px; border: 1px solid khaki\"> (<a href=\"https://browser.ihtsdotools.org/\">SNOMED CT</a>#713566001 &quot;Lack of interest&quot;)</span></p><p><b>value</b>: 否</p></blockquote></div>"
      },
      "identifier" : [{
        "use" : "official",
        "type" : {
          "coding" : [{
            "system" : "https://twcore.mohw.gov.tw/ig/twcore/CodeSystem/v2-0203",
            "code" : "NNTWN"
          }]
        },
        "system" : "http://www.moi.gov.tw/",
        "value" : "A123456789"
      },
      {
        "use" : "official",
        "type" : {
          "coding" : [{
            "system" : "http://terminology.hl7.org/CodeSystem/v2-0203",
            "code" : "MR"
          }]
        },
        "system" : "https://www.tph.mohw.gov.tw/",
        "value" : "8862168"
      },
      {
        "use" : "official",
        "type" : {
          "coding" : [{
            "system" : "http://terminology.hl7.org/CodeSystem/v2-0203",
            "code" : "HOI"
          }]
        },
        "system" : "https://twcore.mohw.gov.tw/tsfhir/CodeSystem/organization-identifier-tw",
        "value" : "0123456789"
      },
      {
        "use" : "official",
        "type" : {
          "coding" : [{
            "system" : "http://terminology.hl7.org/CodeSystem/v2-0203",
            "code" : "MRT"
          }]
        },
        "system" : "https://tsti.hospital.com",
        "value" : "000120230721"
      }],
      "status" : "preliminary",
      "code" : {
        "coding" : [{
          "system" : "http://loinc.org",
          "code" : "89210-9",
          "display" : "Beck Depression Inventory II [BDI]"
        }]
      },
      "subject" : {
        "reference" : "Patient/pat-example"
      },
      "effectiveDateTime" : "2022-08-01T17:00:14-05:00",
      "performer" : [{
        "reference" : "Practitioner/prac-example"
      }],
      "component" : [{
        "code" : {
          "coding" : [{
            "system" : "http://snomed.info/sct",
            "code" : "66446005",
            "display" : "Depressed mood"
          }],
          "text" : "憂鬱檢測：第一題 感覺情緒低落沮喪"
        },
        "valueString" : "是"
      },
      {
        "code" : {
          "coding" : [{
            "system" : "http://snomed.info/sct",
            "code" : "713566001",
            "display" : "Lack of interest"
          }],
          "text" : "憂鬱檢測：第二題做事情失去興趣"
        },
        "valueString" : "否"
      }]
    }
  },
  {
    "resource" : {
      "resourceType" : "Observation",
      "id" : "ObservationLabAdultCheckExample",
      "meta" : {
        "profile" : ["https://tstifhir.azurehealthcareapis.com/StructureDefinition/ObservationLab-adultcheck"]
      },
      "text" : {
        "status" : "generated",
        "div" : "<div xmlns=\"http://www.w3.org/1999/xhtml\"><p><b>Generated Narrative: Observation</b><a name=\"ObservationLabAdultCheckExample\"> </a></p><div style=\"display: inline-block; background-color: #d9e0e7; padding: 6px; margin: 4px; border: 1px solid #8da1b4; border-radius: 5px; line-height: 60%\"><p style=\"margin-bottom: 0px\">Resource Observation &quot;ObservationLabAdultCheckExample&quot; </p><p style=\"margin-bottom: 0px\">Profile: <a href=\"StructureDefinition-ObservationLab-adultcheck.html\">Observation Lab - AdultCheck</a></p></div><p><b>identifier</b>: 全國的個人識別碼: A123456789\u00a0(use:\u00a0OFFICIAL), Medical record number: 8862168\u00a0(use:\u00a0OFFICIAL), HOI: 0123456789\u00a0(use:\u00a0OFFICIAL), Temporary Medical Record Number: 000120230721\u00a0(use:\u00a0OFFICIAL)</p><p><b>status</b>: preliminary</p><p><b>code</b>: 血液及體液葡萄糖 <span style=\"background: LightGoldenRodYellow; margin: 4px; border: 1px solid khaki\"> (<a href=\"https://twcore.mohw.gov.tw/ig/twcore/0.1.0/CodeSystem-medical-service-payment-tw.html\">臺灣醫療服務給付項目</a>#09005C)</span></p><p><b>subject</b>: <a href=\"Patient-pat-example.html\">Patient/pat-example</a></p><p><b>effective</b>: 2022-08-01 17:00:14-0500</p><p><b>performer</b>: <a href=\"Organization/organ-example\">Organization/organ-example</a></p><p><b>value</b>: 15 mg/dl<span style=\"background: LightGoldenRodYellow\"> (Details: UCUM code mg/dl = 'mg/dl')</span></p><h3>ReferenceRanges</h3><table class=\"grid\"><tr><td style=\"display: none\">-</td><td><b>Low</b></td><td><b>High</b></td></tr><tr><td style=\"display: none\">*</td><td>80 mg/dl<span style=\"background: LightGoldenRodYellow\"> (Details: UCUM code mg/dl = 'mg/dl')</span></td><td>120 mg/dl<span style=\"background: LightGoldenRodYellow\"> (Details: UCUM code mg/dl = 'mg/dl')</span></td></tr></table></div>"
      },
      "identifier" : [{
        "use" : "official",
        "type" : {
          "coding" : [{
            "system" : "https://twcore.mohw.gov.tw/ig/twcore/CodeSystem/v2-0203",
            "code" : "NNTWN"
          }]
        },
        "system" : "http://www.moi.gov.tw/",
        "value" : "A123456789"
      },
      {
        "use" : "official",
        "type" : {
          "coding" : [{
            "system" : "http://terminology.hl7.org/CodeSystem/v2-0203",
            "code" : "MR"
          }]
        },
        "system" : "https://www.tph.mohw.gov.tw/",
        "value" : "8862168"
      },
      {
        "use" : "official",
        "type" : {
          "coding" : [{
            "system" : "http://terminology.hl7.org/CodeSystem/v2-0203",
            "code" : "HOI"
          }]
        },
        "system" : "https://twcore.mohw.gov.tw/tsfhir/CodeSystem/organization-identifier-tw",
        "value" : "0123456789"
      },
      {
        "use" : "official",
        "type" : {
          "coding" : [{
            "system" : "http://terminology.hl7.org/CodeSystem/v2-0203",
            "code" : "MRT"
          }]
        },
        "system" : "https://tsti.hospital.com",
        "value" : "000120230721"
      }],
      "status" : "preliminary",
      "code" : {
        "coding" : [{
          "system" : "https://twcore.mohw.gov.tw/ig/twcore/CodeSystem/medical-service-payment-tw",
          "code" : "09005C",
          "display" : "血液及體液葡萄糖"
        }]
      },
      "subject" : {
        "reference" : "Patient/pat-example"
      },
      "effectiveDateTime" : "2022-08-01T17:00:14-05:00",
      "performer" : [{
        "reference" : "Organization/organ-example"
      }],
      "valueQuantity" : {
        "value" : 15,
        "unit" : "mg/dl",
        "system" : "http://unitsofmeasure.org",
        "code" : "mg/dl"
      },
      "referenceRange" : [{
        "low" : {
          "value" : 80,
          "unit" : "mg/dl",
          "system" : "http://unitsofmeasure.org",
          "code" : "mg/dl"
        },
        "high" : {
          "value" : 120,
          "unit" : "mg/dl",
          "system" : "http://unitsofmeasure.org",
          "code" : "mg/dl"
        }
      }]
    }
  },
  {
    "resource" : {
      "resourceType" : "Observation",
      "id" : "ObservationLifeAdultCheckExample",
      "meta" : {
        "profile" : ["https://tstifhir.azurehealthcareapis.com/StructureDefinition/ObservationLife-adultcheck"]
      },
      "text" : {
        "status" : "generated",
        "div" : "<div xmlns=\"http://www.w3.org/1999/xhtml\"><p><b>Generated Narrative: Observation</b><a name=\"ObservationLifeAdultCheckExample\"> </a></p><div style=\"display: inline-block; background-color: #d9e0e7; padding: 6px; margin: 4px; border: 1px solid #8da1b4; border-radius: 5px; line-height: 60%\"><p style=\"margin-bottom: 0px\">Resource Observation &quot;ObservationLifeAdultCheckExample&quot; </p><p style=\"margin-bottom: 0px\">Profile: <a href=\"StructureDefinition-ObservationLife-adultcheck.html\">Observation Life - AdultCheck</a></p></div><p><b>identifier</b>: 全國的個人識別碼: A123456789\u00a0(use:\u00a0OFFICIAL), Medical record number: 8862168\u00a0(use:\u00a0OFFICIAL), HOI: 0123456789\u00a0(use:\u00a0OFFICIAL), Temporary Medical Record Number: 000120230721\u00a0(use:\u00a0OFFICIAL)</p><p><b>status</b>: preliminary</p><p><b>category</b>: Social History <span style=\"background: LightGoldenRodYellow; margin: 4px; border: 1px solid khaki\"> (<a href=\"http://terminology.hl7.org/5.0.0/CodeSystem-observation-category.html\">Observation Category Codes</a>#social-history)</span></p><p><b>code</b>: 吸煙 <span style=\"background: LightGoldenRodYellow; margin: 4px; border: 1px solid khaki\"> (<a href=\"https://browser.ihtsdotools.org/\">SNOMED CT</a>#230056004 &quot;Cigarette consumption&quot;)</span></p><p><b>subject</b>: <a href=\"Patient-pat-example.html\">Patient/pat-example</a></p><p><b>effective</b>: 2022-08-01 17:00:14-0500</p><p><b>performer</b>: <a href=\"Organization/organ-example\">Organization/organ-example</a></p><p><b>value</b>: 朋友敬菸或應酬才吸菸</p></div>"
      },
      "identifier" : [{
        "use" : "official",
        "type" : {
          "coding" : [{
            "system" : "https://twcore.mohw.gov.tw/ig/twcore/CodeSystem/v2-0203",
            "code" : "NNTWN"
          }]
        },
        "system" : "http://www.moi.gov.tw/",
        "value" : "A123456789"
      },
      {
        "use" : "official",
        "type" : {
          "coding" : [{
            "system" : "http://terminology.hl7.org/CodeSystem/v2-0203",
            "code" : "MR"
          }]
        },
        "system" : "https://www.tph.mohw.gov.tw/",
        "value" : "8862168"
      },
      {
        "use" : "official",
        "type" : {
          "coding" : [{
            "system" : "http://terminology.hl7.org/CodeSystem/v2-0203",
            "code" : "HOI"
          }]
        },
        "system" : "https://twcore.mohw.gov.tw/tsfhir/CodeSystem/organization-identifier-tw",
        "value" : "0123456789"
      },
      {
        "use" : "official",
        "type" : {
          "coding" : [{
            "system" : "http://terminology.hl7.org/CodeSystem/v2-0203",
            "code" : "MRT"
          }]
        },
        "system" : "https://tsti.hospital.com",
        "value" : "000120230721"
      }],
      "status" : "preliminary",
      "category" : [{
        "coding" : [{
          "system" : "http://terminology.hl7.org/CodeSystem/observation-category",
          "code" : "social-history",
          "display" : "Social History"
        }]
      }],
      "code" : {
        "coding" : [{
          "system" : "http://snomed.info/sct",
          "code" : "230056004",
          "display" : "Cigarette consumption"
        }],
        "text" : "吸煙"
      },
      "subject" : {
        "reference" : "Patient/pat-example"
      },
      "effectiveDateTime" : "2022-08-01T17:00:14-05:00",
      "performer" : [{
        "reference" : "Organization/organ-example"
      }],
      "valueString" : "朋友敬菸或應酬才吸菸"
    }
  },
  {
    "resource" : {
      "resourceType" : "Observation",
      "id" : "ObservationHeightAdultCheckExample",
      "meta" : {
        "profile" : ["https://tstifhir.azurehealthcareapis.com/StructureDefinition/ObservationHeight-adultcheck"]
      },
      "text" : {
        "status" : "generated",
        "div" : "<div xmlns=\"http://www.w3.org/1999/xhtml\"><p><b>Generated Narrative: Observation</b><a name=\"ObservationHeightAdultCheckExample\"> </a></p><div style=\"display: inline-block; background-color: #d9e0e7; padding: 6px; margin: 4px; border: 1px solid #8da1b4; border-radius: 5px; line-height: 60%\"><p style=\"margin-bottom: 0px\">Resource Observation &quot;ObservationHeightAdultCheckExample&quot; </p><p style=\"margin-bottom: 0px\">Profile: <a href=\"StructureDefinition-ObservationHeight-adultcheck.html\">Observation Height - AdultCheck</a></p></div><p><b>identifier</b>: 全國的個人識別碼: A123456789\u00a0(use:\u00a0OFFICIAL), Medical record number: 8862168\u00a0(use:\u00a0OFFICIAL), HOI: 0123456789\u00a0(use:\u00a0OFFICIAL), Temporary Medical Record Number: 000120230721\u00a0(use:\u00a0OFFICIAL)</p><p><b>status</b>: preliminary</p><p><b>category</b>: Vital Signs <span style=\"background: LightGoldenRodYellow; margin: 4px; border: 1px solid khaki\"> (<a href=\"http://terminology.hl7.org/5.0.0/CodeSystem-observation-category.html\">Observation Category Codes</a>#vital-signs)</span></p><p><b>code</b>: Body height <span style=\"background: LightGoldenRodYellow; margin: 4px; border: 1px solid khaki\"> (<a href=\"https://loinc.org/\">LOINC</a>#8302-2)</span></p><p><b>subject</b>: <a href=\"Patient-pat-example.html\">Patient/pat-example</a></p><p><b>effective</b>: 2022-08-01 17:00:14-0500</p><p><b>performer</b>: <a href=\"Organization/organ-example\">Organization/organ-example</a></p><p><b>value</b>: 160 cm<span style=\"background: LightGoldenRodYellow\"> (Details: [not stated] code cm = 'cm')</span></p></div>"
      },
      "identifier" : [{
        "use" : "official",
        "type" : {
          "coding" : [{
            "system" : "https://twcore.mohw.gov.tw/ig/twcore/CodeSystem/v2-0203",
            "code" : "NNTWN"
          }]
        },
        "system" : "http://www.moi.gov.tw/",
        "value" : "A123456789"
      },
      {
        "use" : "official",
        "type" : {
          "coding" : [{
            "system" : "http://terminology.hl7.org/CodeSystem/v2-0203",
            "code" : "MR"
          }]
        },
        "system" : "https://www.tph.mohw.gov.tw/",
        "value" : "8862168"
      },
      {
        "use" : "official",
        "type" : {
          "coding" : [{
            "system" : "http://terminology.hl7.org/CodeSystem/v2-0203",
            "code" : "HOI"
          }]
        },
        "system" : "https://twcore.mohw.gov.tw/tsfhir/CodeSystem/organization-identifier-tw",
        "value" : "0123456789"
      },
      {
        "use" : "official",
        "type" : {
          "coding" : [{
            "system" : "http://terminology.hl7.org/CodeSystem/v2-0203",
            "code" : "MRT"
          }]
        },
        "system" : "https://tsti.hospital.com",
        "value" : "000120230721"
      }],
      "status" : "preliminary",
      "category" : [{
        "coding" : [{
          "system" : "http://terminology.hl7.org/CodeSystem/observation-category",
          "code" : "vital-signs"
        }]
      }],
      "code" : {
        "coding" : [{
          "system" : "http://loinc.org",
          "code" : "8302-2",
          "display" : "Body height"
        }]
      },
      "subject" : {
        "reference" : "Patient/pat-example"
      },
      "effectiveDateTime" : "2022-08-01T17:00:14-05:00",
      "performer" : [{
        "reference" : "Organization/organ-example"
      }],
      "valueQuantity" : {
        "value" : 160,
        "unit" : "cm",
        "code" : "cm"
      }
    }
  },
  {
    "resource" : {
      "resourceType" : "Observation",
      "id" : "ObservationWeightAdultCheckExample",
      "meta" : {
        "profile" : ["https://tstifhir.azurehealthcareapis.com/StructureDefinition/ObservationWeight-adultcheck"]
      },
      "text" : {
        "status" : "generated",
        "div" : "<div xmlns=\"http://www.w3.org/1999/xhtml\"><p><b>Generated Narrative: Observation</b><a name=\"ObservationWeightAdultCheckExample\"> </a></p><div style=\"display: inline-block; background-color: #d9e0e7; padding: 6px; margin: 4px; border: 1px solid #8da1b4; border-radius: 5px; line-height: 60%\"><p style=\"margin-bottom: 0px\">Resource Observation &quot;ObservationWeightAdultCheckExample&quot; </p><p style=\"margin-bottom: 0px\">Profile: <a href=\"StructureDefinition-ObservationWeight-adultcheck.html\">Observation Weight - AdultCheck</a></p></div><p><b>identifier</b>: 全國的個人識別碼: A123456789\u00a0(use:\u00a0OFFICIAL), Medical record number: 8862168\u00a0(use:\u00a0OFFICIAL), HOI: 0123456789\u00a0(use:\u00a0OFFICIAL), Temporary Medical Record Number: 000120230721\u00a0(use:\u00a0OFFICIAL)</p><p><b>status</b>: preliminary</p><p><b>category</b>: Vital Signs <span style=\"background: LightGoldenRodYellow; margin: 4px; border: 1px solid khaki\"> (<a href=\"http://terminology.hl7.org/5.0.0/CodeSystem-observation-category.html\">Observation Category Codes</a>#vital-signs)</span></p><p><b>code</b>: Body weight <span style=\"background: LightGoldenRodYellow; margin: 4px; border: 1px solid khaki\"> (<a href=\"https://loinc.org/\">LOINC</a>#29463-7)</span></p><p><b>subject</b>: <a href=\"Patient-pat-example.html\">Patient/pat-example</a></p><p><b>effective</b>: 2022-08-01 17:00:14-0500</p><p><b>performer</b>: <a href=\"Organization/organ-example\">Organization/organ-example</a></p><p><b>value</b>: 50 kg<span style=\"background: LightGoldenRodYellow\"> (Details: [not stated] code kg = 'kg')</span></p></div>"
      },
      "identifier" : [{
        "use" : "official",
        "type" : {
          "coding" : [{
            "system" : "https://twcore.mohw.gov.tw/ig/twcore/CodeSystem/v2-0203",
            "code" : "NNTWN"
          }]
        },
        "system" : "http://www.moi.gov.tw/",
        "value" : "A123456789"
      },
      {
        "use" : "official",
        "type" : {
          "coding" : [{
            "system" : "http://terminology.hl7.org/CodeSystem/v2-0203",
            "code" : "MR"
          }]
        },
        "system" : "https://www.tph.mohw.gov.tw/",
        "value" : "8862168"
      },
      {
        "use" : "official",
        "type" : {
          "coding" : [{
            "system" : "http://terminology.hl7.org/CodeSystem/v2-0203",
            "code" : "HOI"
          }]
        },
        "system" : "https://twcore.mohw.gov.tw/tsfhir/CodeSystem/organization-identifier-tw",
        "value" : "0123456789"
      },
      {
        "use" : "official",
        "type" : {
          "coding" : [{
            "system" : "http://terminology.hl7.org/CodeSystem/v2-0203",
            "code" : "MRT"
          }]
        },
        "system" : "https://tsti.hospital.com",
        "value" : "000120230721"
      }],
      "status" : "preliminary",
      "category" : [{
        "coding" : [{
          "system" : "http://terminology.hl7.org/CodeSystem/observation-category",
          "code" : "vital-signs"
        }]
      }],
      "code" : {
        "coding" : [{
          "system" : "http://loinc.org",
          "code" : "29463-7",
          "display" : "Body weight"
        }]
      },
      "subject" : {
        "reference" : "Patient/pat-example"
      },
      "effectiveDateTime" : "2022-08-01T17:00:14-05:00",
      "performer" : [{
        "reference" : "Organization/organ-example"
      }],
      "valueQuantity" : {
        "value" : 50,
        "unit" : "kg",
        "code" : "kg"
      }
    }
  },
  {
    "resource" : {
      "resourceType" : "Observation",
      "id" : "ObservationWaistAdultCheckExample",
      "meta" : {
        "profile" : ["https://tstifhir.azurehealthcareapis.com/StructureDefinition/ObservationWaist-adultcheck"]
      },
      "text" : {
        "status" : "generated",
        "div" : "<div xmlns=\"http://www.w3.org/1999/xhtml\"><p><b>Generated Narrative: Observation</b><a name=\"ObservationWaistAdultCheckExample\"> </a></p><div style=\"display: inline-block; background-color: #d9e0e7; padding: 6px; margin: 4px; border: 1px solid #8da1b4; border-radius: 5px; line-height: 60%\"><p style=\"margin-bottom: 0px\">Resource Observation &quot;ObservationWaistAdultCheckExample&quot; </p><p style=\"margin-bottom: 0px\">Profile: <a href=\"StructureDefinition-ObservationWaist-adultcheck.html\">Observation Waist - AdultCheck</a></p></div><p><b>identifier</b>: 全國的個人識別碼: A123456789\u00a0(use:\u00a0OFFICIAL), Medical record number: 8862168\u00a0(use:\u00a0OFFICIAL), HOI: 0123456789\u00a0(use:\u00a0OFFICIAL), Temporary Medical Record Number: 000120230721\u00a0(use:\u00a0OFFICIAL)</p><p><b>status</b>: preliminary</p><p><b>category</b>: Vital Signs <span style=\"background: LightGoldenRodYellow; margin: 4px; border: 1px solid khaki\"> (<a href=\"http://terminology.hl7.org/5.0.0/CodeSystem-observation-category.html\">Observation Category Codes</a>#vital-signs)</span></p><p><b>code</b>: Waist Circumference by WHI <span style=\"background: LightGoldenRodYellow; margin: 4px; border: 1px solid khaki\"> (<a href=\"https://loinc.org/\">LOINC</a>#56117-5)</span></p><p><b>subject</b>: <a href=\"Patient-pat-example.html\">Patient/pat-example</a></p><p><b>effective</b>: 2022-08-01 17:00:14-0500</p><p><b>performer</b>: <a href=\"Organization/organ-example\">Organization/organ-example</a></p><p><b>value</b>: 30 inch<span style=\"background: LightGoldenRodYellow\"> (Details: [not stated] code inches = 'inches')</span></p></div>"
      },
      "identifier" : [{
        "use" : "official",
        "type" : {
          "coding" : [{
            "system" : "https://twcore.mohw.gov.tw/ig/twcore/CodeSystem/v2-0203",
            "code" : "NNTWN"
          }]
        },
        "system" : "http://www.moi.gov.tw/",
        "value" : "A123456789"
      },
      {
        "use" : "official",
        "type" : {
          "coding" : [{
            "system" : "http://terminology.hl7.org/CodeSystem/v2-0203",
            "code" : "MR"
          }]
        },
        "system" : "https://www.tph.mohw.gov.tw/",
        "value" : "8862168"
      },
      {
        "use" : "official",
        "type" : {
          "coding" : [{
            "system" : "http://terminology.hl7.org/CodeSystem/v2-0203",
            "code" : "HOI"
          }]
        },
        "system" : "https://twcore.mohw.gov.tw/tsfhir/CodeSystem/organization-identifier-tw",
        "value" : "0123456789"
      },
      {
        "use" : "official",
        "type" : {
          "coding" : [{
            "system" : "http://terminology.hl7.org/CodeSystem/v2-0203",
            "code" : "MRT"
          }]
        },
        "system" : "https://tsti.hospital.com",
        "value" : "000120230721"
      }],
      "status" : "preliminary",
      "category" : [{
        "coding" : [{
          "system" : "http://terminology.hl7.org/CodeSystem/observation-category",
          "code" : "vital-signs"
        }]
      }],
      "code" : {
        "coding" : [{
          "system" : "http://loinc.org",
          "code" : "56117-5",
          "display" : "Waist Circumference by WHI"
        }]
      },
      "subject" : {
        "reference" : "Patient/pat-example"
      },
      "effectiveDateTime" : "2022-08-01T17:00:14-05:00",
      "performer" : [{
        "reference" : "Organization/organ-example"
      }],
      "valueQuantity" : {
        "value" : 30,
        "unit" : "inch",
        "code" : "inches"
      }
    }
  },
  {
    "resource" : {
      "resourceType" : "Observation",
      "id" : "ObservationBMIAdultCheckExample",
      "meta" : {
        "profile" : ["https://tstifhir.azurehealthcareapis.com/StructureDefinition/ObservationBMI-adultcheck"]
      },
      "text" : {
        "status" : "generated",
        "div" : "<div xmlns=\"http://www.w3.org/1999/xhtml\"><p><b>Generated Narrative: Observation</b><a name=\"ObservationBMIAdultCheckExample\"> </a></p><div style=\"display: inline-block; background-color: #d9e0e7; padding: 6px; margin: 4px; border: 1px solid #8da1b4; border-radius: 5px; line-height: 60%\"><p style=\"margin-bottom: 0px\">Resource Observation &quot;ObservationBMIAdultCheckExample&quot; </p><p style=\"margin-bottom: 0px\">Profile: <a href=\"StructureDefinition-ObservationBMI-adultcheck.html\">Observation BMI - AdultCheck</a></p></div><p><b>identifier</b>: 全國的個人識別碼: A123456789\u00a0(use:\u00a0OFFICIAL), Medical record number: 8862168\u00a0(use:\u00a0OFFICIAL), HOI: 0123456789\u00a0(use:\u00a0OFFICIAL), Temporary Medical Record Number: 000120230721\u00a0(use:\u00a0OFFICIAL)</p><p><b>status</b>: preliminary</p><p><b>category</b>: Vital Signs <span style=\"background: LightGoldenRodYellow; margin: 4px; border: 1px solid khaki\"> (<a href=\"http://terminology.hl7.org/5.0.0/CodeSystem-observation-category.html\">Observation Category Codes</a>#vital-signs)</span></p><p><b>code</b>: Body mass index <span style=\"background: LightGoldenRodYellow; margin: 4px; border: 1px solid khaki\"> (<a href=\"https://loinc.org/\">LOINC</a>#39156-5)</span></p><p><b>subject</b>: <a href=\"Patient-pat-example.html\">Patient/pat-example</a></p><p><b>effective</b>: 2022-08-01 17:00:14-0500</p><p><b>performer</b>: <a href=\"Organization/organ-example\">Organization/organ-example</a></p><p><b>value</b>: 18 kg/m2<span style=\"background: LightGoldenRodYellow\"> (Details: UCUM code kg/m2 = 'kg/m2')</span></p></div>"
      },
      "identifier" : [{
        "use" : "official",
        "type" : {
          "coding" : [{
            "system" : "https://twcore.mohw.gov.tw/ig/twcore/CodeSystem/v2-0203",
            "code" : "NNTWN"
          }]
        },
        "system" : "http://www.moi.gov.tw/",
        "value" : "A123456789"
      },
      {
        "use" : "official",
        "type" : {
          "coding" : [{
            "system" : "http://terminology.hl7.org/CodeSystem/v2-0203",
            "code" : "MR"
          }]
        },
        "system" : "https://www.tph.mohw.gov.tw/",
        "value" : "8862168"
      },
      {
        "use" : "official",
        "type" : {
          "coding" : [{
            "system" : "http://terminology.hl7.org/CodeSystem/v2-0203",
            "code" : "HOI"
          }]
        },
        "system" : "https://twcore.mohw.gov.tw/tsfhir/CodeSystem/organization-identifier-tw",
        "value" : "0123456789"
      },
      {
        "use" : "official",
        "type" : {
          "coding" : [{
            "system" : "http://terminology.hl7.org/CodeSystem/v2-0203",
            "code" : "MRT"
          }]
        },
        "system" : "https://tsti.hospital.com",
        "value" : "000120230721"
      }],
      "status" : "preliminary",
      "category" : [{
        "coding" : [{
          "system" : "http://terminology.hl7.org/CodeSystem/observation-category",
          "code" : "vital-signs"
        }]
      }],
      "code" : {
        "coding" : [{
          "system" : "http://loinc.org",
          "code" : "39156-5",
          "display" : "Body mass index"
        }]
      },
      "subject" : {
        "reference" : "Patient/pat-example"
      },
      "effectiveDateTime" : "2022-08-01T17:00:14-05:00",
      "performer" : [{
        "reference" : "Organization/organ-example"
      }],
      "valueQuantity" : {
        "value" : 18,
        "unit" : "kg/m2",
        "system" : "http://unitsofmeasure.org",
        "code" : "kg/m2"
      }
    }
  },
  {
    "resource" : {
      "resourceType" : "DiagnosticReport",
      "id" : "DiagnosticReportAdultCheckExample",
      "meta" : {
        "profile" : ["https://tstifhir.azurehealthcareapis.com/StructureDefinition/DiagnosticReport-adultcheck"]
      },
      "text" : {
        "status" : "generated",
        "div" : "<div xmlns=\"http://www.w3.org/1999/xhtml\"><p><b>Generated Narrative: DiagnosticReport</b><a name=\"DiagnosticReportAdultCheckExample\"> </a></p><div style=\"display: inline-block; background-color: #d9e0e7; padding: 6px; margin: 4px; border: 1px solid #8da1b4; border-radius: 5px; line-height: 60%\"><p style=\"margin-bottom: 0px\">Resource DiagnosticReport &quot;DiagnosticReportAdultCheckExample&quot; </p><p style=\"margin-bottom: 0px\">Profile: <a href=\"StructureDefinition-DiagnosticReport-adultcheck.html\">DiagnosticReport - AdultCheck</a></p></div><p><b>identifier</b>: 全國的個人識別碼: A123456789\u00a0(use:\u00a0OFFICIAL), Medical record number: 8862168\u00a0(use:\u00a0OFFICIAL), HOI: 0123456789\u00a0(use:\u00a0OFFICIAL), Temporary Medical Record Number: 000120230721\u00a0(use:\u00a0OFFICIAL)</p><p><b>status</b>: final</p><p><b>category</b>: Laboratory <span style=\"background: LightGoldenRodYellow; margin: 4px; border: 1px solid khaki\"> (<a href=\"http://terminology.hl7.org/5.0.0/CodeSystem-v2-0074.html\">diagnosticServiceSectionId</a>#LAB)</span></p><p><b>code</b>: 尿蛋白 <span style=\"background: LightGoldenRodYellow; margin: 4px; border: 1px solid khaki\"> (<a href=\"https://twcore.mohw.gov.tw/ig/twcore/0.1.0/CodeSystem-medical-service-payment-tw.html\">臺灣醫療服務給付項目</a>#06003C)</span></p><p><b>subject</b>: <a href=\"Patient-pat-example.html\">Patient/pat-example</a></p><p><b>effective</b>: 2022-08-01 17:00:14-0500</p><p><b>issued</b>: 2022年8月3日 上午6:00:14</p><p><b>performer</b>: <a href=\"Organization/organ-example\">Organization/organ-example</a></p><p><b>resultsInterpreter</b>: <a href=\"Organization/organ-example\">Organization/organ-example</a></p><p><b>conclusion</b>: 建議進一步檢查</p></div>"
      },
      "identifier" : [{
        "use" : "official",
        "type" : {
          "coding" : [{
            "system" : "https://twcore.mohw.gov.tw/ig/twcore/CodeSystem/v2-0203",
            "code" : "NNTWN"
          }]
        },
        "system" : "http://www.moi.gov.tw/",
        "value" : "A123456789"
      },
      {
        "use" : "official",
        "type" : {
          "coding" : [{
            "system" : "http://terminology.hl7.org/CodeSystem/v2-0203",
            "code" : "MR"
          }]
        },
        "system" : "https://www.tph.mohw.gov.tw/",
        "value" : "8862168"
      },
      {
        "use" : "official",
        "type" : {
          "coding" : [{
            "system" : "http://terminology.hl7.org/CodeSystem/v2-0203",
            "code" : "HOI"
          }]
        },
        "system" : "https://twcore.mohw.gov.tw/tsfhir/CodeSystem/organization-identifier-tw",
        "value" : "0123456789"
      },
      {
        "use" : "official",
        "type" : {
          "coding" : [{
            "system" : "http://terminology.hl7.org/CodeSystem/v2-0203",
            "code" : "MRT"
          }]
        },
        "system" : "https://tsti.hospital.com",
        "value" : "000120230721"
      }],
      "status" : "final",
      "category" : [{
        "coding" : [{
          "system" : "http://terminology.hl7.org/CodeSystem/v2-0074",
          "code" : "LAB",
          "display" : "Laboratory"
        }]
      }],
      "code" : {
        "coding" : [{
          "system" : "https://twcore.mohw.gov.tw/ig/twcore/CodeSystem/medical-service-payment-tw",
          "code" : "06003C",
          "display" : "尿蛋白"
        }]
      },
      "subject" : {
        "reference" : "Patient/pat-example"
      },
      "effectiveDateTime" : "2022-08-01T17:00:14-05:00",
      "issued" : "2022-08-02T17:00:14-05:00",
      "performer" : [{
        "reference" : "Organization/organ-example"
      }],
      "resultsInterpreter" : [{
        "reference" : "Organization/organ-example"
      }],
      "conclusion" : "建議進一步檢查"
    }
  }]
}