{
  "codeSystems" : [
    {
      "url" : "http://hl7.org/fhir/observation-status",
      "version" : "4.0.1",
      "status" : "active",
      "name" : "ObservationStatus",
      "title" : "ObservationStatus",
      "description" : "Codes providing the status of an observation.",
      "oids" : ["2.16.840.1.113883.4.642.4.401"],
      "uses" : {
      },
      "http://hl7.org/fhir/R4/valueset-observation-status.html" : "ObservationStatus"
    },
    {
      "url" : "http://loinc.org",
      "version" : "3.1.0",
      "status" : "active",
      "name" : "LOINC",
      "title" : "Logical Observation Identifiers, Names and Codes (LOINC)",
      "description" : "LOINC provides a set of universal names and ID codes for identifying laboratory and clinical test results.1,2 LOINC facilitates the exchange and pooling of results, such as blood hemoglobin, serum potassium, or vital signs, for clinical care, outcomes management, and research. LOINC's universal identifiers (names and codes) can be used in the context of order and observation exchanges between information systems that use syntax standards such as HL73, CEN TC251, ISO TC215, ASTM4, and DICOM. Specifically, the identifier can be used as the coded value for an observation in any other standard that uses the observation/observation value paradigm, whether messages, documents, application programming interface (API), etc. For example, LOINC codes are used widely in the OBX segment Observation Identifier field (OBX-3) of an ORU HL7 (HL7 version 2.x or ASTM 1238-9410) message that may be sent between a Clinical Laboratory Information Management Systems (LIMS) and Electronic Health Record Systems (EHR).5, 6 In this way, LOINC codes provide universal identifiers that allow the exchange of clinical data between heterogeneous computing environments.",
      "oids" : ["2.16.840.1.113883.6.1"],
      "uses" : {
      },
      "https://twcore.mohw.gov.tw/ig/twcore/0.3.2/ValueSet-smoking-status-type-code.html" : "SNOMED CT + LOINC 吸菸狀態種類向值集",
      "ValueSet-loinc-diagnostic-code.html" : "成人預防保健檢查結果與建議Loinc Diagnostic代碼集值",
      "http://hl7.org/fhir/R4/valueset-observation-codes.html" : "LOINC Codes"
    },
    {
      "url" : "http://snomed.info/sct",
      "version" : null,
      "status" : "active",
      "name" : "SNOMED_CT",
      "title" : "SNOMED CT (all versions)",
      "description" : "SNOMED CT is the most comprehensive and precise clinical health terminology product in the world, owned and distributed around the world by The International Health Terminology Standards Development Organisation (IHTSDO).",
      "oids" : ["2.16.840.1.113883.6.96"],
      "uses" : {
      },
      "ValueSet-snomed-health-behavior-code.html" : "成人預防保健健康行為SNOMED Health Behavior代碼集值",
      "https://twcore.mohw.gov.tw/ig/twcore/0.3.2/ValueSet-smoking-status-type-code.html" : "SNOMED CT + LOINC 吸菸狀態種類向值集",
      "ValueSet-snomed-medical-history-code.html" : "成人預防保健疾病史SNOMED Medical History代碼集值",
      "ValueSet-snomed-risk-assessment-code.html" : "成人預防保健慢性疾病風險SNOMED Risk Assessment代碼集值",
      "ValueSet-snomed-health-consultation-code.html" : "成人預防保健健康諮詢SNOMED Health Consultation代碼集值"
    }
  ]
}
