{
  "codeSystems" : [
    {
      "url" : "http://hl7.org/fhir/administrative-gender",
      "version" : "4.0.1",
      "status" : "active",
      "name" : "AdministrativeGender",
      "title" : "AdministrativeGender",
      "description" : "The gender of a person used for administrative purposes.",
      "oids" : ["2.16.840.1.113883.4.642.4.2"],
      "uses" : {
      },
      "http://hl7.org/fhir/R4/valueset-administrative-gender.html" : "AdministrativeGender"
    },
    {
      "url" : "http://hl7.org/fhir/contact-point-system",
      "version" : "4.0.1",
      "status" : "active",
      "name" : "ContactPointSystem",
      "title" : "ContactPointSystem",
      "description" : "Telecommunications form for contact point.",
      "oids" : ["2.16.840.1.113883.4.642.4.72"],
      "uses" : {
      },
      "http://hl7.org/fhir/R4/valueset-contact-point-system.html" : "ContactPointSystem"
    },
    {
      "url" : "http://hl7.org/fhir/contact-point-use",
      "version" : "4.0.1",
      "status" : "active",
      "name" : "ContactPointUse",
      "title" : "ContactPointUse",
      "description" : "Use of contact point.",
      "oids" : ["2.16.840.1.113883.4.642.4.74"],
      "uses" : {
      },
      "http://hl7.org/fhir/R4/valueset-contact-point-use.html" : "ContactPointUse"
    },
    {
      "url" : "http://hl7.org/fhir/diagnostic-report-status",
      "version" : "4.0.1",
      "status" : "draft",
      "name" : "DiagnosticReportStatus",
      "title" : "DiagnosticReportStatus",
      "description" : "The status of the diagnostic report.",
      "oids" : ["2.16.840.1.113883.4.642.4.236"],
      "uses" : {
      },
      "http://hl7.org/fhir/R4/valueset-diagnostic-report-status.html" : "DiagnosticReportStatus"
    },
    {
      "url" : "http://hl7.org/fhir/encounter-location-status",
      "version" : "4.0.1",
      "status" : "draft",
      "name" : "EncounterLocationStatus",
      "title" : "EncounterLocationStatus",
      "description" : "The status of the location.",
      "oids" : ["2.16.840.1.113883.4.642.4.263"],
      "uses" : {
      },
      "http://hl7.org/fhir/R4/valueset-encounter-location-status.html" : "EncounterLocationStatus"
    },
    {
      "url" : "http://hl7.org/fhir/encounter-status",
      "version" : "4.0.1",
      "status" : "draft",
      "name" : "EncounterStatus",
      "title" : "EncounterStatus",
      "description" : "Current state of the encounter.",
      "oids" : ["2.16.840.1.113883.4.642.4.247"],
      "uses" : {
      },
      "http://hl7.org/fhir/R4/valueset-encounter-status.html" : "EncounterStatus"
    },
    {
      "url" : "http://hl7.org/fhir/identifier-use",
      "version" : "4.0.1",
      "status" : "active",
      "name" : "IdentifierUse",
      "title" : "IdentifierUse",
      "description" : "Identifies the purpose for this identifier, if known .",
      "oids" : ["2.16.840.1.113883.4.642.4.58"],
      "uses" : {
      },
      "http://hl7.org/fhir/R4/valueset-identifier-use.html" : "IdentifierUse"
    },
    {
      "url" : "http://hl7.org/fhir/link-type",
      "version" : "4.0.1",
      "status" : "active",
      "name" : "LinkType",
      "title" : "LinkType",
      "description" : "The type of link between this patient resource and another patient resource.",
      "oids" : ["2.16.840.1.113883.4.642.4.424"],
      "uses" : {
      },
      "http://hl7.org/fhir/R4/valueset-link-type.html" : "LinkType"
    },
    {
      "url" : "http://hl7.org/fhir/name-use",
      "version" : "4.0.1",
      "status" : "active",
      "name" : "NameUse",
      "title" : "NameUse",
      "description" : "The use of a human name.",
      "oids" : ["2.16.840.1.113883.4.642.4.66"],
      "uses" : {
      },
      "http://hl7.org/fhir/R4/valueset-name-use.html" : "NameUse"
    },
    {
      "url" : "http://hl7.org/fhir/observation-status",
      "version" : "4.0.1",
      "status" : "active",
      "name" : "ObservationStatus",
      "title" : "ObservationStatus",
      "description" : "Codes providing the status of an observation.",
      "oids" : ["2.16.840.1.113883.4.642.4.401"],
      "uses" : {
      },
      "http://hl7.org/fhir/R4/valueset-observation-status.html" : "ObservationStatus"
    },
    {
      "url" : "http://hl7.org/fhir/quantity-comparator",
      "version" : "4.0.1",
      "status" : "active",
      "name" : "QuantityComparator",
      "title" : "QuantityComparator",
      "description" : "How the Quantity should be understood and represented.",
      "oids" : ["2.16.840.1.113883.4.642.4.60"],
      "uses" : {
      },
      "http://hl7.org/fhir/R4/valueset-quantity-comparator.html" : "QuantityComparator"
    },
    {
      "url" : "http://hl7.org/fhir/uv/ips/CodeSystem/absent-unknown-uv-ips",
      "version" : "1.1.0",
      "status" : "active",
      "name" : "AbsentAndUnknownDataUvIps",
      "title" : "Absent and Unknown Data - IPS",
      "description" : "International Patient Summary (IPS) codes for \"known absent\" and \"not known\" data.",
      "uses" : {
      },
      "http://hl7.org/fhir/uv/ips/STU1.1/ValueSet-absent-or-unknown-problems-uv-ips.html" : "Absent or Unknown Problems - IPS"
    },
    {
      "url" : "http://loinc.org",
      "version" : "3.1.0",
      "status" : "active",
      "name" : "LOINC",
      "title" : "Logical Observation Identifiers, Names and Codes (LOINC)",
      "description" : "LOINC provides a set of universal names and ID codes for identifying laboratory and clinical test results.1,2 LOINC facilitates the exchange and pooling of results, such as blood hemoglobin, serum potassium, or vital signs, for clinical care, outcomes management, and research. LOINC's universal identifiers (names and codes) can be used in the context of order and observation exchanges between information systems that use syntax standards such as HL73, CEN TC251, ISO TC215, ASTM4, and DICOM. Specifically, the identifier can be used as the coded value for an observation in any other standard that uses the observation/observation value paradigm, whether messages, documents, application programming interface (API), etc. For example, LOINC codes are used widely in the OBX segment Observation Identifier field (OBX-3) of an ORU HL7 (HL7 version 2.x or ASTM 1238-9410) message that may be sent between a Clinical Laboratory Information Management Systems (LIMS) and Electronic Health Record Systems (EHR).5, 6 In this way, LOINC codes provide universal identifiers that allow the exchange of clinical data between heterogeneous computing environments.",
      "oids" : ["2.16.840.1.113883.6.1"],
      "uses" : {
      },
      "https://twcore.mohw.gov.tw/ig/twcore/0.3.2/ValueSet-vital-signs-tw.html" : "LOINC生命體徵值集",
      "http://hl7.org/fhir/R4/valueset-observation-codes.html" : "LOINC Codes",
      "https://twcore.mohw.gov.tw/ig/twcore/0.3.2/ValueSet-loinc-observation-code.html" : "LOINC實驗室檢驗檢查值集",
      "http://hl7.org/fhir/R4/valueset-observation-vitalsignresult.html" : "Vital Signs",
      "https://twcore.mohw.gov.tw/ig/twcore/0.3.2/ValueSet-smoking-status-type-code.html" : "SNOMED CT + LOINC 吸菸狀態種類向值集",
      "ValueSet-loinc-diagnostic-code.html" : "成人預防保健檢查結果與建議Loinc Diagnostic代碼集值"
    },
    {
      "url" : "http://snomed.info/sct",
      "version" : null,
      "status" : "active",
      "name" : "SNOMED_CT",
      "title" : "SNOMED CT (all versions)",
      "description" : "SNOMED CT is the most comprehensive and precise clinical health terminology product in the world, owned and distributed around the world by The International Health Terminology Standards Development Organisation (IHTSDO).",
      "oids" : ["2.16.840.1.113883.6.96"],
      "uses" : {
      },
      "http://hl7.org/fhir/R4/valueset-condition-stage.html" : "Condition Stage",
      "http://hl7.org/fhir/R4/valueset-referencerange-appliesto.html" : "Observation Reference Range Applies To Codes",
      "https://twcore.mohw.gov.tw/ig/twcore/0.3.2/ValueSet-condition-code-sct-tw.html" : "SNOMED CT診斷代碼值集",
      "ValueSet-snomed-risk-assessment-code.html" : "成人預防保健慢性疾病風險SNOMED Risk Assessment代碼集值",
      "ValueSet-snomed-medical-history-code.html" : "成人預防保健疾病史SNOMED Medical History代碼集值",
      "https://twcore.mohw.gov.tw/ig/twcore/0.3.2/ValueSet-smoking-status-comprehensive-code.html" : "SNOMED CT 吸菸狀態綜合評估值集",
      "http://hl7.org/fhir/R4/valueset-body-site.html" : "SNOMED CT Body Structures",
      "http://hl7.org/fhir/R4/valueset-observation-methods.html" : "Observation Methods",
      "http://hl7.org/fhir/R4/valueset-encounter-reason.html" : "Encounter Reason Codes",
      "https://twcore.mohw.gov.tw/ig/twcore/0.3.2/ValueSet-health-professional-sct-tw.html" : "SNOMED CT + 臺灣醫事司醫事人員類別值集",
      "https://twcore.mohw.gov.tw/ig/twcore/0.3.2/ValueSet-medical-department-sct-tw.html" : "對應至 SNOMED CT之就醫科別 + 診療科別值集",
      "http://hl7.org/fhir/R4/valueset-condition-severity.html" : "Condition/Diagnosis Severity",
      "http://hl7.org/fhir/R4/valueset-condition-stage-type.html" : "Condition Stage Type",
      "http://hl7.org/fhir/R4/valueset-clinical-findings.html" : "SNOMED CT Clinical Findings",
      "ValueSet-snomed-health-consultation-code.html" : "成人預防保健健康諮詢SNOMED Health Consultation代碼集值",
      "https://twcore.mohw.gov.tw/ig/twcore/0.3.2/ValueSet-smoking-status-type-code.html" : "SNOMED CT + LOINC 吸菸狀態種類向值集",
      "http://hl7.org/fhir/R4/valueset-condition-code.html" : "Condition/Problem/Diagnosis Codes",
      "http://hl7.org/fhir/R4/valueset-manifestation-or-symptom.html" : "Manifestation and Symptom Codes",
      "ValueSet-snomed-health-behavior-code.html" : "成人預防保健健康行為SNOMED Health Behavior代碼集值"
    },
    {
      "url" : "http://terminology.hl7.org/CodeSystem/admit-source",
      "version" : "1.0.1",
      "status" : "active",
      "name" : "AdmitSource",
      "title" : "Admit source",
      "description" : "This value set defines a set of codes that can be used to indicate from where the patient came in.",
      "oids" : ["2.16.840.1.113883.4.642.1.1092"],
      "uses" : {
      },
      "http://hl7.org/fhir/R4/valueset-encounter-admit-source.html" : "Admit source"
    },
    {
      "url" : "http://terminology.hl7.org/CodeSystem/condition-category",
      "version" : "1.0.1",
      "status" : "active",
      "name" : "ConditionCategoryCodes",
      "title" : "Condition Category Codes",
      "description" : "Preferred value set for Condition Categories.",
      "oids" : ["2.16.840.1.113883.4.642.1.1073"],
      "uses" : {
      },
      "http://hl7.org/fhir/R4/valueset-condition-category.html" : "Condition Category Codes"
    },
    {
      "url" : "http://terminology.hl7.org/CodeSystem/condition-clinical",
      "version" : "3.0.0",
      "status" : "active",
      "name" : "ConditionClinicalStatusCodes",
      "title" : "Condition Clinical Status Codes",
      "description" : "Preferred value set for Condition Clinical Status.",
      "oids" : ["2.16.840.1.113883.4.642.1.1074"],
      "uses" : {
      },
      "http://hl7.org/fhir/R4/valueset-condition-clinical.html" : "Condition Clinical Status Codes"
    },
    {
      "url" : "http://terminology.hl7.org/CodeSystem/condition-ver-status",
      "version" : "2.0.1",
      "status" : "active",
      "name" : "ConditionVerificationStatus",
      "title" : "ConditionVerificationStatus",
      "description" : "The verification status to support or decline the clinical status of the condition or diagnosis.",
      "oids" : ["2.16.840.1.113883.4.642.1.1075"],
      "uses" : {
      },
      "http://hl7.org/fhir/R4/valueset-condition-ver-status.html" : "ConditionVerificationStatus"
    },
    {
      "url" : "http://terminology.hl7.org/CodeSystem/contactentity-type",
      "version" : "1.0.0",
      "status" : "draft",
      "name" : "ContactEntityType",
      "title" : "Contact entity type",
      "description" : "This example value set defines a set of codes that can be used to indicate the purpose for which you would contact a contact party.",
      "oids" : ["2.16.840.1.113883.4.642.1.1129"],
      "uses" : {
      },
      "http://hl7.org/fhir/R4/valueset-contactentity-type.html" : "Contact entity type"
    },
    {
      "url" : "http://terminology.hl7.org/CodeSystem/data-absent-reason",
      "version" : "1.0.0",
      "status" : "active",
      "name" : "DataAbsentReason",
      "title" : "DataAbsentReason",
      "description" : "Used to specify why the normally expected content of the data element is missing.",
      "oids" : ["2.16.840.1.113883.4.642.4.1048"],
      "uses" : {
      },
      "http://hl7.org/fhir/R4/valueset-data-absent-reason.html" : "DataAbsentReason"
    },
    {
      "url" : "http://terminology.hl7.org/CodeSystem/diagnosis-role",
      "version" : "1.1.1",
      "status" : "active",
      "name" : "DiagnosisRole",
      "title" : "Diagnosis Role",
      "description" : "This value set defines a set of codes that can be used to express the role of a diagnosis on the Encounter or EpisodeOfCare record.",
      "oids" : ["2.16.840.1.113883.4.642.1.1054"],
      "uses" : {
      },
      "http://hl7.org/fhir/R4/valueset-diagnosis-role.html" : "DiagnosisRole"
    },
    {
      "url" : "http://terminology.hl7.org/CodeSystem/diet",
      "version" : "1.0.1",
      "status" : "active",
      "name" : "Diet",
      "title" : "Diet",
      "description" : "This value set defines a set of codes that can be used to indicate dietary preferences or restrictions a patient may have.",
      "oids" : ["2.16.840.1.113883.4.642.1.1091"],
      "uses" : {
      },
      "http://hl7.org/fhir/R4/valueset-encounter-diet.html" : "Diet"
    },
    {
      "url" : "http://terminology.hl7.org/CodeSystem/discharge-disposition",
      "version" : "1.0.1",
      "status" : "active",
      "name" : "DischargeDisposition",
      "title" : "Discharge disposition",
      "description" : "This value set defines a set of codes that can be used to where the patient left the hospital.",
      "oids" : ["2.16.840.1.113883.4.642.1.1093"],
      "uses" : {
      },
      "http://hl7.org/fhir/R4/valueset-encounter-discharge-disposition.html" : "Discharge disposition"
    },
    {
      "url" : "http://terminology.hl7.org/CodeSystem/encounter-special-arrangements",
      "version" : "1.0.1",
      "status" : "active",
      "name" : "SpecialArrangements",
      "title" : "Special arrangements",
      "description" : "This value set defines a set of codes that can be used to indicate the kinds of special arrangements in place for a patients visit.",
      "oids" : ["2.16.840.1.113883.4.642.1.1090"],
      "uses" : {
      },
      "http://hl7.org/fhir/R4/valueset-encounter-special-arrangements.html" : "Special arrangements"
    },
    {
      "url" : "http://terminology.hl7.org/CodeSystem/encounter-type",
      "version" : "1.0.1",
      "status" : "active",
      "name" : "EncounterType",
      "title" : "Encounter type",
      "description" : "This example value set defines a set of codes that can be used to indicate the type of encounter: a specific code indicating type of service provided.",
      "oids" : ["2.16.840.1.113883.4.642.1.1088"],
      "uses" : {
      },
      "http://hl7.org/fhir/R4/valueset-encounter-type.html" : "Encounter type"
    },
    {
      "url" : "http://terminology.hl7.org/CodeSystem/location-physical-type",
      "version" : "2.0.1",
      "status" : "active",
      "name" : "LocationType",
      "title" : "Location type",
      "description" : "This example value set defines a set of codes that can be used to indicate the physical form of the Location.\r\rThis includes several 'non physical' codes which are still considered a location.",
      "oids" : ["2.16.840.1.113883.4.642.1.1108"],
      "uses" : {
      },
      "http://hl7.org/fhir/R4/valueset-location-physical-type.html" : "Location type"
    },
    {
      "url" : "http://terminology.hl7.org/CodeSystem/observation-category",
      "version" : "1.0.1",
      "status" : "active",
      "name" : "ObservationCategoryCodes",
      "title" : "Observation Category Codes",
      "description" : "Observation Category codes.",
      "oids" : ["2.16.840.1.113883.4.642.1.1125"],
      "uses" : {
      },
      "http://hl7.org/fhir/R4/valueset-observation-category.html" : "Observation Category Codes",
      "https://twcore.mohw.gov.tw/ig/twcore/0.3.2/ValueSet-observation-clinical-result-category.html" : "臺灣衛福部資訊處Observation Clinical Result類型值集"
    },
    {
      "url" : "http://terminology.hl7.org/CodeSystem/organization-type",
      "version" : "2.0.1",
      "status" : "active",
      "name" : "OrganizationType",
      "title" : "Organization type",
      "description" : "This example value set defines a set of codes that can be used to indicate a type of organization.",
      "oids" : ["2.16.840.1.113883.4.642.1.1128"],
      "uses" : {
      },
      "http://hl7.org/fhir/R4/valueset-organization-type.html" : "Organization type"
    },
    {
      "url" : "http://terminology.hl7.org/CodeSystem/participant-type",
      "version" : "1.0.1",
      "status" : "active",
      "name" : "ParticipantType",
      "title" : "Participant type",
      "description" : "This value set defines a set of codes that can be used to indicate how an individual participates in an encounter.",
      "oids" : ["2.16.840.1.113883.4.642.1.1089"],
      "uses" : {
      },
      "http://hl7.org/fhir/R4/valueset-encounter-participant-type.html" : "Participant type"
    },
    {
      "url" : "http://terminology.hl7.org/CodeSystem/referencerange-meaning",
      "version" : "1.0.1",
      "status" : "active",
      "name" : "ObservationReferenceRangeMeaningCodes",
      "title" : "Observation Reference Range Meaning Codes",
      "description" : "This value set defines a set of codes that can be used to indicate the meaning/use of a reference range for a particular target population.",
      "oids" : ["2.16.840.1.113883.4.642.1.1124"],
      "uses" : {
      },
      "http://hl7.org/fhir/R4/valueset-referencerange-meaning.html" : "Observation Reference Range Meaning Codes"
    },
    {
      "url" : "http://terminology.hl7.org/CodeSystem/risk-probability",
      "version" : "1.0.1",
      "status" : "active",
      "name" : "RiskProbability",
      "title" : "Risk Probability",
      "description" : "Codes representing the likelihood of a particular outcome in a risk assessment.",
      "oids" : ["2.16.840.1.113883.4.642.1.1133"],
      "uses" : {
      },
      "http://hl7.org/fhir/R4/valueset-risk-probability.html" : "Risk Probability"
    },
    {
      "url" : "http://terminology.hl7.org/CodeSystem/service-type",
      "version" : "1.1.1",
      "status" : "active",
      "name" : "ServiceType",
      "title" : "Service type",
      "description" : "This value set defines an example set of codes of service-types.",
      "oids" : ["2.16.840.1.113883.4.642.1.1145"],
      "uses" : {
      },
      "http://hl7.org/fhir/R4/valueset-service-type.html" : "Service type"
    },
    {
      "url" : "http://terminology.hl7.org/CodeSystem/v2-0074",
      "version" : "2.5.0",
      "status" : "active",
      "name" : "DiagnosticServiceSectionId",
      "title" : "diagnosticServiceSectionId",
      "description" : "HL7-defined code system of concepts which specify a section of a diagnostic service where the observation may be performed.  Used in HL7 Version 2.x messaging in the OBR and OM4 segments.",
      "oids" : ["2.16.840.1.113883.18.29"],
      "uses" : {
      },
      "http://hl7.org/fhir/R4/valueset-diagnostic-service-sections.html" : "Diagnostic Service Section Codes"
    },
    {
      "url" : "http://terminology.hl7.org/CodeSystem/v2-0092",
      "version" : "2.1.0",
      "status" : "active",
      "name" : "ReAdmissionIndicator",
      "title" : "re-admissionIndicator",
      "description" : "Code system of concepts which are used to specify that a patient is being re admitted to a healthcare facilityin from which they were discharged, and indicates the circumstances around such re-admission.  Used in HL7 Version 2.x messagine in the PV1 segment.",
      "oids" : ["2.16.840.1.113883.18.36"],
      "uses" : {
      },
      "http://terminology.hl7.org/5.0.0/ValueSet-v2-0092.html" : "hl7VS-re-admissionIndicator"
    },
    {
      "url" : "http://terminology.hl7.org/CodeSystem/v2-0131",
      "version" : "2.1.0",
      "status" : "active",
      "name" : "ContactRole2",
      "title" : "contactRole2",
      "description" : "Code system of concepts which specify a relationship role that the next of kin/associated parties plays with regard to the patient. Also used in referrals, for example, it may be necessary to identify the contact representative at the clinic that sent a referral. Used in HL7 Version 2 messaging in the NK1 and CTD segments after 2.5, when it replace 2.16.840.1.113883.18.57.",
      "oids" : ["2.16.840.1.113883.18.58"],
      "uses" : {
      },
      "http://hl7.org/fhir/R4/valueset-relatedperson-relationshiptype.html" : "Patient relationship type"
    },
    {
      "url" : "http://terminology.hl7.org/CodeSystem/v2-0203",
      "version" : "4.0.0",
      "status" : "active",
      "name" : "IdentifierType",
      "title" : "identifierType",
      "description" : "HL7-defined code system of concepts specifying type of identifier. Used in HL7 Version 2.x messaging data types CX, PLN, PPN, XCN and XON.",
      "oids" : ["2.16.840.1.113883.18.108"],
      "uses" : {
      },
      "https://twcore.mohw.gov.tw/ig/twcore/0.3.2/ValueSet-identifier-type-tw.html" : "IdentifierType + 臺灣衛福部資訊處識別碼類型值集",
      "http://hl7.org/fhir/R4/valueset-identifier-type.html" : "IdentifierType"
    },
    {
      "url" : "http://terminology.hl7.org/CodeSystem/v3-ActCode",
      "version" : "9.0.0",
      "status" : "active",
      "name" : "ActCode",
      "title" : "ActCode",
      "description" : "A code specifying the particular kind of Act that the Act-instance represents within its class.\r\n\r\n*Constraints:* The kind of Act (e.g. physical examination, serum potassium, inpatient encounter, charge financial transaction, etc.) is specified with a code from one of several, typically external, coding systems. The coding system will depend on the class of Act, such as LOINC for observations, etc.\r\n\r\nConceptually, the Act.code must be a specialization of the Act.classCode. This is why the structure of ActClass domain should be reflected in the superstructure of the ActCode domain and then individual codes or externally referenced vocabularies subordinated under these domains that reflect the ActClass structure.\r\n\r\nAct.classCode and Act.code are not modifiers of each other but the Act.code concept should really imply the Act.classCode concept. For a negative example, it is not appropriate to use an Act.code \"potassium\" together with and Act.classCode for \"laboratory observation\" to somehow mean \"potassium laboratory observation\" and then use the same Act.code for \"potassium\" together with Act.classCode for \"medication\" to mean \"substitution of potassium\". This mutually modifying use of Act.code and Act.classCode is not permitted.",
      "oids" : ["2.16.840.1.113883.5.4"],
      "uses" : {
      },
      "http://terminology.hl7.org/6.1.0/ValueSet-v3-ActEncounterCode.html" : "ActEncounterCode"
    },
    {
      "url" : "http://terminology.hl7.org/CodeSystem/v3-ActPriority",
      "version" : "3.0.0",
      "status" : "active",
      "name" : "ActPriority",
      "title" : "ActPriority",
      "description" : "A set of codes (e.g., for routine, emergency), specifying the urgency under which the Act happened, can happen, is happening, is intended to happen, or is requested/demanded to happen.",
      "oids" : ["2.16.840.1.113883.5.7"],
      "uses" : {
      },
      "http://terminology.hl7.org/6.1.0/ValueSet-v3-ActPriority.html" : "ActPriority"
    },
    {
      "url" : "http://terminology.hl7.org/CodeSystem/v3-EncounterSpecialCourtesy",
      "version" : "3.0.0",
      "status" : "active",
      "name" : "EncounterSpecialCourtesy",
      "title" : "EncounterSpecialCourtesy",
      "description" : "**** MISSING DESCRIPTION ****",
      "oids" : ["2.16.840.1.113883.5.40"],
      "uses" : {
      },
      "http://hl7.org/fhir/R4/valueset-encounter-special-courtesy.html" : "Special courtesy"
    },
    {
      "url" : "http://terminology.hl7.org/CodeSystem/v3-MaritalStatus",
      "version" : "3.0.0",
      "status" : "active",
      "name" : "MaritalStatus",
      "title" : "MaritalStatus",
      "description" : "\\* \\* \\* No description supplied \\* \\* \\*\r\n\r\n*Open Issue:* The specific meanings of these codes can vary somewhat by jurisdiction and implementation so caution should be used when determining equivalency.\r\n\r\n*Open Issue:* fixing and completion of the hierarchy and proper good definitions of all the concepts is badly needed.",
      "oids" : ["2.16.840.1.113883.5.2"],
      "uses" : {
      },
      "http://hl7.org/fhir/R4/valueset-marital-status.html" : "MaritalStatus"
    },
    {
      "url" : "http://terminology.hl7.org/CodeSystem/v3-NullFlavor",
      "version" : "3.0.0",
      "status" : "active",
      "name" : "NullFlavor",
      "title" : "NullFlavor",
      "description" : "A collection of codes specifying why a valid value is not present.",
      "oids" : ["2.16.840.1.113883.5.1008"],
      "uses" : {
      },
      "http://hl7.org/fhir/R4/valueset-encounter-special-courtesy.html" : "Special courtesy",
      "http://hl7.org/fhir/R4/valueset-marital-status.html" : "MaritalStatus"
    },
    {
      "url" : "http://terminology.hl7.org/CodeSystem/v3-ObservationInterpretation",
      "version" : "3.0.0",
      "status" : "active",
      "name" : "ObservationInterpretation",
      "title" : "ObservationInterpretation",
      "description" : "One or more codes providing a rough qualitative interpretation of the observation, such as \"normal\" / \"abnormal\", \"low\" / \"high\", \"better\" / \"worse\", \"resistant\" / \"susceptible\", \"expected\" / \"not expected\". The value set is intended to be for ANY use where coded representation of an interpretation is needed.",
      "oids" : ["2.16.840.1.113883.5.83"],
      "uses" : {
      },
      "http://hl7.org/fhir/R4/valueset-observation-interpretation.html" : "Observation Interpretation Codes"
    },
    {
      "url" : "http://terminology.hl7.org/CodeSystem/v3-ParticipationType",
      "version" : "5.0.0",
      "status" : "active",
      "name" : "ParticipationType",
      "title" : "ParticipationType",
      "description" : "A code specifying the meaning and purpose of every Participation instance. Each of its values implies specific constraints on the Roles undertaking the participation.",
      "oids" : ["2.16.840.1.113883.5.90"],
      "uses" : {
      },
      "http://hl7.org/fhir/R4/valueset-encounter-participant-type.html" : "Participant type"
    },
    {
      "url" : "http://terminology.hl7.org/CodeSystem/v3-RoleCode",
      "version" : "3.0.0",
      "status" : "active",
      "name" : "RoleCode",
      "title" : "RoleCode",
      "description" : "A set of codes further specifying the kind of Role; specific classification codes for further qualifying RoleClass codes.",
      "oids" : ["2.16.840.1.113883.5.111"],
      "uses" : {
      },
      "http://hl7.org/fhir/R4/valueset-relatedperson-relationshiptype.html" : "Patient relationship type"
    },
    {
      "url" : "http://unitsofmeasure.org",
      "version" : "3.0.1",
      "status" : "active",
      "name" : "UCUM",
      "title" : "Unified Code for Units of Measure (UCUM)",
      "description" : "The Unified Code for Units of Measure (UCUM) is a code system intended to include all units of measures being contemporarily used in international science, engineering, and business. The purpose is to facilitate unambiguous electronic communication of quantities together with their units. The focus is on electronic communication, as opposed to communication between humans. A typical application of The Unified Code for Units of Measure are electronic data interchange (EDI) protocols, but there is nothing that prevents it from being used in other types of machine communication.",
      "oids" : ["2.16.840.1.113883.6.8"],
      "uses" : {
      },
      "http://hl7.org/fhir/R4/valueset-ucum-bodyweight.html" : "Body Weight Units",
      "http://terminology.hl7.org/6.1.0/ValueSet-v3-UnitsOfMeasureCaseSensitive.html" : "UnitsOfMeasureCaseSensitive",
      "http://hl7.org/fhir/R4/valueset-ucum-bodylength.html" : "Body Length Units",
      "http://hl7.org/fhir/R4/valueset-ucum-vitals-common.html" : "Vital Signs Units"
    },
    {
      "url" : "https://twcore.mohw.gov.tw/ig/twcore/CodeSystem/health-professional-tw",
      "version" : "2022-01-28",
      "status" : "active",
      "name" : "TWHealthProfessional",
      "title" : "臺灣醫事司醫事人員類別",
      "description" : "臺灣醫事司醫事人員類別，參照至[醫事人員基本資料檔](https://www.google.com/url?client=internal-element-cse&cx=012254495936870409035:lzvyrg0mtim&q=https://www.mohw.gov.tw/dl-40452-1441ca2e-cde9-4345-b681-f9a20d5176b5.html&sa=U&ved=2ahUKEwjg5MCYrZn5AhUTI6YKHV6mC_s4FBAWegQIBBAC&usg=AOvVaw1q62t2W0hhdi0WC6e_nh1m)中的「人員類別（2022/01/28修訂）」。\n\n代碼出版日期：2022-01-28；資料所屬單位：衛生福利部醫事司。\n\n*因原始資料無代碼版本資訊，故使用其「更新日期」作為版本資訊。*",
      "uses" : {
      },
      "https://twcore.mohw.gov.tw/ig/twcore/0.3.2/ValueSet-health-professional-sct-tw.html" : "SNOMED CT + 臺灣醫事司醫事人員類別值集"
    },
    {
      "url" : "https://twcore.mohw.gov.tw/ig/twcore/CodeSystem/icd-10-cm-2014-tw",
      "version" : "2017-07-19",
      "status" : "active",
      "name" : "TW2014ICD10CM",
      "title" : "臺灣健保署2014年中文版ICD-10-CM",
      "description" : "臺灣健保署2014年中文版ICD-10-CM，參照至[https://www.nhi.gov.tw/Content_List.aspx?n=3C0BD93EC042CC67&topn=23C660CAACAA159D](https://www.nhi.gov.tw/Content_List.aspx?n=3C0BD93EC042CC67&topn=23C660CAACAA159D)。  \r\n代碼出版日期：2022-07-29；資料所屬單位：衛生福利部中央健康保險署。\r\n\r\n*因原始資料無代碼版本資訊，故使用其法規「公布日期」作為版本資訊。*\r\n\r\n因代碼量較大會使載入頁面時間較長，為方便使用者瀏覽，此處(本頁、XML、JSON、TTL)僅擷取部分代碼，完整代碼可至[全國專門術語服務平臺－臺灣健保署2014年中文版ICD-10-CM](https://fhir.mohw.gov.tw/ts/codesystemRead.jsp?id=icd-10-cm-2014-tw&status=active&version=2017-07-19&metaId=1&codeStatus=use&show=Y)查閱",
      "uses" : {
      },
      "https://twcore.mohw.gov.tw/ig/twcore/0.3.2/ValueSet-icd-10-cm-2014-tw.html" : "臺灣健保署2014年中文版ICD-10-CM值集"
    },
    {
      "url" : "https://twcore.mohw.gov.tw/ig/twcore/CodeSystem/icd-10-cm-2021-tw",
      "version" : "2022-07-29",
      "status" : "active",
      "name" : "TW2021ICD10CM",
      "title" : "臺灣健保署2021年中文版ICD-10-CM",
      "description" : "臺灣健保署2021年中文版ICD-10-CM，參照至[https://www.nhi.gov.tw/Content_List.aspx?n=3C0BD93EC042CC67&topn=23C660CAACAA159D](https://www.nhi.gov.tw/Content_List.aspx?n=3C0BD93EC042CC67&topn=23C660CAACAA159D)。    \r\n代碼出版日期：2022-07-29；資料所屬單位：衛生福利部中央健康保險署。\r\n\r\n*因原始資料無代碼版本資訊，故使用其法規「公布日期」作為版本資訊。*\r\n\r\n因代碼量較大會使載入頁面時間較長，為方便使用者瀏覽，此處(本頁、XML、JSON、TTL)僅擷取部分代碼，完整代碼可至[全國專門術語服務平臺－臺灣健保署2021年中文版ICD-10-CM](https://fhir.mohw.gov.tw/ts/codesystemRead.jsp?id=icd-10-cm-2021-tw&status=active&version=2022-07-29&metaId=1&codeStatus=use&show=Y)查閱",
      "uses" : {
      },
      "https://twcore.mohw.gov.tw/ig/twcore/0.3.2/ValueSet-icd-10-cm-2021-tw.html" : "臺灣健保署2021年中文版ICD-10-CM值集"
    },
    {
      "url" : "https://twcore.mohw.gov.tw/ig/twcore/CodeSystem/icd-10-pcs-2021-tw",
      "version" : "2022-07-29",
      "status" : "active",
      "name" : "TW2021ICD10PCS",
      "title" : "臺灣2021年中文版ICD-10-PCS",
      "description" : "臺灣2021年中文版ICD-10-PCS，參照至[https://www.nhi.gov.tw/Content_List.aspx?n=3C0BD93EC042CC67&topn=23C660CAACAA159D](https://www.nhi.gov.tw/Content_List.aspx?n=3C0BD93EC042CC67&topn=23C660CAACAA159D)。    \r\n代碼出版日期：2022-07-29；資料所屬單位：衛生福利部中央健康保險署。\r\n\r\n*因原始資料無代碼版本資訊，故使用其法規「公布日期」作為版本資訊。*\r\n\r\n因代碼量較大會使載入頁面時間較長，為方便使用者瀏覽，此處(本頁、XML、JSON、TTL)僅擷取部分代碼，完整代碼可至[全國專門術語服務平臺－臺灣健保署2021年中文版ICD-10-PCS](https://fhir.mohw.gov.tw/ts/codesystemRead.jsp?id=icd-10-pcs-2021-tw&status=active&version=2022-07-29&metaId=1&codeStatus=use&show=Y)查閱",
      "uses" : {
      },
      "https://twcore.mohw.gov.tw/ig/twcore/0.3.2/ValueSet-icd-10-pcs-2021-tw.html" : "臺灣健保署2021年中文版ICD-10-PCS值集"
    },
    {
      "url" : "https://twcore.mohw.gov.tw/ig/twcore/CodeSystem/icd-9-cm-2001-tw",
      "version" : "2023-05-09",
      "status" : "active",
      "name" : "TW2001ICD9CM",
      "title" : "臺灣健保署2001年中文版ICD-9-CM",
      "description" : "臺灣健保署2001年中文版ICD-9-CM，參照至[https://www.nhi.gov.tw/Content_List.aspx?n=C1C92AB9ED30A9FD&topn=23C660CAACAA159D](https://www.nhi.gov.tw/Content_List.aspx?n=C1C92AB9ED30A9FD&topn=23C660CAACAA159D)。  \r\n代碼出版日期：2023-05-09；資料所屬單位：衛生福利部中央健康保險署。\r\n\r\n*因原始資料無代碼版本資訊，故使用其「更新日期」作為版本資訊。*\r\n\r\n\r\n\r\n因代碼量較大會使載入頁面時間較長，為方便使用者瀏覽，此處(本頁、XML、JSON、TTL)僅擷取部分代碼，完整代碼可至[全國專門術語服務平臺－臺灣健保署2001年中文版ICD-9-CM](https://twcore.mohw.gov.tw/ts/codesystemRead.jsp?id=icd-9-cm-2001-tw&status=active&version=2023-05-09&metaId=1&codeStatus=use&show=Y)查閱",
      "uses" : {
      },
      "https://twcore.mohw.gov.tw/ig/twcore/0.3.2/ValueSet-icd-9-cm-2001-tw.html" : "臺灣健保署2001年中文版ICD-9-CM值集"
    },
    {
      "url" : "https://twcore.mohw.gov.tw/ig/twcore/CodeSystem/medical-consultation-department-nhi-tw",
      "version" : "2024-05-27",
      "status" : "active",
      "name" : "TWMedicalConsultationDepartmentNHI",
      "title" : "臺灣健保署就醫科別",
      "description" : "臺灣健保署就醫科別，參照至[健保署檔案譯碼簿](https://www.nhi.gov.tw/ch/cp-1880-20811-3142-1.html)中的「就醫科別（2022/8/2版本）」。\n\n代碼出版日期：2024-05-27；資料所屬單位：衛生福利部中央健康保險署。\n\n*因原始資料無代碼版本資訊，故使用其「更新日期」作為版本資訊。*",
      "uses" : {
      },
      "https://twcore.mohw.gov.tw/ig/twcore/0.3.2/ValueSet-medical-consultation-department-tw.html" : "無法對應至SNOMED CT之臺灣健保署就醫科別值集"
    },
    {
      "url" : "https://twcore.mohw.gov.tw/ig/twcore/CodeSystem/medical-service-payment-tw",
      "version" : "2024-11-29",
      "status" : "active",
      "name" : "TWMedicalServicePayment",
      "title" : "臺灣健保署醫療服務給付項目",
      "description" : "臺灣健保署醫療服務給付項目，參照至[全民健康保險醫療服務給付項目及支付標準](https://www.nhi.gov.tw/ch/cp-5943-f1cce-2821-1.html)中的「醫療服務給付項目(113.05.01生效) (113.04.23更新)」。  \n\n代碼出版日期：2022-07-01；資料所屬單位：衛生福利部中央健康保險署。\n\n*因原始資料無代碼版本資訊，故使用其「生效日期」作為版本資訊。*\n\n因代碼量較大會使載入頁面時間較長，為方便使用者瀏覽，此處(本頁、XML、JSON、TTL)僅擷取部分代碼，完整代碼可至[全國專門術語服務平臺－代碼系統(Code System)](https://fhir.mohw.gov.tw/ts/codesystem.jsp)查閱\n\n",
      "uses" : {
      },
      "https://twcore.mohw.gov.tw/ig/twcore/0.3.2/ValueSet-laboratory-category-tw.html" : "臺灣健保署醫療服務給付項目-檢驗值集"
    },
    {
      "url" : "https://twcore.mohw.gov.tw/ig/twcore/CodeSystem/medical-treatment-department-nhi-tw",
      "version" : "2024-05-27",
      "status" : "active",
      "name" : "TWMedicalTreatmentDepartmentNHI",
      "title" : "臺灣健保署診療科別",
      "description" : "臺灣健保署診療科別，參照至[健保署檔案譯碼簿](https://www.nhi.gov.tw/ch/cp-1880-20811-3142-1.html)中的「診療科別（2022/8/2版本）」。   \n\n代碼出版日期：2024-05-27；資料所屬單位：衛生福利部中央健康保險署。\n\n*因原始資料無代碼版本資訊，故使用其「更新日期」作為版本資訊。*",
      "uses" : {
      },
      "https://twcore.mohw.gov.tw/ig/twcore/0.3.2/ValueSet-medical-treatment-department-tw.html" : "無法對應至SNOMED CT之臺灣健保署診療科別值集"
    },
    {
      "url" : "https://twcore.mohw.gov.tw/ig/twcore/CodeSystem/organization-identifier-tw",
      "version" : "2024-08-19",
      "status" : "active",
      "name" : "TWOrganizationIdentifier",
      "title" : "臺灣醫事司醫事機構代碼",
      "description" : "臺灣醫事司醫事機構代碼，參照至[衛生福利部醫事司](https://dep.mohw.gov.tw/DOMA/cp-4926-54415-106.html)的[醫療機構與人員基本資料20231231.csv](https://www.mohw.gov.tw/dl-87760-1a0f2eab-c96a-4839-950d-beb93d903b6f.html)  \n[醫事機構代碼查詢系統](https://rao.mohw.gov.tw/AgencyCode.aspx?FD1=txtAgency_qry&FD2=txtAgencyName_qry)\n代碼出版日期：2020-06-11；資料所屬單位：衛生福利部醫事司。\n\n*因原始資料無代碼版本資訊，故使用其「更新日期」作為版本資訊。*\n\n因代碼量較大會使載入頁面時間較長，為方便使用者瀏覽，此處(本頁、XML、JSON、TTL)僅擷取部分代碼，完整代碼可至[全國專門術語服務平臺－臺灣醫事司醫事機構代碼](https://fhir.mohw.gov.tw/ts/codesystemRead.jsp?id=organization-identifier-tw&version=2024-08-19&metaId=1&status=active&codeStatus=use&show=Y)查閱\n",
      "uses" : {
      },
      "https://twcore.mohw.gov.tw/ig/twcore/0.3.2/ValueSet-organization-identifier-tw.html" : "臺灣醫事司醫事機構代碼值集"
    },
    {
      "url" : "https://twcore.mohw.gov.tw/ig/twcore/CodeSystem/v2-0203",
      "version" : "2022-07-31",
      "status" : "active",
      "name" : "TWIdentifierType_V20203",
      "title" : "臺灣衛福部資訊處識別碼類型",
      "description" : "臺灣衛福部資訊處識別碼類型，  \n代碼出版日期：2022-07-31；資料所屬單位：衛生福利部資訊處。  \n",
      "uses" : {
      },
      "https://twcore.mohw.gov.tw/ig/twcore/0.3.2/ValueSet-identifier-type-tw.html" : "IdentifierType + 臺灣衛福部資訊處識別碼類型值集"
    },
    {
      "url" : "https://twcore.mohw.gov.tw/ig/twcore/ValueSet/icd-10-cm-2023-tw",
      "version" : "2024-11-18",
      "status" : "active",
      "name" : "TW2023ICD10CM",
      "title" : "臺灣健保署2023年中文版ICD-10-CM",
      "description" : "臺灣健保署2023年中文版ICD-10-CM，參照至臺灣健保署2023年中文版ICD-10-CM，參照至[國際疾病分類第 10 版](https://www.nhi.gov.tw/ch/np-3049-1.html)，由於資料會隨代碼更新而變動，本資料的來源位置可能已更新為最新版代碼，原資料已被覆蓋。      \n代碼出版日期：2024-01-31；資料所屬單位：衛生福利部中央健康保險署。\n\n*因原始資料無代碼版本資訊，故使用其法規「公布日期」作為版本資訊。*\n\n因代碼量較大會使載入頁面時間較長，為方便使用者瀏覽，此處(本頁、XML、JSON、TTL)僅擷取部分代碼，完整代碼可至[全國專門術語服務平臺](https://fhir.mohw.gov.tw/ts/codesystem.jsp)查閱\n\n",
      "uses" : {
      },
      "https://twcore.mohw.gov.tw/ig/twcore/0.3.2/ValueSet-icd-10-cm-2023-tw.html" : "臺灣健保署2023年中文版ICD-10-CM值集"
    },
    {
      "url" : "https://twcore.mohw.gov.tw/ig/twcore/ValueSet/icd-10-pcs-2023-tw",
      "version" : "2024-11-18",
      "status" : "active",
      "name" : "TW2023ICD10PCS",
      "title" : "臺灣健保署2023年中文版ICD-10-PCS",
      "description" : "臺灣健保署2023年中文版ICD-10-PCS，參照至臺灣健保署2023年中文版ICD-10-PCS，參照至[國際疾病分類第 10 版](https://www.nhi.gov.tw/ch/np-3049-1.html)，由於資料會隨代碼更新而變動，本資料的來源位置可能已更新為最新版代碼，原資料已被覆蓋。      \n代碼出版日期：2024-11-18；資料所屬單位：衛生福利部中央健康保險署。\n\n*因原始資料無代碼版本資訊，故使用其法規「公布日期」作為版本資訊。*\n\n因代碼量較大會使載入頁面時間較長，為方便使用者瀏覽，此處(本頁、XML、JSON、TTL)僅擷取部分代碼，完整代碼可至[全國專門術語服務平臺](https://fhir.mohw.gov.tw/ts/codesystem.jsp)查閱\n\n",
      "uses" : {
      },
      "https://twcore.mohw.gov.tw/ig/twcore/0.3.2/ValueSet-icd-10-pcs-2023-tw.html" : "臺灣健保署2023年中文版ICD-10-PCS值集"
    },
    {
      "url" : "urn:ietf:bcp:47",
      "version" : "2.0.1",
      "status" : "active",
      "name" : "Ietf3066",
      "title" : "Tags for the Identification of Languages",
      "description" : "Older value from OID registry.  Superceded; see recommendations in BCP-47.",
      "oids" : ["2.16.840.1.113883.6.121"],
      "uses" : {
      },
      "http://hl7.org/fhir/R4/valueset-languages.html" : "Common Languages"
    }
  ]
}
