{
  "resourceType" : "Encounter",
  "id" : "encounter-example",
  "meta" : {
    "profile" : ["https://twhpa.tsti.com/StructureDefinition/Encounter-HPA"]
  },
  "text" : {
    "status" : "generated",
    "div" : "<div xmlns=\"http://www.w3.org/1999/xhtml\"><p class=\"res-header-id\"><b>Generated Narrative: Encounter encounter-example</b></p><a name=\"encounter-example\"> </a><a name=\"hcencounter-example\"> </a><a name=\"encounter-example-en-US\"> </a><div style=\"display: inline-block; background-color: #d9e0e7; padding: 6px; margin: 4px; border: 1px solid #8da1b4; border-radius: 5px; line-height: 60%\"><p style=\"margin-bottom: 0px\"/><p style=\"margin-bottom: 0px\">Profile: <a href=\"StructureDefinition-Encounter-HPA.html\">成人預防保健-就醫紀錄</a></p></div><p><b>identifier</b>: <code>https://etatung.com/idenitifer</code>/000120230721</p><p><b>status</b>: Finished</p><p><b>class</b>: <a href=\"http://terminology.hl7.org/6.1.0/CodeSystem-v3-ActCode.html#v3-ActCode-AMB\">ActCode AMB</a>: ambulatory</p><p><b>serviceType</b>: <span title=\"Codes:{http://snomed.info/sct 419772000}\">Family practice</span></p><p><b>subject</b>: <a href=\"Patient-patient-example.html\">陳加玲(official) Female, DoB: 1990-01-01 ( Medical record number\u00a0(use:\u00a0official,\u00a0))</a></p><h3>Participants</h3><table class=\"grid\"><tr><td style=\"display: none\">-</td><td><b>Type</b></td><td><b>Individual</b></td></tr><tr><td style=\"display: none\">*</td><td><span title=\"Codes:{http://terminology.hl7.org/CodeSystem/v3-ParticipationType PPRF}\">primary performer</span></td><td><a href=\"Practitioner-practitioner-first-example.html\">Practitioner 王依昇(official)</a></td></tr></table><p><b>period</b>: 2022-08-01 17:00:14+0800 --&gt; 2022-08-12 09:00:14+0000</p><p><b>serviceProvider</b>: <a href=\"Organization-org-hosp-example.html\">Organization 衛生福利部臺北醫院</a></p></div>"
  },
  "identifier" : [{
    "system" : "https://etatung.com/idenitifer",
    "value" : "000120230721"
  }],
  "status" : "finished",
  "class" : {
    "system" : "http://terminology.hl7.org/CodeSystem/v3-ActCode",
    "code" : "AMB"
  },
  "serviceType" : {
    "coding" : [{
      "system" : "http://snomed.info/sct",
      "code" : "419772000",
      "display" : "Family practice"
    }]
  },
  "subject" : {
    "reference" : "Patient/patient-example"
  },
  "participant" : [{
    "type" : [{
      "coding" : [{
        "system" : "http://terminology.hl7.org/CodeSystem/v3-ParticipationType",
        "code" : "PPRF"
      }]
    }],
    "individual" : {
      "reference" : "Practitioner/practitioner-first-example"
    }
  }],
  "period" : {
    "start" : "2022-08-01T17:00:14+08:00",
    "end" : "2022-08-12T09:00:14+00:00"
  },
  "serviceProvider" : {
    "reference" : "Organization/org-hosp-example"
  }
}