<?xml version="1.0" encoding="UTF-8"?>

<ImplementationGuide xmlns="http://hl7.org/fhir">
  <id value="tw.tsti.adultcheck"/>
  <text>
    <status value="extensions"/><div xmlns="http://www.w3.org/1999/xhtml">Placeholder</div>
  </text>
  <url value="https://tstifhir.azurehealthcareapis.com/ImplementationGuide/tw.tsti.adultcheck"/>
  <version value="0.1.0"/>
  <name value="AdultCheckIG"/>
  <title value="成人預防保健實作指引(Adult Check IG)"/>
  <status value="active"/>
  <date value="2023-10-16T14:04:58+08:00"/>
  <publisher value="大世科 tsti"/>
  <contact>
    <name value="大世科 tsti"/>
    <telecom>
      <system value="url"/>
      <value value="https://www.etatung.com/"/>
    </telecom>
  </contact>
  <description value="成人預防保健實作指引(Adult Check IG)依據【國民健康署成人預防保健服務檢查單】與【國民健康署成人預防保健服務檢查紀錄結果表單資料電子檔申報格式】，採用HL7® FHIR® standard（Fast Healthcare Interoperability Resources）IG建置方法，在FHIR R4.0.1和臺灣核心實作指引(TW Core IG)0.1.1版本之標準基礎上，進一步定義適用於健康照護資料交換需求的Resources（類似資料表）、其中的資料項目（意即欄位）、基數（意即0..1、0..*、1..1或1..*）及資料類型（文字、日期時間、代碼等）等，旨在提供健康照護資訊系統開發與實作者以成人健檢實作指引為基礎，再進一步訂定其實務專案所需之資料交換格式以應用於專案中。"/>
  <packageId value="tw.tsti.adultcheck"/>
  <license value="CC0-1.0"/>
  <fhirVersion value="4.0.1"/>
  <dependsOn id="hl7tx">
    <extension url="http://hl7.org/fhir/tools/StructureDefinition/implementationguide-dependency-comment">
      <valueMarkdown value="Automatically added as a dependency - all IGs depend on HL7 Terminology"/>
    </extension>
    <uri value="http://terminology.hl7.org/ImplementationGuide/hl7.terminology"/>
    <packageId value="hl7.terminology.r4"/>
    <version value="5.3.0"/>
  </dependsOn>
  <dependsOn id="hl7ext">
    <extension url="http://hl7.org/fhir/tools/StructureDefinition/implementationguide-dependency-comment">
      <valueMarkdown value="Automatically added as a dependency - all IGs depend on the HL7 Extension Pack"/>
    </extension>
    <uri value="http://hl7.org/fhir/extensions/ImplementationGuide/hl7.fhir.uv.extensions"/>
    <packageId value="hl7.fhir.uv.extensions.r4"/>
    <version value="1.0.0"/>
  </dependsOn>
  <dependsOn id="tw_gov_mohw_twcore">
    <uri value="https://twcore.mohw.gov.tw/ig/twcore/ImplementationGuide/tw.gov.mohw.twcore"/>
    <packageId value="tw.gov.mohw.twcore"/>
    <version value="0.1.1"/>
  </dependsOn>
  <definition>
    <extension url="http://hl7.org/fhir/tools/StructureDefinition/ig-parameter">
      <extension url="code">
        <valueString value="copyrightyear"/>
      </extension>
      <extension url="value">
        <valueString value="2023+"/>
      </extension>
    </extension>
    <extension url="http://hl7.org/fhir/tools/StructureDefinition/ig-parameter">
      <extension url="code">
        <valueString value="releaselabel"/>
      </extension>
      <extension url="value">
        <valueString value="ci-build"/>
      </extension>
    </extension>
    <extension url="http://hl7.org/fhir/tools/StructureDefinition/ig-parameter">
      <extension url="code">
        <valueString value="autoload-resources"/>
      </extension>
      <extension url="value">
        <valueString value="true"/>
      </extension>
    </extension>
    <extension url="http://hl7.org/fhir/tools/StructureDefinition/ig-parameter">
      <extension url="code">
        <valueString value="path-liquid"/>
      </extension>
      <extension url="value">
        <valueString value="template/liquid"/>
      </extension>
    </extension>
    <extension url="http://hl7.org/fhir/tools/StructureDefinition/ig-parameter">
      <extension url="code">
        <valueString value="path-liquid"/>
      </extension>
      <extension url="value">
        <valueString value="input/liquid"/>
      </extension>
    </extension>
    <extension url="http://hl7.org/fhir/tools/StructureDefinition/ig-parameter">
      <extension url="code">
        <valueString value="path-qa"/>
      </extension>
      <extension url="value">
        <valueString value="temp/qa"/>
      </extension>
    </extension>
    <extension url="http://hl7.org/fhir/tools/StructureDefinition/ig-parameter">
      <extension url="code">
        <valueString value="path-temp"/>
      </extension>
      <extension url="value">
        <valueString value="temp/pages"/>
      </extension>
    </extension>
    <extension url="http://hl7.org/fhir/tools/StructureDefinition/ig-parameter">
      <extension url="code">
        <valueString value="path-output"/>
      </extension>
      <extension url="value">
        <valueString value="output"/>
      </extension>
    </extension>
    <extension url="http://hl7.org/fhir/tools/StructureDefinition/ig-parameter">
      <extension url="code">
        <valueString value="path-suppressed-warnings"/>
      </extension>
      <extension url="value">
        <valueString value="input/ignoreWarnings.txt"/>
      </extension>
    </extension>
    <extension url="http://hl7.org/fhir/tools/StructureDefinition/ig-parameter">
      <extension url="code">
        <valueString value="path-history"/>
      </extension>
      <extension url="value">
        <valueString value="https://tstifhir.azurehealthcareapis.com/history.html"/>
      </extension>
    </extension>
    <extension url="http://hl7.org/fhir/tools/StructureDefinition/ig-parameter">
      <extension url="code">
        <valueString value="template-html"/>
      </extension>
      <extension url="value">
        <valueString value="template-page.html"/>
      </extension>
    </extension>
    <extension url="http://hl7.org/fhir/tools/StructureDefinition/ig-parameter">
      <extension url="code">
        <valueString value="template-md"/>
      </extension>
      <extension url="value">
        <valueString value="template-page-md.html"/>
      </extension>
    </extension>
    <extension url="http://hl7.org/fhir/tools/StructureDefinition/ig-parameter">
      <extension url="code">
        <valueString value="apply-contact"/>
      </extension>
      <extension url="value">
        <valueString value="true"/>
      </extension>
    </extension>
    <extension url="http://hl7.org/fhir/tools/StructureDefinition/ig-parameter">
      <extension url="code">
        <valueString value="apply-context"/>
      </extension>
      <extension url="value">
        <valueString value="true"/>
      </extension>
    </extension>
    <extension url="http://hl7.org/fhir/tools/StructureDefinition/ig-parameter">
      <extension url="code">
        <valueString value="apply-copyright"/>
      </extension>
      <extension url="value">
        <valueString value="true"/>
      </extension>
    </extension>
    <extension url="http://hl7.org/fhir/tools/StructureDefinition/ig-parameter">
      <extension url="code">
        <valueString value="apply-jurisdiction"/>
      </extension>
      <extension url="value">
        <valueString value="true"/>
      </extension>
    </extension>
    <extension url="http://hl7.org/fhir/tools/StructureDefinition/ig-parameter">
      <extension url="code">
        <valueString value="apply-license"/>
      </extension>
      <extension url="value">
        <valueString value="true"/>
      </extension>
    </extension>
    <extension url="http://hl7.org/fhir/tools/StructureDefinition/ig-parameter">
      <extension url="code">
        <valueString value="apply-publisher"/>
      </extension>
      <extension url="value">
        <valueString value="true"/>
      </extension>
    </extension>
    <extension url="http://hl7.org/fhir/tools/StructureDefinition/ig-parameter">
      <extension url="code">
        <valueString value="apply-version"/>
      </extension>
      <extension url="value">
        <valueString value="true"/>
      </extension>
    </extension>
    <extension url="http://hl7.org/fhir/tools/StructureDefinition/ig-parameter">
      <extension url="code">
        <valueString value="apply-wg"/>
      </extension>
      <extension url="value">
        <valueString value="true"/>
      </extension>
    </extension>
    <extension url="http://hl7.org/fhir/tools/StructureDefinition/ig-parameter">
      <extension url="code">
        <valueString value="active-tables"/>
      </extension>
      <extension url="value">
        <valueString value="true"/>
      </extension>
    </extension>
    <extension url="http://hl7.org/fhir/tools/StructureDefinition/ig-parameter">
      <extension url="code">
        <valueString value="fmm-definition"/>
      </extension>
      <extension url="value">
        <valueString value="http://hl7.org/fhir/versions.html#maturity"/>
      </extension>
    </extension>
    <extension url="http://hl7.org/fhir/tools/StructureDefinition/ig-parameter">
      <extension url="code">
        <valueString value="propagate-status"/>
      </extension>
      <extension url="value">
        <valueString value="true"/>
      </extension>
    </extension>
    <extension url="http://hl7.org/fhir/tools/StructureDefinition/ig-parameter">
      <extension url="code">
        <valueString value="excludelogbinaryformat"/>
      </extension>
      <extension url="value">
        <valueString value="true"/>
      </extension>
    </extension>
    <extension url="http://hl7.org/fhir/tools/StructureDefinition/ig-parameter">
      <extension url="code">
        <valueString value="tabbed-snapshots"/>
      </extension>
      <extension url="value">
        <valueString value="true"/>
      </extension>
    </extension>
    <extension url="http://hl7.org/fhir/tools/StructureDefinition/ig-internal-dependency">
      <valueCode value="hl7.fhir.uv.tools#current"/>
    </extension>
    <extension url="http://hl7.org/fhir/tools/StructureDefinition/ig-parameter">
      <extension url="code">
        <valueCode value="copyrightyear"/>
      </extension>
      <extension url="value">
        <valueString value="2023+"/>
      </extension>
    </extension>
    <extension url="http://hl7.org/fhir/tools/StructureDefinition/ig-parameter">
      <extension url="code">
        <valueCode value="releaselabel"/>
      </extension>
      <extension url="value">
        <valueString value="ci-build"/>
      </extension>
    </extension>
    <extension url="http://hl7.org/fhir/tools/StructureDefinition/ig-parameter">
      <extension url="code">
        <valueCode value="autoload-resources"/>
      </extension>
      <extension url="value">
        <valueString value="true"/>
      </extension>
    </extension>
    <extension url="http://hl7.org/fhir/tools/StructureDefinition/ig-parameter">
      <extension url="code">
        <valueCode value="path-liquid"/>
      </extension>
      <extension url="value">
        <valueString value="template/liquid"/>
      </extension>
    </extension>
    <extension url="http://hl7.org/fhir/tools/StructureDefinition/ig-parameter">
      <extension url="code">
        <valueCode value="path-liquid"/>
      </extension>
      <extension url="value">
        <valueString value="input/liquid"/>
      </extension>
    </extension>
    <extension url="http://hl7.org/fhir/tools/StructureDefinition/ig-parameter">
      <extension url="code">
        <valueCode value="path-qa"/>
      </extension>
      <extension url="value">
        <valueString value="temp/qa"/>
      </extension>
    </extension>
    <extension url="http://hl7.org/fhir/tools/StructureDefinition/ig-parameter">
      <extension url="code">
        <valueCode value="path-temp"/>
      </extension>
      <extension url="value">
        <valueString value="temp/pages"/>
      </extension>
    </extension>
    <extension url="http://hl7.org/fhir/tools/StructureDefinition/ig-parameter">
      <extension url="code">
        <valueCode value="path-output"/>
      </extension>
      <extension url="value">
        <valueString value="output"/>
      </extension>
    </extension>
    <extension url="http://hl7.org/fhir/tools/StructureDefinition/ig-parameter">
      <extension url="code">
        <valueCode value="path-suppressed-warnings"/>
      </extension>
      <extension url="value">
        <valueString value="input/ignoreWarnings.txt"/>
      </extension>
    </extension>
    <extension url="http://hl7.org/fhir/tools/StructureDefinition/ig-parameter">
      <extension url="code">
        <valueCode value="path-history"/>
      </extension>
      <extension url="value">
        <valueString value="https://tstifhir.azurehealthcareapis.com/history.html"/>
      </extension>
    </extension>
    <extension url="http://hl7.org/fhir/tools/StructureDefinition/ig-parameter">
      <extension url="code">
        <valueCode value="template-html"/>
      </extension>
      <extension url="value">
        <valueString value="template-page.html"/>
      </extension>
    </extension>
    <extension url="http://hl7.org/fhir/tools/StructureDefinition/ig-parameter">
      <extension url="code">
        <valueCode value="template-md"/>
      </extension>
      <extension url="value">
        <valueString value="template-page-md.html"/>
      </extension>
    </extension>
    <extension url="http://hl7.org/fhir/tools/StructureDefinition/ig-parameter">
      <extension url="code">
        <valueCode value="apply-contact"/>
      </extension>
      <extension url="value">
        <valueString value="true"/>
      </extension>
    </extension>
    <extension url="http://hl7.org/fhir/tools/StructureDefinition/ig-parameter">
      <extension url="code">
        <valueCode value="apply-context"/>
      </extension>
      <extension url="value">
        <valueString value="true"/>
      </extension>
    </extension>
    <extension url="http://hl7.org/fhir/tools/StructureDefinition/ig-parameter">
      <extension url="code">
        <valueCode value="apply-copyright"/>
      </extension>
      <extension url="value">
        <valueString value="true"/>
      </extension>
    </extension>
    <extension url="http://hl7.org/fhir/tools/StructureDefinition/ig-parameter">
      <extension url="code">
        <valueCode value="apply-jurisdiction"/>
      </extension>
      <extension url="value">
        <valueString value="true"/>
      </extension>
    </extension>
    <extension url="http://hl7.org/fhir/tools/StructureDefinition/ig-parameter">
      <extension url="code">
        <valueCode value="apply-license"/>
      </extension>
      <extension url="value">
        <valueString value="true"/>
      </extension>
    </extension>
    <extension url="http://hl7.org/fhir/tools/StructureDefinition/ig-parameter">
      <extension url="code">
        <valueCode value="apply-publisher"/>
      </extension>
      <extension url="value">
        <valueString value="true"/>
      </extension>
    </extension>
    <extension url="http://hl7.org/fhir/tools/StructureDefinition/ig-parameter">
      <extension url="code">
        <valueCode value="apply-version"/>
      </extension>
      <extension url="value">
        <valueString value="true"/>
      </extension>
    </extension>
    <extension url="http://hl7.org/fhir/tools/StructureDefinition/ig-parameter">
      <extension url="code">
        <valueCode value="apply-wg"/>
      </extension>
      <extension url="value">
        <valueString value="true"/>
      </extension>
    </extension>
    <extension url="http://hl7.org/fhir/tools/StructureDefinition/ig-parameter">
      <extension url="code">
        <valueCode value="active-tables"/>
      </extension>
      <extension url="value">
        <valueString value="true"/>
      </extension>
    </extension>
    <extension url="http://hl7.org/fhir/tools/StructureDefinition/ig-parameter">
      <extension url="code">
        <valueCode value="fmm-definition"/>
      </extension>
      <extension url="value">
        <valueString value="http://hl7.org/fhir/versions.html#maturity"/>
      </extension>
    </extension>
    <extension url="http://hl7.org/fhir/tools/StructureDefinition/ig-parameter">
      <extension url="code">
        <valueCode value="propagate-status"/>
      </extension>
      <extension url="value">
        <valueString value="true"/>
      </extension>
    </extension>
    <extension url="http://hl7.org/fhir/tools/StructureDefinition/ig-parameter">
      <extension url="code">
        <valueCode value="excludelogbinaryformat"/>
      </extension>
      <extension url="value">
        <valueString value="true"/>
      </extension>
    </extension>
    <extension url="http://hl7.org/fhir/tools/StructureDefinition/ig-parameter">
      <extension url="code">
        <valueCode value="tabbed-snapshots"/>
      </extension>
      <extension url="value">
        <valueString value="true"/>
      </extension>
    </extension>
    <resource>
      <extension url="http://hl7.org/fhir/tools/StructureDefinition/resource-information">
        <valueString value="StructureDefinition:resource"/>
      </extension>
      <reference>
        <reference value="StructureDefinition/Bundle-adultcheck"/>
      </reference>
      <name value="Bundle - AdultCheck"/>
      <description value="此Bundle AdultCheck Profile說明成人預防保健服務檢查單資料"/>
      <exampleBoolean value="false"/>
    </resource>
    <resource>
      <extension url="http://hl7.org/fhir/tools/StructureDefinition/resource-information">
        <valueString value="Bundle"/>
      </extension>
      <reference>
        <reference value="Bundle/bundle-example"/>
      </reference>
      <name value="bundle-example"/>
      <description value="成人預防保健服務檢查單資料範例"/>
      <exampleCanonical value="https://tstifhir.azurehealthcareapis.com/StructureDefinition/Bundle-adultcheck"/>
    </resource>
    <resource>
      <extension url="http://hl7.org/fhir/tools/StructureDefinition/resource-information">
        <valueString value="StructureDefinition:resource"/>
      </extension>
      <reference>
        <reference value="StructureDefinition/Composition-adultcheck"/>
      </reference>
      <name value="Composition - AdultCheck"/>
      <description value="此Composition AdultCheck Profile說明成人預防保健服務檢查單資料"/>
      <exampleBoolean value="false"/>
    </resource>
    <resource>
      <extension url="http://hl7.org/fhir/tools/StructureDefinition/resource-information">
        <valueString value="Composition"/>
      </extension>
      <reference>
        <reference value="Composition/composition-example"/>
      </reference>
      <name value="composition-example"/>
      <description value="成人預防保健服務檢查單資料範例"/>
      <exampleCanonical value="https://tstifhir.azurehealthcareapis.com/StructureDefinition/Composition-adultcheck"/>
    </resource>
    <resource>
      <extension url="http://hl7.org/fhir/tools/StructureDefinition/resource-information">
        <valueString value="StructureDefinition:resource"/>
      </extension>
      <reference>
        <reference value="StructureDefinition/Condition-adultcheck"/>
      </reference>
      <name value="Condition - AdultCheck"/>
      <description value="此ConditionAdultCheck Profile說明成人預防保健中疾病史之資料"/>
      <exampleBoolean value="false"/>
    </resource>
    <resource>
      <extension url="http://hl7.org/fhir/tools/StructureDefinition/resource-information">
        <valueString value="Condition"/>
      </extension>
      <reference>
        <reference value="Condition/condition-bp-example"/>
      </reference>
      <name value="condition-bp-example"/>
      <description value="成人預防保健疾病史-高血壓範例"/>
      <exampleCanonical value="https://tstifhir.azurehealthcareapis.com/StructureDefinition/Condition-adultcheck"/>
    </resource>
    <resource>
      <extension url="http://hl7.org/fhir/tools/StructureDefinition/resource-information">
        <valueString value="Condition"/>
      </extension>
      <reference>
        <reference value="Condition/condition-db-example"/>
      </reference>
      <name value="condition-db-example"/>
      <description value="成人預防保健疾病史-糖尿病範例"/>
      <exampleCanonical value="https://tstifhir.azurehealthcareapis.com/StructureDefinition/Condition-adultcheck"/>
    </resource>
    <resource>
      <extension url="http://hl7.org/fhir/tools/StructureDefinition/resource-information">
        <valueString value="DiagnosticReport"/>
      </extension>
      <reference>
        <reference value="DiagnosticReport/diag-kidney-example"/>
      </reference>
      <name value="diag-kidney-example"/>
      <description value="腎功能檢查結果判讀範例"/>
      <exampleCanonical value="https://tstifhir.azurehealthcareapis.com/StructureDefinition/DiagnosticReport-adultcheck"/>
    </resource>
    <resource>
      <extension url="http://hl7.org/fhir/tools/StructureDefinition/resource-information">
        <valueString value="StructureDefinition:resource"/>
      </extension>
      <reference>
        <reference value="StructureDefinition/DiagnosticReport-adultcheck"/>
      </reference>
      <name value="DiagnosticReport - AdultCheck"/>
      <description value="此DiagnosticReport AdultCheck Profile說明成人預防保健檢查結果與建議資訊"/>
      <exampleBoolean value="false"/>
    </resource>
    <resource>
      <extension url="http://hl7.org/fhir/tools/StructureDefinition/resource-information">
        <valueString value="StructureDefinition:resource"/>
      </extension>
      <reference>
        <reference value="StructureDefinition/Encounter-adultcheck"/>
      </reference>
      <name value="Encounter - AdultCheck"/>
      <description value="此Encounter AdultCheck Profile說明成人預防保健兩階段檢查就醫紀錄"/>
      <exampleBoolean value="false"/>
    </resource>
    <resource>
      <extension url="http://hl7.org/fhir/tools/StructureDefinition/resource-information">
        <valueString value="Encounter"/>
      </extension>
      <reference>
        <reference value="Encounter/encounter-example"/>
      </reference>
      <name value="encounter-example"/>
      <description value="成人預防保健兩階段檢查紀錄範例"/>
      <exampleCanonical value="https://tstifhir.azurehealthcareapis.com/StructureDefinition/Encounter-adultcheck"/>
    </resource>
    <resource>
      <extension url="http://hl7.org/fhir/tools/StructureDefinition/resource-information">
        <valueString value="StructureDefinition:resource"/>
      </extension>
      <reference>
        <reference value="StructureDefinition/ObservationBMI-adultcheck"/>
      </reference>
      <name value="Observation BMI - AdultCheck"/>
      <description value="此Observation BMI AdultCheck Profile說明成人預防保健BMI紀錄"/>
      <exampleBoolean value="false"/>
    </resource>
    <resource>
      <extension url="http://hl7.org/fhir/tools/StructureDefinition/resource-information">
        <valueString value="StructureDefinition:resource"/>
      </extension>
      <reference>
        <reference value="StructureDefinition/ObservationDepression-adultcheck"/>
      </reference>
      <name value="Observation Depression - AdultCheck"/>
      <description value="此Observation Depression AdultCheck Profile說明成人預防保健憂鬱檢測資料"/>
      <exampleBoolean value="false"/>
    </resource>
    <resource>
      <extension url="http://hl7.org/fhir/tools/StructureDefinition/resource-information">
        <valueString value="StructureDefinition:resource"/>
      </extension>
      <reference>
        <reference value="StructureDefinition/ObservationHeight-adultcheck"/>
      </reference>
      <name value="Observation Height - AdultCheck"/>
      <description value="此ObservationHeight AdultCheck Profile說明成人預防保健身高紀錄"/>
      <exampleBoolean value="false"/>
    </resource>
    <resource>
      <extension url="http://hl7.org/fhir/tools/StructureDefinition/resource-information">
        <valueString value="StructureDefinition:resource"/>
      </extension>
      <reference>
        <reference value="StructureDefinition/ObservationLab-adultcheck"/>
      </reference>
      <name value="Observation Lab - AdultCheck"/>
      <description value="此Observation Lab AdultCheck Profile說明成人預防保健檢驗資料"/>
      <exampleBoolean value="false"/>
    </resource>
    <resource>
      <extension url="http://hl7.org/fhir/tools/StructureDefinition/resource-information">
        <valueString value="StructureDefinition:resource"/>
      </extension>
      <reference>
        <reference value="StructureDefinition/ObservationPressure-adultcheck"/>
      </reference>
      <name value="Observation Pressure - AdultCheck"/>
      <description value="此Observation Pressure AdultCheck Profile說明成人預防保健血壓紀錄"/>
      <exampleBoolean value="false"/>
    </resource>
    <resource>
      <extension url="http://hl7.org/fhir/tools/StructureDefinition/resource-information">
        <valueString value="StructureDefinition:resource"/>
      </extension>
      <reference>
        <reference value="StructureDefinition/ObservationSocial-adultcheck"/>
      </reference>
      <name value="Observation Social - AdultCheck"/>
      <description value="此Observation Social AdultCheck Profile說明成人預防保健生活史紀錄"/>
      <exampleBoolean value="false"/>
    </resource>
    <resource>
      <extension url="http://hl7.org/fhir/tools/StructureDefinition/resource-information">
        <valueString value="StructureDefinition:resource"/>
      </extension>
      <reference>
        <reference value="StructureDefinition/ObservationWaist-adultcheck"/>
      </reference>
      <name value="Observation Waist - AdultCheck"/>
      <description value="此ObservationWaist AdultCheck Profile說明成人預防保健腰圍紀錄"/>
      <exampleBoolean value="false"/>
    </resource>
    <resource>
      <extension url="http://hl7.org/fhir/tools/StructureDefinition/resource-information">
        <valueString value="StructureDefinition:resource"/>
      </extension>
      <reference>
        <reference value="StructureDefinition/ObservationWeight-adultcheck"/>
      </reference>
      <name value="Observation Weight - AdultCheck"/>
      <description value="此ObservationWeight AdultCheck Profile說明成人預防保健體重紀錄"/>
      <exampleBoolean value="false"/>
    </resource>
    <resource>
      <extension url="http://hl7.org/fhir/tools/StructureDefinition/resource-information">
        <valueString value="Observation"/>
      </extension>
      <reference>
        <reference value="Observation/observation-alcohol-example"/>
      </reference>
      <name value="observation-alcohol-example"/>
      <description value="成人預防保健生活史項目-喝酒範例"/>
      <exampleCanonical value="https://tstifhir.azurehealthcareapis.com/StructureDefinition/ObservationSocial-adultcheck"/>
    </resource>
    <resource>
      <extension url="http://hl7.org/fhir/tools/StructureDefinition/resource-information">
        <valueString value="Observation"/>
      </extension>
      <reference>
        <reference value="Observation/observation-bmi-example"/>
      </reference>
      <name value="observation-bmi-example"/>
      <description value="成人預防保健BMI紀錄範例"/>
      <exampleCanonical value="https://tstifhir.azurehealthcareapis.com/StructureDefinition/ObservationBMI-adultcheck"/>
    </resource>
    <resource>
      <extension url="http://hl7.org/fhir/tools/StructureDefinition/resource-information">
        <valueString value="Observation"/>
      </extension>
      <reference>
        <reference value="Observation/observation-checkbc-example"/>
      </reference>
      <name value="observation-checkbc-example"/>
      <description value="成人預防保健生活史項目-接受過 B、C 型肝炎檢查範例"/>
      <exampleCanonical value="https://tstifhir.azurehealthcareapis.com/StructureDefinition/ObservationSocial-adultcheck"/>
    </resource>
    <resource>
      <extension url="http://hl7.org/fhir/tools/StructureDefinition/resource-information">
        <valueString value="Observation"/>
      </extension>
      <reference>
        <reference value="Observation/observation-conaccident-example"/>
      </reference>
      <name value="observation-conaccident-example"/>
      <description value="成人預防保健生活史項目-事故傷害諮詢範例"/>
      <exampleCanonical value="https://tstifhir.azurehealthcareapis.com/StructureDefinition/ObservationSocial-adultcheck"/>
    </resource>
    <resource>
      <extension url="http://hl7.org/fhir/tools/StructureDefinition/resource-information">
        <valueString value="Observation"/>
      </extension>
      <reference>
        <reference value="Observation/observation-condiet-example"/>
      </reference>
      <name value="observation-condiet-example"/>
      <description value="成人預防保健生活史項目-健康飲食諮詢範例"/>
      <exampleCanonical value="https://tstifhir.azurehealthcareapis.com/StructureDefinition/ObservationSocial-adultcheck"/>
    </resource>
    <resource>
      <extension url="http://hl7.org/fhir/tools/StructureDefinition/resource-information">
        <valueString value="Observation"/>
      </extension>
      <reference>
        <reference value="Observation/observation-conexercise-example"/>
      </reference>
      <name value="observation-conexercise-example"/>
      <description value="成人預防保健生活史項目-戒檳榔諮詢範例"/>
      <exampleCanonical value="https://tstifhir.azurehealthcareapis.com/StructureDefinition/ObservationSocial-adultcheck"/>
    </resource>
    <resource>
      <extension url="http://hl7.org/fhir/tools/StructureDefinition/resource-information">
        <valueString value="Observation"/>
      </extension>
      <reference>
        <reference value="Observation/observation-conliquor-example"/>
      </reference>
      <name value="observation-conliquor-example"/>
      <description value="成人預防保健生活史項目-節酒諮詢範例"/>
      <exampleCanonical value="https://tstifhir.azurehealthcareapis.com/StructureDefinition/ObservationSocial-adultcheck"/>
    </resource>
    <resource>
      <extension url="http://hl7.org/fhir/tools/StructureDefinition/resource-information">
        <valueString value="Observation"/>
      </extension>
      <reference>
        <reference value="Observation/observation-connut-example"/>
      </reference>
      <name value="observation-connut-example"/>
      <description value="成人預防保健生活史項目-戒檳榔諮詢範例"/>
      <exampleCanonical value="https://tstifhir.azurehealthcareapis.com/StructureDefinition/ObservationSocial-adultcheck"/>
    </resource>
    <resource>
      <extension url="http://hl7.org/fhir/tools/StructureDefinition/resource-information">
        <valueString value="Observation"/>
      </extension>
      <reference>
        <reference value="Observation/observation-conoral-example"/>
      </reference>
      <name value="observation-conoral-example"/>
      <description value="成人預防保健生活史項目-口腔保健諮詢範例"/>
      <exampleCanonical value="https://tstifhir.azurehealthcareapis.com/StructureDefinition/ObservationSocial-adultcheck"/>
    </resource>
    <resource>
      <extension url="http://hl7.org/fhir/tools/StructureDefinition/resource-information">
        <valueString value="Observation"/>
      </extension>
      <reference>
        <reference value="Observation/observation-consmoke-example"/>
      </reference>
      <name value="observation-consmoke-example"/>
      <description value="成人預防保健生活史項目-戒菸諮詢範例"/>
      <exampleCanonical value="https://tstifhir.azurehealthcareapis.com/StructureDefinition/ObservationSocial-adultcheck"/>
    </resource>
    <resource>
      <extension url="http://hl7.org/fhir/tools/StructureDefinition/resource-information">
        <valueString value="Observation"/>
      </extension>
      <reference>
        <reference value="Observation/observation-conweight-example"/>
      </reference>
      <name value="observation-conweight-example"/>
      <description value="成人預防保健生活史項目-維持正常體重諮詢範例"/>
      <exampleCanonical value="https://tstifhir.azurehealthcareapis.com/StructureDefinition/ObservationSocial-adultcheck"/>
    </resource>
    <resource>
      <extension url="http://hl7.org/fhir/tools/StructureDefinition/resource-information">
        <valueString value="Observation"/>
      </extension>
      <reference>
        <reference value="Observation/observation-depress-example"/>
      </reference>
      <name value="observation-depress-example"/>
      <description value="成人預防保健憂鬱檢測範例"/>
      <exampleCanonical value="https://tstifhir.azurehealthcareapis.com/StructureDefinition/ObservationDepression-adultcheck"/>
    </resource>
    <resource>
      <extension url="http://hl7.org/fhir/tools/StructureDefinition/resource-information">
        <valueString value="Observation"/>
      </extension>
      <reference>
        <reference value="Observation/observation-exercise-example"/>
      </reference>
      <name value="observation-exercise-example"/>
      <description value="成人預防保健生活史項目-運動範例"/>
      <exampleCanonical value="https://tstifhir.azurehealthcareapis.com/StructureDefinition/ObservationSocial-adultcheck"/>
    </resource>
    <resource>
      <extension url="http://hl7.org/fhir/tools/StructureDefinition/resource-information">
        <valueString value="Observation"/>
      </extension>
      <reference>
        <reference value="Observation/observation-height-example"/>
      </reference>
      <name value="observation-height-example"/>
      <description value="成人預防保健身高紀錄範例"/>
      <exampleCanonical value="https://tstifhir.azurehealthcareapis.com/StructureDefinition/ObservationHeight-adultcheck"/>
    </resource>
    <resource>
      <extension url="http://hl7.org/fhir/tools/StructureDefinition/resource-information">
        <valueString value="Observation"/>
      </extension>
      <reference>
        <reference value="Observation/observation-lab-b-example"/>
      </reference>
      <name value="observation-lab-b-example"/>
      <description value="成人預防保健檢驗資訊範例-B型肝炎表面抗原"/>
      <exampleCanonical value="https://tstifhir.azurehealthcareapis.com/StructureDefinition/ObservationLab-adultcheck"/>
    </resource>
    <resource>
      <extension url="http://hl7.org/fhir/tools/StructureDefinition/resource-information">
        <valueString value="Observation"/>
      </extension>
      <reference>
        <reference value="Observation/observation-lab-c-example"/>
      </reference>
      <name value="observation-lab-c-example"/>
      <description value="成人預防保健檢驗資訊範例-C 型肝炎抗體"/>
      <exampleCanonical value="https://tstifhir.azurehealthcareapis.com/StructureDefinition/ObservationLab-adultcheck"/>
    </resource>
    <resource>
      <extension url="http://hl7.org/fhir/tools/StructureDefinition/resource-information">
        <valueString value="Observation"/>
      </extension>
      <reference>
        <reference value="Observation/observation-lab-creatinine-example"/>
      </reference>
      <name value="observation-lab-creatinine-example"/>
      <description value="成人預防保健檢驗資訊範例-肌酸酐"/>
      <exampleCanonical value="https://tstifhir.azurehealthcareapis.com/StructureDefinition/ObservationLab-adultcheck"/>
    </resource>
    <resource>
      <extension url="http://hl7.org/fhir/tools/StructureDefinition/resource-information">
        <valueString value="Observation"/>
      </extension>
      <reference>
        <reference value="Observation/observation-lab-got-example"/>
      </reference>
      <name value="observation-lab-got-example"/>
      <description value="成人預防保健檢驗資訊範例-GOT"/>
      <exampleCanonical value="https://tstifhir.azurehealthcareapis.com/StructureDefinition/ObservationLab-adultcheck"/>
    </resource>
    <resource>
      <extension url="http://hl7.org/fhir/tools/StructureDefinition/resource-information">
        <valueString value="Observation"/>
      </extension>
      <reference>
        <reference value="Observation/observation-lab-gpt-example"/>
      </reference>
      <name value="observation-lab-gpt-example"/>
      <description value="成人預防保健檢驗資訊範例-GPT"/>
      <exampleCanonical value="https://tstifhir.azurehealthcareapis.com/StructureDefinition/ObservationLab-adultcheck"/>
    </resource>
    <resource>
      <extension url="http://hl7.org/fhir/tools/StructureDefinition/resource-information">
        <valueString value="Observation"/>
      </extension>
      <reference>
        <reference value="Observation/observation-lab-highcholestero-example"/>
      </reference>
      <name value="observation-lab-highcholestero-example"/>
      <description value="成人預防保健檢驗資訊範例-低密度脂蛋白-膽固醇"/>
      <exampleCanonical value="https://tstifhir.azurehealthcareapis.com/StructureDefinition/ObservationLab-adultcheck"/>
    </resource>
    <resource>
      <extension url="http://hl7.org/fhir/tools/StructureDefinition/resource-information">
        <valueString value="Observation"/>
      </extension>
      <reference>
        <reference value="Observation/observation-lab-lowcholestero-example"/>
      </reference>
      <name value="observation-lab-lowcholestero-example"/>
      <description value="成人預防保健檢驗資訊範例-低密度脂蛋白-膽固醇"/>
      <exampleCanonical value="https://tstifhir.azurehealthcareapis.com/StructureDefinition/ObservationLab-adultcheck"/>
    </resource>
    <resource>
      <extension url="http://hl7.org/fhir/tools/StructureDefinition/resource-information">
        <valueString value="Observation"/>
      </extension>
      <reference>
        <reference value="Observation/observation-lab-protein-example"/>
      </reference>
      <name value="observation-lab-protein-example"/>
      <description value="成人預防保健檢驗資訊範例-尿蛋白"/>
      <exampleCanonical value="https://tstifhir.azurehealthcareapis.com/StructureDefinition/ObservationLab-adultcheck"/>
    </resource>
    <resource>
      <extension url="http://hl7.org/fhir/tools/StructureDefinition/resource-information">
        <valueString value="Observation"/>
      </extension>
      <reference>
        <reference value="Observation/observation-lab-sugar-example"/>
      </reference>
      <name value="observation-lab-sugar-example"/>
      <description value="成人預防保健檢驗資訊範例-血糖"/>
      <exampleCanonical value="https://tstifhir.azurehealthcareapis.com/StructureDefinition/ObservationLab-adultcheck"/>
    </resource>
    <resource>
      <extension url="http://hl7.org/fhir/tools/StructureDefinition/resource-information">
        <valueString value="Observation"/>
      </extension>
      <reference>
        <reference value="Observation/observation-lab-tcholestero-example"/>
      </reference>
      <name value="observation-lab-tcholestero-example"/>
      <description value="成人預防保健檢驗資訊範例-總膽固醇"/>
      <exampleCanonical value="https://tstifhir.azurehealthcareapis.com/StructureDefinition/ObservationLab-adultcheck"/>
    </resource>
    <resource>
      <extension url="http://hl7.org/fhir/tools/StructureDefinition/resource-information">
        <valueString value="Observation"/>
      </extension>
      <reference>
        <reference value="Observation/observation-lab-triglycerides-example"/>
      </reference>
      <name value="observation-lab-triglycerides-example"/>
      <description value="成人預防保健檢驗資訊範例-三酸甘油脂"/>
      <exampleCanonical value="https://tstifhir.azurehealthcareapis.com/StructureDefinition/ObservationLab-adultcheck"/>
    </resource>
    <resource>
      <extension url="http://hl7.org/fhir/tools/StructureDefinition/resource-information">
        <valueString value="Observation"/>
      </extension>
      <reference>
        <reference value="Observation/observation-nut-example"/>
      </reference>
      <name value="observation-nut-example"/>
      <description value="成人預防保健生活史項目-嚼檳榔範例"/>
      <exampleCanonical value="https://tstifhir.azurehealthcareapis.com/StructureDefinition/ObservationSocial-adultcheck"/>
    </resource>
    <resource>
      <extension url="http://hl7.org/fhir/tools/StructureDefinition/resource-information">
        <valueString value="Observation"/>
      </extension>
      <reference>
        <reference value="Observation/observation-pressure-example"/>
      </reference>
      <name value="observation-pressure-example"/>
      <description value="成人預防保健血壓紀錄範例"/>
      <exampleCanonical value="https://tstifhir.azurehealthcareapis.com/StructureDefinition/ObservationPressure-adultcheck"/>
    </resource>
    <resource>
      <extension url="http://hl7.org/fhir/tools/StructureDefinition/resource-information">
        <valueString value="Observation"/>
      </extension>
      <reference>
        <reference value="Observation/observation-smoke-example"/>
      </reference>
      <name value="observation-smoke-example"/>
      <description value="成人預防保健生活史項目-吸菸範例"/>
      <exampleCanonical value="https://tstifhir.azurehealthcareapis.com/StructureDefinition/ObservationSocial-adultcheck"/>
    </resource>
    <resource>
      <extension url="http://hl7.org/fhir/tools/StructureDefinition/resource-information">
        <valueString value="Observation"/>
      </extension>
      <reference>
        <reference value="Observation/observation-waist-example"/>
      </reference>
      <name value="observation-waist-example"/>
      <description value="成人預防保健腰圍紀錄範例"/>
      <exampleCanonical value="https://tstifhir.azurehealthcareapis.com/StructureDefinition/ObservationWaist-adultcheck"/>
    </resource>
    <resource>
      <extension url="http://hl7.org/fhir/tools/StructureDefinition/resource-information">
        <valueString value="Observation"/>
      </extension>
      <reference>
        <reference value="Observation/observation-weight-example"/>
      </reference>
      <name value="observation-weight-example"/>
      <description value="成人預防保健體重紀錄範例"/>
      <exampleCanonical value="https://tstifhir.azurehealthcareapis.com/StructureDefinition/ObservationWeight-adultcheck"/>
    </resource>
    <resource>
      <extension url="http://hl7.org/fhir/tools/StructureDefinition/resource-information">
        <valueString value="Organization"/>
      </extension>
      <reference>
        <reference value="Organization/org-hosp-example"/>
      </reference>
      <name value="org-hosp-example"/>
      <description value="醫事機構範例"/>
      <exampleBoolean value="true"/>
    </resource>
    <resource>
      <extension url="http://hl7.org/fhir/tools/StructureDefinition/resource-information">
        <valueString value="Organization"/>
      </extension>
      <reference>
        <reference value="Organization/org-test-example"/>
      </reference>
      <name value="org-test-example"/>
      <description value="委託代檢醫事檢驗機構範例"/>
      <exampleBoolean value="true"/>
    </resource>
    <resource>
      <extension url="http://hl7.org/fhir/tools/StructureDefinition/resource-information">
        <valueString value="StructureDefinition:resource"/>
      </extension>
      <reference>
        <reference value="StructureDefinition/Patient-adultcheck"/>
      </reference>
      <name value="Patient - AdultCheck"/>
      <description value="此PatientAdultCheck Profile說明成人預防保健病患基本資料"/>
      <exampleBoolean value="false"/>
    </resource>
    <resource>
      <extension url="http://hl7.org/fhir/tools/StructureDefinition/resource-information">
        <valueString value="Patient"/>
      </extension>
      <reference>
        <reference value="Patient/patient-example"/>
      </reference>
      <name value="patient-example"/>
      <description value="成人預防保健受檢民眾基本資料範例"/>
      <exampleCanonical value="https://tstifhir.azurehealthcareapis.com/StructureDefinition/Patient-adultcheck"/>
    </resource>
    <resource>
      <extension url="http://hl7.org/fhir/tools/StructureDefinition/resource-information">
        <valueString value="ValueSet"/>
      </extension>
      <reference>
        <reference value="ValueSet/adultcheck-lifecode"/>
      </reference>
      <name value="成人預防保健生活史代碼集值"/>
      <description value="此EncounterAdultCheck Profile說明成人預防保健生活史代碼集值"/>
      <exampleBoolean value="false"/>
    </resource>
    <resource>
      <extension url="http://hl7.org/fhir/tools/StructureDefinition/resource-information">
        <valueString value="ValueSet"/>
      </extension>
      <reference>
        <reference value="ValueSet/adultcheck-code"/>
      </reference>
      <name value="成人預防保健疾病史代碼集值"/>
      <description value="此EncounterAdultCheck Profile說明成人預防保健疾病史代碼"/>
      <exampleBoolean value="false"/>
    </resource>
    <resource>
      <extension url="http://hl7.org/fhir/tools/StructureDefinition/resource-information">
        <valueString value="CapabilityStatement"/>
      </extension>
      <reference>
        <reference value="CapabilityStatement/ServerCapabilityStatement"/>
      </reference>
      <name value="此CapabilityStatement 說明成人預防保健伺服器能力聲明"/>
      <description value="成人預防保健實作指引(Adult Check IG)伺服端(Server)之能力聲明"/>
      <exampleBoolean value="false"/>
    </resource>
    <page>
      <extension url="http://hl7.org/fhir/tools/StructureDefinition/ig-page-name">
        <valueUrl value="toc.html"/>
      </extension>
      <nameUrl value="toc.html"/>
      <title value="Table of Contents"/>
      <generation value="html"/>
      <page>
        <extension url="http://hl7.org/fhir/tools/StructureDefinition/ig-page-name">
          <valueUrl value="index.html"/>
        </extension>
        <nameUrl value="index.html"/>
        <title value="首頁"/>
        <generation value="markdown"/>
      </page>
      <page>
        <extension url="http://hl7.org/fhir/tools/StructureDefinition/ig-page-name">
          <valueUrl value="profiles-and-extensions.html"/>
        </extension>
        <nameUrl value="profiles-and-extensions.html"/>
        <title value="Profiles and Extensions"/>
        <generation value="markdown"/>
      </page>
      <page>
        <extension url="http://hl7.org/fhir/tools/StructureDefinition/ig-page-name">
          <valueUrl value="capability-statements.html"/>
        </extension>
        <nameUrl value="capability-statements.html"/>
        <title value="Capability Statements"/>
        <generation value="markdown"/>
      </page>
      <page>
        <extension url="http://hl7.org/fhir/tools/StructureDefinition/ig-page-name">
          <valueUrl value="search-parameters-and-operations.html"/>
        </extension>
        <nameUrl value="search-parameters-and-operations.html"/>
        <title value="Search Parameters and Operations"/>
        <generation value="markdown"/>
      </page>
      <page>
        <extension url="http://hl7.org/fhir/tools/StructureDefinition/ig-page-name">
          <valueUrl value="terminology.html"/>
        </extension>
        <nameUrl value="terminology.html"/>
        <title value="Terminology"/>
        <generation value="markdown"/>
      </page>
      <page>
        <extension url="http://hl7.org/fhir/tools/StructureDefinition/ig-page-name">
          <valueUrl value="security.html"/>
        </extension>
        <nameUrl value="security.html"/>
        <title value="安全性"/>
        <generation value="markdown"/>
      </page>
      <page>
        <extension url="http://hl7.org/fhir/tools/StructureDefinition/ig-page-name">
          <valueUrl value="examples.html"/>
        </extension>
        <nameUrl value="examples.html"/>
        <title value="範例"/>
        <generation value="markdown"/>
      </page>
      <page>
        <extension url="http://hl7.org/fhir/tools/StructureDefinition/ig-page-name">
          <valueUrl value="downloads.html"/>
        </extension>
        <nameUrl value="downloads.html"/>
        <title value="定義與範例檔下載"/>
        <generation value="markdown"/>
      </page>
      <page>
        <extension url="http://hl7.org/fhir/tools/StructureDefinition/ig-page-name">
          <valueUrl value="history.html"/>
        </extension>
        <nameUrl value="history.html"/>
        <title value="歷程"/>
        <generation value="markdown"/>
      </page>
    </page>
    <parameter>
      <code value="path-resource"/>
      <value value="input/capabilities"/>
    </parameter>
    <parameter>
      <code value="path-resource"/>
      <value value="input/examples"/>
    </parameter>
    <parameter>
      <code value="path-resource"/>
      <value value="input/extensions"/>
    </parameter>
    <parameter>
      <code value="path-resource"/>
      <value value="input/models"/>
    </parameter>
    <parameter>
      <code value="path-resource"/>
      <value value="input/operations"/>
    </parameter>
    <parameter>
      <code value="path-resource"/>
      <value value="input/profiles"/>
    </parameter>
    <parameter>
      <code value="path-resource"/>
      <value value="input/resources"/>
    </parameter>
    <parameter>
      <code value="path-resource"/>
      <value value="input/vocabulary"/>
    </parameter>
    <parameter>
      <code value="path-resource"/>
      <value value="input/maps"/>
    </parameter>
    <parameter>
      <code value="path-resource"/>
      <value value="input/testing"/>
    </parameter>
    <parameter>
      <code value="path-resource"/>
      <value value="input/history"/>
    </parameter>
    <parameter>
      <code value="path-resource"/>
      <value value="fsh-generated/resources"/>
    </parameter>
    <parameter>
      <code value="path-pages"/>
      <value value="template/config"/>
    </parameter>
    <parameter>
      <code value="path-pages"/>
      <value value="input/images"/>
    </parameter>
    <parameter>
      <code value="path-tx-cache"/>
      <value value="input-cache/txcache"/>
    </parameter>
  </definition>
</ImplementationGuide>