<?xml version="1.0" encoding="UTF-8"?>

<Observation xmlns="http://hl7.org/fhir">
  <id value="observation-depress-example"/>
  <meta>
    <profile value="https://tstifhir.azurehealthcareapis.com/StructureDefinition/ObservationDepression-adultcheck"/>
  </meta>
  <text>
    <status value="generated"/><div xmlns="http://www.w3.org/1999/xhtml"><p><b>Generated Narrative: Observation</b><a name="observation-depress-example"> </a></p><div style="display: inline-block; background-color: #d9e0e7; padding: 6px; margin: 4px; border: 1px solid #8da1b4; border-radius: 5px; line-height: 60%"><p style="margin-bottom: 0px">Resource Observation &quot;observation-depress-example&quot; </p><p style="margin-bottom: 0px">Profile: <a href="StructureDefinition-ObservationDepression-adultcheck.html">Observation Depression - AdultCheck</a></p></div><p><b>identifier</b>: Temporary Medical Record Number: 000120230721 (use: OFFICIAL)</p><p><b>status</b>: preliminary</p><p><b>category</b>: Exam <span style="background: LightGoldenRodYellow; margin: 4px; border: 1px solid khaki"> (<a href="http://terminology.hl7.org/5.0.0/CodeSystem-observation-category.html">Observation Category Codes</a>#exam)</span></p><p><b>code</b>: Beck Depression Inventory II [BDI] <span style="background: LightGoldenRodYellow; margin: 4px; border: 1px solid khaki"> (<a href="https://loinc.org/">LOINC</a>#89210-9)</span></p><p><b>subject</b>: <a href="Patient-patient-example.html">Patient/patient-example</a> &quot;&quot;</p><p><b>effective</b>: 2022-08-01 17:00:14-0500</p><p><b>performer</b>: <a href="Organization-org-test-example.html">Organization/org-test-example</a> &quot;聯合醫學檢驗所&quot;</p><blockquote><p><b>component</b></p><p><b>code</b>: 憂鬱檢測：第一題 感覺情緒低落沮喪 <span style="background: LightGoldenRodYellow; margin: 4px; border: 1px solid khaki"> (<a href="https://browser.ihtsdotools.org/">SNOMED CT</a>#66446005 &quot;Depressed mood&quot;)</span></p><p><b>value</b>: 是</p></blockquote><blockquote><p><b>component</b></p><p><b>code</b>: 憂鬱檢測：第二題做事情失去興趣 <span style="background: LightGoldenRodYellow; margin: 4px; border: 1px solid khaki"> (<a href="https://browser.ihtsdotools.org/">SNOMED CT</a>#713566001 &quot;Lack of interest&quot;)</span></p><p><b>value</b>: 否</p></blockquote></div>
  </text>
  <identifier>
    <use value="official"/>
    <type>
      <coding>
        <system value="http://terminology.hl7.org/CodeSystem/v2-0203"/>
        <code value="MRT"/>
      </coding>
    </type>
    <system value="https://tsti.hospital.com"/>
    <value value="000120230721"/>
  </identifier>
  <status value="preliminary"/>
  <category>
    <coding>
      <system value="http://terminology.hl7.org/CodeSystem/observation-category"/>
      <code value="exam"/>
      <display value="Exam"/>
    </coding>
  </category>
  <code>
    <coding>
      <system value="http://loinc.org"/>
      <code value="89210-9"/>
      <display value="Beck Depression Inventory II [BDI]"/>
    </coding>
  </code>
  <subject>
    <reference value="Patient/patient-example"/>
  </subject>
  <effectiveDateTime value="2022-08-01T17:00:14-05:00"/>
  <performer>
    <reference value="Organization/org-test-example"/>
  </performer>
  <component>
    <code>
      <coding>
        <system value="http://snomed.info/sct"/>
        <code value="66446005"/>
        <display value="Depressed mood"/>
      </coding>
      <text value="憂鬱檢測：第一題 感覺情緒低落沮喪"/>
    </code>
    <valueString value="是"/>
  </component>
  <component>
    <code>
      <coding>
        <system value="http://snomed.info/sct"/>
        <code value="713566001"/>
        <display value="Lack of interest"/>
      </coding>
      <text value="憂鬱檢測：第二題做事情失去興趣"/>
    </code>
    <valueString value="否"/>
  </component>
</Observation>