<?xml version="1.0" encoding="UTF-8"?>

<Observation xmlns="http://hl7.org/fhir">
  <id value="observation-pressure-example"/>
  <meta>
    <profile value="https://tstifhir.azurehealthcareapis.com/StructureDefinition/ObservationPressure-adultcheck"/>
  </meta>
  <text>
    <status value="generated"/><div xmlns="http://www.w3.org/1999/xhtml"><p><b>Generated Narrative: Observation</b><a name="observation-pressure-example"> </a></p><div style="display: inline-block; background-color: #d9e0e7; padding: 6px; margin: 4px; border: 1px solid #8da1b4; border-radius: 5px; line-height: 60%"><p style="margin-bottom: 0px">Resource Observation &quot;observation-pressure-example&quot; </p><p style="margin-bottom: 0px">Profile: <a href="StructureDefinition-ObservationPressure-adultcheck.html">Observation Pressure - AdultCheck</a></p></div><p><b>identifier</b>: Provider number: 0123456789 (use: OFFICIAL), Temporary Medical Record Number: 000120230721 (use: OFFICIAL)</p><p><b>status</b>: preliminary</p><p><b>category</b>: Vital Signs <span style="background: LightGoldenRodYellow; margin: 4px; border: 1px solid khaki"> (<a href="http://terminology.hl7.org/5.0.0/CodeSystem-observation-category.html">Observation Category Codes</a>#vital-signs)</span></p><p><b>code</b>: 85354-9 <span style="background: LightGoldenRodYellow; margin: 4px; border: 1px solid khaki"> (<a href="https://loinc.org/">LOINC</a>#85354-9)</span></p><p><b>subject</b>: <a href="Patient-patient-example.html">Patient/patient-example</a> &quot;&quot;</p><p><b>effective</b>: 2022-08-01 17:00:14-0500</p><p><b>performer</b>: <a href="Organization-org-hosp-example.html">Organization/org-hosp-example</a> &quot;衛生福利部臺北醫院&quot;</p><blockquote><p><b>component</b></p><p><b>code</b>: 8462-4 <span style="background: LightGoldenRodYellow; margin: 4px; border: 1px solid khaki"> (<a href="https://loinc.org/">LOINC</a>#8462-4)</span></p><p><b>value</b>: 110 mmHg<span style="background: LightGoldenRodYellow"> (Details: UCUM code mm[Hg] = 'mm[Hg]')</span></p></blockquote><blockquote><p><b>component</b></p><p><b>code</b>: 8480-6 <span style="background: LightGoldenRodYellow; margin: 4px; border: 1px solid khaki"> (<a href="https://loinc.org/">LOINC</a>#8480-6)</span></p><p><b>value</b>: 56 mmHg<span style="background: LightGoldenRodYellow"> (Details: UCUM code mm[Hg] = 'mm[Hg]')</span></p></blockquote></div>
  </text>
  <identifier>
    <use value="official"/>
    <type>
      <coding>
        <system value="http://terminology.hl7.org/CodeSystem/v2-0203"/>
        <code value="PRN"/>
      </coding>
    </type>
    <system value="https://twcore.mohw.gov.tw/tsfhir/CodeSystem/organization-identifier-tw"/>
    <value value="0123456789"/>
  </identifier>
  <identifier>
    <use value="official"/>
    <type>
      <coding>
        <system value="http://terminology.hl7.org/CodeSystem/v2-0203"/>
        <code value="MRT"/>
      </coding>
    </type>
    <system value="https://tsti.hospital.com"/>
    <value value="000120230721"/>
  </identifier>
  <status value="preliminary"/>
  <category>
    <coding>
      <system value="http://terminology.hl7.org/CodeSystem/observation-category"/>
      <code value="vital-signs"/>
    </coding>
  </category>
  <code>
    <coding>
      <system value="http://loinc.org"/>
      <code value="85354-9"/>
    </coding>
  </code>
  <subject>
    <reference value="Patient/patient-example"/>
  </subject>
  <effectiveDateTime value="2022-08-01T17:00:14-05:00"/>
  <performer>
    <reference value="Organization/org-hosp-example"/>
  </performer>
  <component>
    <code>
      <coding>
        <system value="http://loinc.org"/>
        <code value="8462-4"/>
      </coding>
    </code>
    <valueQuantity>
      <value value="110"/>
      <unit value="mmHg"/>
      <system value="http://unitsofmeasure.org"/>
      <code value="mm[Hg]"/>
    </valueQuantity>
  </component>
  <component>
    <code>
      <coding>
        <system value="http://loinc.org"/>
        <code value="8480-6"/>
      </coding>
    </code>
    <valueQuantity>
      <value value="56"/>
      <unit value="mmHg"/>
      <system value="http://unitsofmeasure.org"/>
      <code value="mm[Hg]"/>
    </valueQuantity>
  </component>
</Observation>