{
  "resourceType" : "Observation",
  "id" : "observation-height-example",
  "meta" : {
    "profile" : ["https://tstifhir.azurehealthcareapis.com/StructureDefinition/ObservationHeight-adultcheck"]
  },
  "text" : {
    "status" : "generated",
    "div" : "<div xmlns=\"http://www.w3.org/1999/xhtml\"><p><b>Generated Narrative: Observation</b><a name=\"observation-height-example\"> </a></p><div style=\"display: inline-block; background-color: #d9e0e7; padding: 6px; margin: 4px; border: 1px solid #8da1b4; border-radius: 5px; line-height: 60%\"><p style=\"margin-bottom: 0px\">Resource Observation &quot;observation-height-example&quot; </p><p style=\"margin-bottom: 0px\">Profile: <a href=\"StructureDefinition-ObservationHeight-adultcheck.html\">Observation Height - AdultCheck</a></p></div><p><b>identifier</b>: Provider number: 0123456789\u00a0(use:\u00a0OFFICIAL), Temporary Medical Record Number: 000120230721\u00a0(use:\u00a0OFFICIAL)</p><p><b>status</b>: preliminary</p><p><b>category</b>: Vital Signs <span style=\"background: LightGoldenRodYellow; margin: 4px; border: 1px solid khaki\"> (<a href=\"http://terminology.hl7.org/5.0.0/CodeSystem-observation-category.html\">Observation Category Codes</a>#vital-signs)</span></p><p><b>code</b>: 8302-2 <span style=\"background: LightGoldenRodYellow; margin: 4px; border: 1px solid khaki\"> (<a href=\"https://loinc.org/\">LOINC</a>#8302-2)</span></p><p><b>subject</b>: <a href=\"Patient-patient-example.html\">Patient/patient-example</a> &quot;&quot;</p><p><b>effective</b>: 2022-08-01 17:00:14-0500</p><p><b>performer</b>: <a href=\"Organization-org-hosp-example.html\">Organization/org-hosp-example</a> &quot;衛生福利部臺北醫院&quot;</p><p><b>value</b>: 160 cm<span style=\"background: LightGoldenRodYellow\"> (Details: UCUM code cm = 'cm')</span></p></div>"
  },
  "identifier" : [{
    "use" : "official",
    "type" : {
      "coding" : [{
        "system" : "http://terminology.hl7.org/CodeSystem/v2-0203",
        "code" : "PRN"
      }]
    },
    "system" : "https://twcore.mohw.gov.tw/tsfhir/CodeSystem/organization-identifier-tw",
    "value" : "0123456789"
  },
  {
    "use" : "official",
    "type" : {
      "coding" : [{
        "system" : "http://terminology.hl7.org/CodeSystem/v2-0203",
        "code" : "MRT"
      }]
    },
    "system" : "https://tsti.hospital.com",
    "value" : "000120230721"
  }],
  "status" : "preliminary",
  "category" : [{
    "coding" : [{
      "system" : "http://terminology.hl7.org/CodeSystem/observation-category",
      "code" : "vital-signs"
    }]
  }],
  "code" : {
    "coding" : [{
      "system" : "http://loinc.org",
      "code" : "8302-2"
    }]
  },
  "subject" : {
    "reference" : "Patient/patient-example"
  },
  "effectiveDateTime" : "2022-08-01T17:00:14-05:00",
  "performer" : [{
    "reference" : "Organization/org-hosp-example"
  }],
  "valueQuantity" : {
    "value" : 160,
    "unit" : "cm",
    "system" : "http://unitsofmeasure.org",
    "code" : "cm"
  }
}