<?xml version="1.0" encoding="UTF-8"?>

<Organization xmlns="http://hl7.org/fhir">
  <id value="org-hosp-example"/>
  <meta>
    <profile value="https://twcore.mohw.gov.tw/ig/twcore/StructureDefinition/Organization-hosp-twcore"/>
  </meta>
  <text>
    <status value="generated"/><div xmlns="http://www.w3.org/1999/xhtml"><p class="res-header-id"><b>Generated Narrative: Organization org-hosp-example</b></p><a name="org-hosp-example"> </a><a name="hcorg-hosp-example"> </a><a name="org-hosp-example-en-US"> </a><div style="display: inline-block; background-color: #d9e0e7; padding: 6px; margin: 4px; border: 1px solid #8da1b4; border-radius: 5px; line-height: 60%"><p style="margin-bottom: 0px"/><p style="margin-bottom: 0px">Profile: <a href="https://twcore.mohw.gov.tw/ig/twcore/0.3.2/StructureDefinition-Organization-hosp-twcore.html">TW Core Organization Hospital Department</a></p></div><p><b>identifier</b>: Provider number/0131060029 (use: official, )</p><p><b>type</b>: <span title="Codes:{http://terminology.hl7.org/CodeSystem/organization-type prov}">Healthcare Provider</span></p><p><b>name</b>: 衛生福利部臺北醫院</p><p><b>telecom</b>: ph: 0222765566</p></div>
  </text>
  <identifier>
    <use value="official"/>
    <type>
      <coding>
        <system value="http://terminology.hl7.org/CodeSystem/v2-0203"/>
        <code value="PRN"/>
      </coding>
    </type>
    <system value="https://twcore.mohw.gov.tw/ig/twcore/CodeSystem/organization-identifier-tw"/>
    <value value="0131060029"/>
  </identifier>
  <type>
    <coding>
      <system value="http://terminology.hl7.org/CodeSystem/organization-type"/>
      <code value="prov"/>
    </coding>
  </type>
  <name value="衛生福利部臺北醫院"/>
  <telecom>
    <system value="phone"/>
    <value value="0222765566"/>
  </telecom>
</Organization>