{
  "resourceType" : "Organization",
  "id" : "org-hosp-example",
  "meta" : {
    "profile" : ["https://twcore.mohw.gov.tw/ig/twcore/StructureDefinition/Organization-hosp-twcore"]
  },
  "text" : {
    "status" : "generated",
    "div" : "<div xmlns=\"http://www.w3.org/1999/xhtml\"><p class=\"res-header-id\"><b>Generated Narrative: Organization org-hosp-example</b></p><a name=\"org-hosp-example\"> </a><a name=\"hcorg-hosp-example\"> </a><a name=\"org-hosp-example-en-US\"> </a><div style=\"display: inline-block; background-color: #d9e0e7; padding: 6px; margin: 4px; border: 1px solid #8da1b4; border-radius: 5px; line-height: 60%\"><p style=\"margin-bottom: 0px\"/><p style=\"margin-bottom: 0px\">Profile: <a href=\"https://twcore.mohw.gov.tw/ig/twcore/0.3.2/StructureDefinition-Organization-hosp-twcore.html\">TW Core Organization Hospital Department</a></p></div><p><b>identifier</b>: Provider number/0131060029\u00a0(use:\u00a0official,\u00a0)</p><p><b>type</b>: <span title=\"Codes:{http://terminology.hl7.org/CodeSystem/organization-type prov}\">Healthcare Provider</span></p><p><b>name</b>: 衛生福利部臺北醫院</p><p><b>telecom</b>: ph: 0222765566</p></div>"
  },
  "identifier" : [{
    "use" : "official",
    "type" : {
      "coding" : [{
        "system" : "http://terminology.hl7.org/CodeSystem/v2-0203",
        "code" : "PRN"
      }]
    },
    "system" : "https://twcore.mohw.gov.tw/ig/twcore/CodeSystem/organization-identifier-tw",
    "value" : "0131060029"
  }],
  "type" : [{
    "coding" : [{
      "system" : "http://terminology.hl7.org/CodeSystem/organization-type",
      "code" : "prov"
    }]
  }],
  "name" : "衛生福利部臺北醫院",
  "telecom" : [{
    "system" : "phone",
    "value" : "0222765566"
  }]
}