{
  "resourceType" : "Patient",
  "id" : "patient-example",
  "meta" : {
    "profile" : ["https://twhpa.tsti.com/StructureDefinition/Patient-HPA"]
  },
  "text" : {
    "status" : "generated",
    "div" : "<div xmlns=\"http://www.w3.org/1999/xhtml\"><p class=\"res-header-id\"><b>Generated Narrative: Patient patient-example</b></p><a name=\"patient-example\"> </a><a name=\"hcpatient-example\"> </a><a name=\"patient-example-en-US\"> </a><div style=\"display: inline-block; background-color: #d9e0e7; padding: 6px; margin: 4px; border: 1px solid #8da1b4; border-radius: 5px; line-height: 60%\"><p style=\"margin-bottom: 0px\"/><p style=\"margin-bottom: 0px\">Profile: <a href=\"StructureDefinition-Patient-HPA.html\">成人預防保健-受檢民眾基本資料</a></p></div><p style=\"border: 1px #661aff solid; background-color: #e6e6ff; padding: 10px;\">陳加玲(official) Female, DoB: 1990-01-01 ( Medical record number\u00a0(use:\u00a0official,\u00a0))</p><hr/><table class=\"grid\"><tr><td style=\"background-color: #f3f5da\" title=\"Record is active\">Active:</td><td colspan=\"3\">true</td></tr><tr><td style=\"background-color: #f3f5da\" title=\"Other Id (see the one above)\">Other Id:</td><td colspan=\"3\">National Person Identifier where the xxx is the ISO table 3166 3-character (alphabetic) country code/A123456789\u00a0(use:\u00a0official,\u00a0)</td></tr><tr><td style=\"background-color: #f3f5da\" title=\"Ways to contact the Patient\">Contact Detail</td><td colspan=\"3\"><ul><li>ph: 0911327999(Mobile)</li><li></li></ul></td></tr><tr><td style=\"background-color: #f3f5da\" title=\"Patient Links\">Links:</td><td colspan=\"3\"><ul><li>Managing Organization: <a href=\"Organization-org-hosp-example.html\">Organization 衛生福利部臺北醫院</a></li></ul></td></tr></table></div>"
  },
  "identifier" : [{
    "use" : "official",
    "type" : {
      "coding" : [{
        "system" : "http://terminology.hl7.org/CodeSystem/v2-0203",
        "code" : "NNxxx",
        "_code" : {
          "extension" : [{
            "extension" : [{
              "url" : "suffix",
              "valueString" : "TWN"
            },
            {
              "url" : "valueSet",
              "valueCanonical" : "http://hl7.org/fhir/ValueSet/iso3166-1-3"
            }],
            "url" : "https://twcore.mohw.gov.tw/ig/twcore/StructureDefinition/identifier-suffix"
          }]
        }
      }]
    },
    "system" : "http://www.moi.gov.tw",
    "value" : "A123456789"
  },
  {
    "use" : "official",
    "type" : {
      "coding" : [{
        "system" : "http://terminology.hl7.org/CodeSystem/v2-0203",
        "code" : "MR"
      }]
    },
    "system" : "https://www.tph.mohw.gov.tw",
    "value" : "8862168"
  }],
  "active" : true,
  "name" : [{
    "use" : "official",
    "text" : "陳加玲"
  }],
  "telecom" : [{
    "system" : "phone",
    "value" : "0911327999",
    "use" : "mobile"
  }],
  "gender" : "female",
  "birthDate" : "1990-01-01",
  "address" : [{
    "district" : "臺北市"
  }],
  "managingOrganization" : {
    "reference" : "Organization/org-hosp-example"
  }
}