<?xml version="1.0" encoding="UTF-8"?>

<Patient xmlns="http://hl7.org/fhir">
  <id value="patient-example"/>
  <meta>
    <profile value="https://tstifhir.azurehealthcareapis.com/StructureDefinition/Patient-adultcheck"/>
  </meta>
  <text>
    <status value="generated"/><div xmlns="http://www.w3.org/1999/xhtml"><p style="border: 1px #661aff solid; background-color: #e6e6ff; padding: 10px;"><b>陳加玲(OFFICIAL)</b> female, DoB: 1990-01-01 ( National Person Identifier where the xxx is the ISO table 3166 3-character (alphabetic) country code: A123456789 (use: OFFICIAL))</p><hr/><table class="grid"><tr><td style="background-color: #f3f5da" title="Record is active">Active:</td><td colspan="3">true</td></tr><tr><td style="background-color: #f3f5da" title="Other Ids (see the one above)">Other Id:</td><td colspan="3">Medical record number: 8862168 (use: OFFICIAL)</td></tr><tr><td style="background-color: #f3f5da" title="Ways to contact the Patient">Contact Details:</td><td colspan="3"><ul><li>ph: 0911327999(MOBILE)</li><li>臺北市 (HOME)</li></ul></td></tr><tr><td style="background-color: #f3f5da" title="Patient Links">Links:</td><td colspan="3"><ul><li>Managing Organization: <a href="Organization-org-hosp-example.html">Organization/org-hosp-example</a> &quot;佛教慈濟醫療財團法人花蓮慈濟醫院&quot;</li></ul></td></tr></table></div>
  </text>
  <identifier>
    <use value="official"/>
    <type>
      <coding>
        <system value="http://terminology.hl7.org/CodeSystem/v2-0203"/>
        <code value="NNxxx">
          <extension url="https://twcore.mohw.gov.tw/ig/twcore/StructureDefinition/identifier-suffix">
            <extension url="suffix">
              <valueString value="TWN"/>
            </extension>
            <extension url="valueSet">
              <valueCanonical value="http://hl7.org/fhir/ValueSet/iso3166-1-3"/>
            </extension>
          </extension>
        </code>
      </coding>
    </type>
    <system value="http://www.moi.gov.tw/"/>
    <value value="A123456789"/>
  </identifier>
  <identifier>
    <use value="official"/>
    <type>
      <coding>
        <system value="http://terminology.hl7.org/CodeSystem/v2-0203"/>
        <code value="MR"/>
      </coding>
    </type>
    <system value="https://www.tph.mohw.gov.tw/"/>
    <value value="8862168"/>
  </identifier>
  <active value="true"/>
  <name>
    <use value="official"/>
    <text value="陳加玲"/>
  </name>
  <telecom>
    <system value="phone"/>
    <value value="0911327999"/>
    <use value="mobile"/>
  </telecom>
  <gender value="female"/>
  <birthDate value="1990-01-01"/>
  <address>
    <use value="home"/>
    <type value="both"/>
    <city value="臺北市"/>
  </address>
  <managingOrganization>
    <reference value="Organization/org-hosp-example"/>
  </managingOrganization>
</Patient>