{
  "resourceType" : "Patient",
  "id" : "patient-example",
  "meta" : {
    "profile" : ["https://tstifhir.azurehealthcareapis.com/StructureDefinition/Patient-adultcheck"]
  },
  "text" : {
    "status" : "generated",
    "div" : "<div xmlns=\"http://www.w3.org/1999/xhtml\"><p style=\"border: 1px #661aff solid; background-color: #e6e6ff; padding: 10px;\"><b>陳加玲(OFFICIAL)</b> female, DoB: 1990-01-01 ( National Person Identifier where the xxx is the ISO table 3166 3-character (alphabetic) country code: A123456789\u00a0(use:\u00a0OFFICIAL))</p><hr/><table class=\"grid\"><tr><td style=\"background-color: #f3f5da\" title=\"Record is active\">Active:</td><td colspan=\"3\">true</td></tr><tr><td style=\"background-color: #f3f5da\" title=\"Other Ids (see the one above)\">Other Ids:</td><td colspan=\"3\"><ul><li>Medical record number: 8862168\u00a0(use:\u00a0OFFICIAL)</li><li>Provider number: 0123456789\u00a0(use:\u00a0OFFICIAL)</li></ul></td></tr><tr><td style=\"background-color: #f3f5da\" title=\"Ways to contact the Patient\">Contact Details:</td><td colspan=\"3\"><ul><li>ph: 0911327999(HOME)</li><li>臺北市 (HOME)</li></ul></td></tr><tr><td style=\"background-color: #f3f5da\" title=\"Patient Links\">Links:</td><td colspan=\"3\"><ul><li>Managing Organization: <a href=\"Organization-org-hosp-example.html\">Organization/org-hosp-example</a> &quot;衛生福利部臺北醫院&quot;</li></ul></td></tr></table></div>"
  },
  "identifier" : [{
    "use" : "official",
    "type" : {
      "coding" : [{
        "system" : "http://terminology.hl7.org/CodeSystem/v2-0203",
        "code" : "NNxxx",
        "_code" : {
          "extension" : [{
            "extension" : [{
              "url" : "suffix",
              "valueString" : "TWN"
            },
            {
              "url" : "valueSet",
              "valueCanonical" : "http://hl7.org/fhir/ValueSet/iso3166-1-3"
            }],
            "url" : "https://twcore.mohw.gov.tw/ig/twcore/StructureDefinition/identifier-suffix"
          }]
        }
      }]
    },
    "system" : "http://www.moi.gov.tw/",
    "value" : "A123456789"
  },
  {
    "use" : "official",
    "type" : {
      "coding" : [{
        "system" : "http://terminology.hl7.org/CodeSystem/v2-0203",
        "code" : "MR"
      }]
    },
    "system" : "https://www.tph.mohw.gov.tw/",
    "value" : "8862168"
  },
  {
    "use" : "official",
    "type" : {
      "coding" : [{
        "system" : "http://terminology.hl7.org/CodeSystem/v2-0203",
        "code" : "PRN"
      }]
    },
    "system" : "https://twcore.mohw.gov.tw/tsfhir/CodeSystem/organization-identifier-tw",
    "value" : "0123456789"
  }],
  "active" : true,
  "name" : [{
    "use" : "official",
    "text" : "陳加玲"
  }],
  "telecom" : [{
    "system" : "phone",
    "value" : "0911327999",
    "use" : "home"
  }],
  "gender" : "female",
  "birthDate" : "1990-01-01",
  "address" : [{
    "use" : "home",
    "type" : "both",
    "city" : "臺北市"
  }],
  "managingOrganization" : {
    "reference" : "Organization/org-hosp-example"
  }
}