{
  "resourceType" : "Practitioner",
  "id" : "practitioner-example",
  "meta" : {
    "profile" : ["https://twcore.mohw.gov.tw/ig/twcore/StructureDefinition/Practitioner-twcore"]
  },
  "text" : {
    "status" : "generated",
    "div" : "<div xmlns=\"http://www.w3.org/1999/xhtml\"><p><b>Generated Narrative: Practitioner</b><a name=\"practitioner-example\"> </a></p><div style=\"display: inline-block; background-color: #d9e0e7; padding: 6px; margin: 4px; border: 1px solid #8da1b4; border-radius: 5px; line-height: 60%\"><p style=\"margin-bottom: 0px\">Resource Practitioner &quot;practitioner-example&quot; </p><p style=\"margin-bottom: 0px\">Profile: <a href=\"https://twcore.mohw.gov.tw/ig/twcore/0.1.1/StructureDefinition-Practitioner-twcore.html\">TW Core Practitioner</a></p></div><p><b>identifier</b>: Medical License number: KP00017\u00a0(use:\u00a0OFFICIAL)</p><p><b>active</b>: true</p><p><b>name</b>: 王依昇(OFFICIAL)</p><p><b>telecom</b>: ph: 0993277826(MOBILE)</p><p><b>gender</b>: male</p><p><b>birthDate</b>: 1980-11-11</p></div>"
  },
  "identifier" : [{
    "use" : "official",
    "type" : {
      "coding" : [{
        "system" : "http://terminology.hl7.org/CodeSystem/v2-0203",
        "code" : "MD"
      }]
    },
    "system" : "https://www.tph.mohw.gov.tw",
    "value" : "KP00017"
  }],
  "active" : true,
  "name" : [{
    "use" : "official",
    "text" : "王依昇",
    "family" : "Wang",
    "given" : ["Yi Sheng"]
  }],
  "telecom" : [{
    "system" : "phone",
    "value" : "0993277826",
    "use" : "mobile",
    "period" : {
      "start" : "2022-07-31",
      "end" : "2024-07-31"
    }
  }],
  "gender" : "male",
  "birthDate" : "1980-11-11"
}