<?xml version="1.0" encoding="UTF-8"?>

<Practitioner xmlns="http://hl7.org/fhir">
  <id value="practitioner-first-example"/>
  <meta>
    <profile value="https://twhpa.tsti.com/StructureDefinition/Practitioner-HPA"/>
  </meta>
  <text>
    <status value="generated"/><div xmlns="http://www.w3.org/1999/xhtml"><p class="res-header-id"><b>Generated Narrative: Practitioner practitioner-first-example</b></p><a name="practitioner-first-example"> </a><a name="hcpractitioner-first-example"> </a><a name="practitioner-first-example-en-US"> </a><div style="display: inline-block; background-color: #d9e0e7; padding: 6px; margin: 4px; border: 1px solid #8da1b4; border-radius: 5px; line-height: 60%"><p style="margin-bottom: 0px"/><p style="margin-bottom: 0px">Profile: <a href="StructureDefinition-Practitioner-HPA.html">成人預防保健-服務診治醫師</a></p></div><p><b>identifier</b>: Medical License number/KP00017 (use: official, )</p><p><b>active</b>: true</p><p><b>name</b>: 王依昇(Official)</p><p><b>telecom</b>: ph: 0993277826(Mobile)</p><p><b>address</b>: 桃園市桃園區五福五街31號</p><p><b>gender</b>: Male</p><p><b>birthDate</b>: 1980-11-11</p></div>
  </text>
  <identifier>
    <use value="official"/>
    <type>
      <coding>
        <system value="http://terminology.hl7.org/CodeSystem/v2-0203"/>
        <code value="MD"/>
      </coding>
    </type>
    <system value="https://www.tph.mohw.gov.tw"/>
    <value value="KP00017"/>
  </identifier>
  <active value="true"/>
  <name>
    <use value="official"/>
    <text value="王依昇"/>
    <family value="Wang"/>
    <given value="Yi Sheng"/>
  </name>
  <telecom>
    <system value="phone"/>
    <value value="0993277826"/>
    <use value="mobile"/>
  </telecom>
  <address>
    <text value="桃園市桃園區五福五街31號"/>
  </address>
  <gender value="male"/>
  <birthDate value="1980-11-11"/>
</Practitioner>