"Id","Path","Slice Name","Alias(s)","Label","Min","Max","Must Support?","Is Modifier?","Is Summary?","Type(s)","Short","Definition","Comments","Requirements","Default Value","Meaning When Missing","Fixed Value","Pattern","Example","Minimum Value","Maximum Value","Maximum Length","Binding Strength","Binding Description","Binding Value Set","Code","Slicing Discriminator","Slicing Description","Slicing Ordered","Slicing Rules","Base Path","Base Min","Base Max","Condition(s)","Constraint(s)","Mapping: Workflow Pattern","Mapping: HL7 v2 Mapping","Mapping: RIM Mapping","Mapping: FiveWs Pattern Mapping"
"DiagnosticReport","DiagnosticReport","","Report
TestResultResultsLabsLaboratory","",0,*,"","","","null {[]} {[]}
","診斷報告—由請求資訊、不可被中斷的一個或一系列結果（atomic results）、影像、解釋以及格式化報告所組成。","對病人、一群病人、設備和地點、和／或由這些所產生的檢體進行診斷測試的發現與解釋，報告包括臨床情境，如請求和服務提供者的資訊，以及一些混合的不可被中斷的一個或一系列結果、影像、文字和編碼的解釋，以及格式化的診斷報告。","這是為了捕捉單一的報告資訊，不適合用於顯示涵蓋多個報告的摘要資訊。例如：此resource沒有為實驗室累積報告格式設計，也沒有為排序的詳細結構化報告設計。","","","","","","","","",,,,,"",,,,"DiagnosticReport",0,*,"","dom-2:If the resource is contained in another resource, it SHALL NOT contain nested Resources {contained.contained.empty()}
dom-3:If the resource is contained in another resource, it SHALL be referred to from elsewhere in the resource or SHALL refer to the containing resource {contained.where((('#'+id in (%resource.descendants().reference | %resource.descendants().as(canonical) | %resource.descendants().as(uri) | %resource.descendants().as(url))) or descendants().where(reference = '#').exists() or descendants().where(as(canonical) = '#').exists() or descendants().where(as(canonical) = '#').exists()).not()).trace('unmatched', id).empty()}dom-4:If a resource is contained in another resource, it SHALL NOT have a meta.versionId or a meta.lastUpdated {contained.meta.versionId.empty() and contained.meta.lastUpdated.empty()}dom-5:If a resource is contained in another resource, it SHALL NOT have a security label {contained.meta.security.empty()}dom-6:A resource should have narrative for robust management {text.`div`.exists()}","Event","ORU -> OBR","Entity. Role, or Act","Observation[classCode=OBS, moodCode=EVN]"
"DiagnosticReport.id","DiagnosticReport.id","","","",0,1,"","","Y","id {[]} {[]}
","不重複的ID用以識別儲存在特定FHIR Server中的DiagnosticReport紀錄，通常又稱為邏輯性ID。","resource的邏輯ID，在resource的URL中使用。一旦指定，這個值永遠不會改變。","一個resource使用新增操作（create operation）提交給伺服器時是此resource唯一沒有id的時刻","","","","","","","","",,,,,"",,,,"Resource.id",0,1,"",""
"DiagnosticReport.meta","DiagnosticReport.meta","","","",0,1,"","","Y","Meta {[]} {[]}
","此DiagnosticReport Resource的metadata","關於resource的metadata。這是由基礎建設維護的內容。對內容的改變可能並不總是與resource的版本改變相關。","","","","","","","","","",,,,,"",,,,"Resource.meta",0,1,"","ele-1:All FHIR elements must have a @value or children {hasValue() or (children().count() > id.count())}
"
"DiagnosticReport.implicitRules","DiagnosticReport.implicitRules","","","",0,1,"","Y","Y","uri {[]} {[]}
","創建此內容所依據的一組規則","構建resource時遵循的一系列規則的參照，在處理內容時必須理解這些規則。通常這是IG定義特殊規則及其他profiles的參照。","宣告這套規則限制了內容只能被有限的貿易夥伴所理解。這從本質上限制了資料的長期有用性。然而，現有的健康生態體系高度分裂，還沒有準備好以普遍可計算的方式定義、收集和交換資料。只要有可能，實作者和／或規範編寫者應該避免使用這個資料項目。通常，在使用時，此URL是對實作指引的參照，此指引將這些特殊規則與其他profiles、value sets等一起定義為其敘述的一部分。","","","","","","","","",,,,,"",,,,"Resource.implicitRules",0,1,"","ele-1:All FHIR elements must have a @value or children {hasValue() or (children().count() > id.count())}
"
"DiagnosticReport.language","DiagnosticReport.language","","","",0,1,"","","","code {[]} {[]}
","用以表述DiagnosticReport Resource內容的語言","編寫此resource的基礎語言","提供語言是為了支援索引和可存取性（通常，文字表述轉語音等服務使用此語言標籤）。html lanuage tag適用於此敘述。resource上的語言標籤可用於指定從resource中的資料所產成的其他表述之語言。不是所有的內容都必須使用此基礎語言。不應該假定Resource.language自動適用於敘述。如果指定語言，它也應該被指定在html中的div元素（關於xml:lang和html lang屬性之間的關係，見HTML5中的規則）。","","","","","","<valueString xmlns=""http://hl7.org/fhir"" value=""zh-TW""/>","","",,"preferred","人類語言；鼓勵使用[CommonLanguages](http://hl7.org/fhir/R4/valueset-languages.html)值集中的代碼，但不強制一定要使用此值集，你也可使用其他值集的代碼或單純以文字表示。","http://hl7.org/fhir/ValueSet/languages","",,,,"Resource.language",0,1,"","ele-1:All FHIR elements must have a @value or children {hasValue() or (children().count() > id.count())}
"
"DiagnosticReport.text","DiagnosticReport.text","","narrative
htmlxhtmldisplay","",0,1,"Y","","","Narrative {[]} {[]}
","DiagnosticReport Resource之內容摘要以供人閱讀","人可讀的敘述，包含resource的摘要，可用於向人表述resource的內容。敘述不需要對所有的結構化資料進行編碼，但需要包含足夠的細節使人在閱讀敘述時理解「臨床安全性」。resource定義可定義哪些內容應該在敘述中表示，以確保臨床安全。","內嵌（contained）的resource沒有敘述，非內嵌（contained）的resource則 **建議應該（SHOULD）** 有敘述。在某些情況下，resource可能只有文字表述，很少或沒有額外的離散資料（只要滿足所有minOccurs=1的資料項目）。這對於來自舊有系統的資料可能是必要的，在這些系統中，從 「文字表述區塊（text blob） 」獲取訊息，或者文字表述是額外的原始輸入或敘述，而編碼訊息是後來添加的。","","","","","","","","",,,,,"",,,,"DomainResource.text",0,1,"","ele-1:All FHIR elements must have a @value or children {hasValue() or (children().count() > id.count())}
","Act.text?"
"DiagnosticReport.contained","DiagnosticReport.contained","","inline resources
anonymous resourcescontained resources","",0,*,"","","","Resource {[]} {[]}
","內嵌的（contained）、行內的Resources","這些resource內嵌（contains）的resource不會另外存於任何FHIR伺服器，意即它們無法在任何FHIR伺服器中被找到，也無法有自己獨立的資料異動／交易（transaction）範圍。","當內容可以從任何FHIR伺服器找到時，不應該以內嵌（contained）resource的方式呈現，因為一旦識別丟失，要再次恢復它是非常困難的（並且取決於情境）。內嵌（contained）的resource可在它們的meta資料項目中表述profiles和tag（標籤），但 **必須沒有（SHALL NOT）** 資訊安全標號（security labels）。","","","","","","","","",,,,,"",,,,"DomainResource.contained",0,*,"","","N/A"
"DiagnosticReport.extension","DiagnosticReport.extension","","","",0,*,"","","","Extension {[]} {[]}
","擴充的資料項目","可用於表示不屬於此資料項目基本定義的附加資訊。為了擴充的使用安全和可管理，對擴充的定義和使用有一套嚴格的管理。儘管任何實作者都可以定義一個擴充，但作為擴充定義的一部分，有一套要求 **必須（SHALL）** 滿足。","無論使用或定義擴充的機構或管轄區，任何應用程式、專案或標準使用擴充都不背負任何汙名（stigma）。使用擴充是允許FHIR規範為每個人保留一個核心的簡易性。","","","","","","","","",,,,,"",,,,"DomainResource.extension",0,*,"","ele-1:All FHIR elements must have a @value or children {hasValue() or (children().count() > id.count())}
ext-1:Must have either extensions or value[x], not both {extension.exists() != value.exists()}"
"DiagnosticReport.modifierExtension","DiagnosticReport.modifierExtension","","","",0,*,"","Y","","Extension {[]} {[]}
","此擴充的資料項目可能會完全修正或改變其他資料項目的意涵，需特別留意。","可以用來表示不屬於資料項目的基本定義的附加資訊，並且修改對它所內嵌（contained）的資料項目的理解和（或）對包含資料項目之後續使用的理解。通常，修飾用的資料項目提供否定或限定。為了使擴充的使用安全和可管理，對擴充的定義和使用有一套嚴格的管理。儘管任何實作者都可以定義一個擴充，但作為擴充定義的一部分，有一套要求 **必須（SHALL）** 滿足。處理resource的應用程式被要求檢查修飾用的擴充資料項目。 
 修飾用的擴充資料項目 **必須沒有（SHALL NOT）** 改變resource或DomainResource上任何資料項目的含義（包括不能改變modifierExtension本身的含義）。","無論使用或定義擴充的機構或管轄區，任何應用程式、專案或標準使用擴充都不背負任何汙名（stigma）。使用擴充是允許FHIR規範為每個人保留一個核心的簡易性。","修飾用的資料項目擴充將不能安全地忽略的擴充與絕大多數可以安全地忽略的擴充明確區分開來。透過消除禁止實作者擴充存在的需求來促進可互通性。更多訊息，請參見[修飾用的資料項目擴充之定義](http://hl7.org/fhir/R4/extensibility.html#modifierExtension)。","","","","","","","",,,,,"",,,,"DomainResource.modifierExtension",0,*,"","ele-1:All FHIR elements must have a @value or children {hasValue() or (children().count() > id.count())}
ext-1:Must have either extensions or value[x], not both {extension.exists() != value.exists()}"
"DiagnosticReport.identifier","DiagnosticReport.identifier","","ReportID
Filler IDPlacer ID","",1,*,"Y","","Y","Identifier {[]} {[]}
","報告的業務用識別碼","由執行者或其他系統指定給該報告的業務用識別碼","此識別碼通常由診斷服務提供者的資訊系統指定","當從來源實驗室查詢此報告以及在FHIR情境之外連接到此報告時，需要知道在應使用什麼識別碼。","","","","","","","",,,,,"","value:type.coding.code}
value:type.coding.system}","",,"open","DiagnosticReport.identifier",0,*,"","ele-1:All FHIR elements must have a @value or children {hasValue() or (children().count() > id.count())}
","Event.identifier","OBR-51/ for globally unique filler ID  - OBR-3 , For non-globally unique filler-id the flller/placer number must be combined with the universal service Id -  OBR-2(if present)+OBR-3+OBR-4","id","FiveWs.identifier"
"DiagnosticReport.identifier:medicalrecordNumber","DiagnosticReport.identifier","medicalrecordNumber","ReportID
Filler IDPlacer ID","",0,1,"Y","","Y","Identifier {[]} {[]}
","適用該就醫紀錄之就診序號","適用於該就醫紀錄之就診序號","此識別碼通常由診斷服務提供者的資訊系統指定","病人幾乎總是被指定一個特定的數值型的唯一識別碼（identifier）","","","","","","","",,,,,"",,,,"DiagnosticReport.identifier",0,*,"","ele-1:All FHIR elements must have a @value or children {hasValue() or (children().count() > id.count())}
","Event.identifier","OBR-51/ for globally unique filler ID  - OBR-3 , For non-globally unique filler-id the flller/placer number must be combined with the universal service Id -  OBR-2(if present)+OBR-3+OBR-4","id","FiveWs.identifier"
"DiagnosticReport.identifier:medicalrecordNumber.id","DiagnosticReport.identifier.id","","","",0,1,"","","","string {[]} {[]}
","唯一可識別ID，以供資料項目間相互參照。","resource中資料項目的唯一ID（用於內部參照）。這可以是任何不含空格的字串。","","","","","","","","","",,,,,"",,,,"Element.id",0,1,"","","n/a"
"DiagnosticReport.identifier:medicalrecordNumber.extension","DiagnosticReport.identifier.extension","","","",0,*,"","","","Extension {[]} {[]}
","擴充的資料項目","擴充的資料項目","","","","","","","","","",,,,,"","value:url}
","Extensions are always sliced by (at least) url",,"open","Element.extension",0,*,"","ele-1:All FHIR elements must have a @value or children {hasValue() or (children().count() > id.count())}
ext-1:Must have either extensions or value[x], not both {extension.exists() != value.exists()}"
"DiagnosticReport.identifier:medicalrecordNumber.use","DiagnosticReport.identifier.use","","","",0,1,"Y","Y","Y","code {[]} {[]}
","usual ｜ official ｜ temp ｜ secondary ｜ old （如果知道）","這個唯一識別碼（identifier）的用途","應用程式可以假定一個識別碼是永久的，除非它明確說它是暫時的。","允許從一組識別碼中為特定的使用情境選擇適當的識別碼","","","","<valueCode xmlns=""http://hl7.org/fhir"" value=""official""/>","","","",,"required","如果知道，請說明此識別碼的目的；應填入[IdentifierUse](http://hl7.org/fhir/R4/valueset-identifier-use.html)代碼表中的其中一個代碼。","http://hl7.org/fhir/ValueSet/identifier-use|4.0.1","",,,,"Identifier.use",0,1,"","ele-1:All FHIR elements must have a @value or children {hasValue() or (children().count() > id.count())}
","N/A","Role.code or implied by context"
"DiagnosticReport.identifier:medicalrecordNumber.type","DiagnosticReport.identifier.type","","","",1,1,"Y","","","CodeableConcept {[CanonicalType[https://twcore.mohw.gov.tw/ig/twcore/StructureDefinition/CodeableConcept-tw]]} {[]}
","身份識別碼（identifier）的型別說明","識別碼的代碼型別，用於決定特定目適用的識別碼。","這個資料項目只涉及識別碼的一般類別。它 **必須沒有（SHALL NOT）** 被用於與Identifier.system 1..1對應的代碼。一些識別碼可能由於常見的用法而屬於多個類別。在系統是已知的情況下，型別是不必要的，因為型別總是系統定義的一部分。然而，系統經常需要處理系統不為人知的識別碼。型別和系統之間不是1:1的關係，因為許多不同的系統有相同的型別。","允許使用者在不知道識別碼系統的情況下利用識別碼","","","","","","","",,"required","識別碼的型別，用於決定特定目的所適用的識別碼；應填入[臺灣識別碼類型值集](https://twcore.mohw.gov.tw/ig/twcore/ValueSet-identifier-type-tw.html)代碼表中適合的代碼，確定無適合的代碼才可以使用其他代碼中的代碼來表示。","https://twcore.mohw.gov.tw/ig/twcore/ValueSet/identifier-type-tw","",,,,"Identifier.type",0,1,"ele-1
","ele-1:All FHIR elements must have a @value or children {hasValue() or (children().count() > id.count())}
","CE/CNE/CWE","n/a","CD"
"DiagnosticReport.identifier:medicalrecordNumber.type.id","DiagnosticReport.identifier.type.id","","","",0,1,"","","","string {[]} {[]}
","唯一可識別ID，以供資料項目間相互參照。","resource中資料項目的唯一ID（用於內部參照），這可以是任何不含空格的字串。","","","","","","","","","",,,,,"",,,,"Element.id",0,1,"","","n/a"
"DiagnosticReport.identifier:medicalrecordNumber.type.extension","DiagnosticReport.identifier.type.extension","","","",0,*,"","","","Extension {[]} {[]}
","擴充的資料項目","擴充的資料項目","","","","","","","","","",,,,,"","value:url}
","Extensions are always sliced by (at least) url",,"open","Element.extension",0,*,"","ele-1:All FHIR elements must have a @value or children {hasValue() or (children().count() > id.count())}
ext-1:Must have either extensions or value[x], not both {extension.exists() != value.exists()}"
"DiagnosticReport.identifier:medicalrecordNumber.type.coding","DiagnosticReport.identifier.type.coding","","","",0,*,"Y","","","Coding {[CanonicalType[https://twcore.mohw.gov.tw/ig/twcore/StructureDefinition/Coding-tw]]} {[]}
","由專門術語系統（terminology system）定義的代碼","由專門術語系統（terminology system）所定義之代碼的參照","代碼可以在列舉清單（enumerations）或代碼清單（code lists）中非常隨意地定義，直至有非常正式的定義，例如：SNOMED CT—更多資訊見HL7 v3核心原則（Core Principles ）。編碼的排序是未定義的因而 **必須沒有（SHALL NOT）** 被用來推斷意義。一般來說，最多只有一個編碼值（coding values）會被標記為UserSelected = true。","允許代碼系統中的替代編碼，以及翻譯到其他編碼系統。","","","","","","","",,,,,"",,,,"CodeableConcept.coding",0,*,"ele-1
","ele-1:All FHIR elements must have a @value or children {hasValue() or (children().count() > id.count())}
","CE/CNE/CWE subset one of the sets of component 1-3 or 4-6","n/a","CV"
"DiagnosticReport.identifier:medicalrecordNumber.type.coding.id","DiagnosticReport.identifier.type.coding.id","","","",0,1,"","","","string {[]} {[]}
","唯一可識別ID，以供資料項目間相互參照。","resource中資料項目的唯一ID（用於內部參照），這可以是任何不含空格的字串。","","","","","","","","","",,,,,"",,,,"Element.id",0,1,"","","n/a"
"DiagnosticReport.identifier:medicalrecordNumber.type.coding.extension","DiagnosticReport.identifier.type.coding.extension","","","",0,*,"","","","Extension {[]} {[]}
","擴充的資料項目","可用於表示不屬於此資料項目基本定義的附加資訊。為了擴充的使用安全和可管理，對擴充的定義和使用有一套嚴格的管理。儘管任何實作者都可以定義一個擴充，但作為擴充定義的一部分，有一套要求 **必須（SHALL）** 滿足。","無論使用或定義擴充的機構或管轄區，任何應用程式、專案或標準使用擴充都不背負任何污名（stigma）。使用擴充是允許FHIR規範為每個人保留一個核心的簡易性。","","","","","","","","",,,,,"","value:url}
","Extensions are always sliced by (at least) url",,"open","Element.extension",0,*,"","ele-1:All FHIR elements must have a @value or children {hasValue() or (children().count() > id.count())}
ext-1:Must have either extensions or value[x], not both {extension.exists() != value.exists()}"
"DiagnosticReport.identifier:medicalrecordNumber.type.coding.system","DiagnosticReport.identifier.type.coding.system","","","",1,1,"Y","","Y","uri {[]} {[]}
","專門術語系統（terminology system）的識別","定義代碼中符號意義的代碼系統識別","URI可以是一個OID（urn:oid:...）或一個UUID（urn:uuid:...）；OID和UUID **必須(SHALL)** 參照HL7 OID註冊中心；否則，URI應該來自HL7的FHIR定義的特殊URI列表，或者它應該參照一些明確建立的系统定義。","需要明確說明符號定義的來源","","","","<valueUri xmlns=""http://hl7.org/fhir"" value=""http://terminology.hl7.org/CodeSystem/v2-0203""/>","","","",,,,,"",,,,"Coding.system",0,1,"","ele-1:All FHIR elements must have a @value or children {hasValue() or (children().count() > id.count())}
","C*E.3","./codeSystem"
"DiagnosticReport.identifier:medicalrecordNumber.type.coding.version","DiagnosticReport.identifier.type.coding.version","","","",0,1,"","","Y","string {[]} {[]}
","系統的版本—如果相關的話","選擇此代碼時使用的代碼系統版本；請注意，一個維護良好的代碼系統不需要版本報告，因為代碼的意義在不同系統版本中是一致的；然而，不能始終保證這點，當不能保證意義一致時， **必須(SHALL)** 將版本資訊也一併作交換。","如果專門術語沒有明確定義應該使用什麼字串來識別代碼系統的版本，建議使用版本正式發布的日期（用FHIR日期格式表示）作為版本日期。","","","","","","","","",,,,,"",,,,"Coding.version",0,1,"","ele-1:All FHIR elements must have a @value or children {hasValue() or (children().count() > id.count())}
","C*E.7","./codeSystemVersion"
"DiagnosticReport.identifier:medicalrecordNumber.type.coding.code","DiagnosticReport.identifier.type.coding.code","","","",1,1,"Y","","Y","code {[]} {[]}
","系統定義的語法之符號","系統定義的語法之符號；符號可能是一個預先定義的代碼，也可能是代碼系統定義的語法中的表達式（如後組合配對／後組合式）。","","需要參照系統中的一個特定代碼","","","","<valueCode xmlns=""http://hl7.org/fhir"" value=""MRT""/>","","","",,,,,"",,,,"Coding.code",0,1,"","ele-1:All FHIR elements must have a @value or children {hasValue() or (children().count() > id.count())}
","C*E.1","./code"
"DiagnosticReport.identifier:medicalrecordNumber.type.coding.display","DiagnosticReport.identifier.type.coding.display","","","",0,1,"Y","","Y","string {[]} {[]}
","由系統定義的表示法","遵循系統的規則以呈現代碼含義的表示法","","需要能為不了解此系統的讀者呈現可讀的代碼含義","","","","","","","",,,,,"",,,,"Coding.display",0,1,"","ele-1:All FHIR elements must have a @value or children {hasValue() or (children().count() > id.count())}
","C*E.2 - but note this is not well followed","CV.displayName"
"DiagnosticReport.identifier:medicalrecordNumber.type.coding.userSelected","DiagnosticReport.identifier.type.coding.userSelected","","","",0,1,"","","Y","boolean {[]} {[]}
","此編碼是否由使用者直接選擇？","表明此編碼是由使用者直接選擇，例如：從可用項目（代碼或顯示名稱）的清單中選擇。","在一系列備選方案中，直接選擇的代碼是新翻譯最合適的起點；關於「直接選擇」的確切意義，存在模糊不清之處，可能需要貿易夥伴的同意，以更完整澄清此資料項目的使用及其後果。","已被確定為一個臨床安全準則—此確切的系統／代碼對(code pair)是被明確選擇的，而不是由系統根據一些規則或是程式語言處理判斷。","","","","","","","",,,,,"",,,,"Coding.userSelected",0,1,"","ele-1:All FHIR elements must have a @value or children {hasValue() or (children().count() > id.count())}
","Sometimes implied by being first","CD.codingRationale"
"DiagnosticReport.identifier:medicalrecordNumber.type.text","DiagnosticReport.identifier.type.text","","","",0,1,"Y","","Y","string {[]} {[]}
","概念的文字表示法","輸入資料的使用者所見／所選／所說的人類可讀文字表述，和（或）其代表使用者的預期含義。","很多時候，此文字表述與其中一個代碼的顯示名稱相同。","專門術語中的代碼並不總是能捕捉人類使用的細微差別的正確意義，或者根本就沒有合適的代碼；這些情況下，文字表述被用來捕捉來源的全部意義。","","","","","","","",,,,,"",,,,"CodeableConcept.text",0,1,"","ele-1:All FHIR elements must have a @value or children {hasValue() or (children().count() > id.count())}
","C*E.9. But note many systems use C*E.2 for this","./originalText[mediaType/code=""text/plain""]/data"
"DiagnosticReport.identifier:medicalrecordNumber.system","DiagnosticReport.identifier.system","","","",1,1,"Y","","Y","uri {[]} {[]}
","就診序號發號者/機構/單位","建立值的命名空間－即一個描述一組值的唯一URL","Identifier.system總是區分大小寫","有許多識別碼的集合。為了進行兩個識別碼的對應，我們需要知道我們處理的是哪一組。系統指明了一個特定的唯一識別碼集。","","","","","<valueUri xmlns=""http://hl7.org/fhir"" value=""http://www.acme.com/identifiers/patient""/>","","",,,,,"",,,,"Identifier.system",0,1,"","ele-1:All FHIR elements must have a @value or children {hasValue() or (children().count() > id.count())}
","CX.4 / EI-2-4","II.root or Role.id.root"
"DiagnosticReport.identifier:medicalrecordNumber.value","DiagnosticReport.identifier.value","","","",1,1,"Y","","Y","string {[]} {[]}
","唯一值。
例如：就診序號為0123456789","識別碼中通常與使用者有關的部分，在系統情境內是唯一的。","如果此值是一個完整的URI，那麼此系統 **必須（SHALL）** 是urn:ietf:rfc:3986。此值的主要目的是為了可運算的對應。因此，為了比較的目的，它可能會被正規化（例如：去除不重要的空白、破折號等）。一個為人顯示的格式化的值可以使用[Rendered Value](http://hl7.org/fhir/R4/extension-rendered-value.html)擴充來傳達。除非對Identifier.system的了解使處理者確信不區分大小寫的處理是安全的，否則Identifier.value應被視為區分大小寫。","","","","","","<valueString xmlns=""http://hl7.org/fhir"" value=""123456""/>","","",,,,,"",,,,"Identifier.value",0,1,"","ele-1:All FHIR elements must have a @value or children {hasValue() or (children().count() > id.count())}
","CX.1 / EI.1","II.extension or II.root if system indicates OID or GUID (Or Role.id.extension or root)"
"DiagnosticReport.identifier:medicalrecordNumber.period","DiagnosticReport.identifier.period","","","",0,1,"","","Y","Period {[]} {[]}
","此身份識別碼（identifier）的使用效期","識別碼有效／曾經有效使用的時段或期間","","","","","","","","","",,,,,"",,,,"Identifier.period",0,1,"","ele-1:All FHIR elements must have a @value or children {hasValue() or (children().count() > id.count())}
","CX.7 + CX.8","Role.effectiveTime or implied by context"
"DiagnosticReport.identifier:medicalrecordNumber.assigner","DiagnosticReport.identifier.assigner","","","",0,1,"","","Y","Reference {[]} {[CanonicalType[https://twcore.mohw.gov.tw/ig/twcore/StructureDefinition/Organization-hosp-twcore]]}
","簽發identifier的機構（可以只是文字表述）","簽發／管理識別碼的機構","Identifier.assigner可以省略.reference資料項目，只包含一個.display資料項目，反映指定機構的名稱或其他文字表述資訊。","","","","","","","","",,,,,"",,,,"Identifier.assigner",0,1,"","ele-1:All FHIR elements must have a @value or children {hasValue() or (children().count() > id.count())}
","CX.4 / (CX.4,CX.9,CX.10)","II.assigningAuthorityName but note that this is an improper use by the definition of the field.  Also Role.scoper"
"DiagnosticReport.basedOn","DiagnosticReport.basedOn","","Request
","",0,*,"","","","Reference {[]} {[CanonicalType[http://hl7.org/fhir/StructureDefinition/CarePlan], CanonicalType[http://hl7.org/fhir/StructureDefinition/ImmunizationRecommendation], CanonicalType[https://twcore.mohw.gov.tw/ig/twcore/StructureDefinition/MedicationRequest-twcore], CanonicalType[http://hl7.org/fhir/StructureDefinition/NutritionOrder], CanonicalType[http://hl7.org/fhir/StructureDefinition/ServiceRequest]]}
","此報告是基於什麼服務的請求","有關請求的服務的細節","注意：通常每個結果有一個檢驗服務請求，但是在某些情況下，多個檢驗服務請求可以用同一個檢驗結果resource來表示。請注意，也存在一個服務請求導致多個報告的情況。","允許追蹤報告的授權，並追蹤提案／建議是否被採納。","","","","","","","",,,,,"",,,,"DiagnosticReport.basedOn",0,*,"","ele-1:All FHIR elements must have a @value or children {hasValue() or (children().count() > id.count())}
","Event.basedOn","ORC? OBR-2/3?","outboundRelationship[typeCode=FLFS].target"
"DiagnosticReport.status","DiagnosticReport.status","","","",1,1,"Y","Y","Y","code {[]} {[]}
","registered | partial | preliminary | final +","診斷報告的狀態","","診斷服務通常會發布臨時／不完整的報告，有時候也會撤銷之前已發布的報告。","","","","<valueCode xmlns=""http://hl7.org/fhir"" value=""final""/>","","","",,"required","診斷報告狀態；應填入[DiagnosticReportStatus](http://hl7.org/fhir/R4/valueset-diagnostic-report-status.html)值集中的其中一個代碼","http://hl7.org/fhir/ValueSet/diagnostic-report-status|4.0.1","",,,,"DiagnosticReport.status",1,1,"","ele-1:All FHIR elements must have a @value or children {hasValue() or (children().count() > id.count())}
","Event.status","OBR-25 (not 1:1 mapping)","statusCode  Note: final and amended are distinguished by whether observation is the subject of a ControlAct event of type ""revise""","FiveWs.status"
"DiagnosticReport.category","DiagnosticReport.category","","Department
Sub-departmentServiceDiscipline","",1,*,"Y","","Y","CodeableConcept {[CanonicalType[https://twcore.mohw.gov.tw/ig/twcore/StructureDefinition/CodeableConcept-tw]]} {[]}
","服務類別","對建立報告的臨床科、部門或診斷服務進行分類的代碼（例如：心臟病學、生物化學、血液學、MRI）。主要為了搜尋、排序和顯示時使用。","允許使用各種分類方案的多個類別。精細度由值集中的類別概念來定義。可使用DiagnosticReport.code中的metadata和（或）專門術語層次結構進行更細微的過濾。","","","","","","","","",,"example","可參考[DiagnosticServiceSectionCodes](http://hl7.org/fhir/R4/valueset-diagnostic-service-sections.html)值集，但此值集只是針對這個欄位的一個可能值的範例，不預期也不鼓勵使用者一定要使用此值集的代碼。","http://hl7.org/fhir/ValueSet/diagnostic-service-sections","","pattern:$this}
","",,"open","DiagnosticReport.category",0,*,"","ele-1:All FHIR elements must have a @value or children {hasValue() or (children().count() > id.count())}
","OBR-24","inboundRelationship[typeCode=COMP].source[classCode=LIST, moodCode=EVN, code < LabService].code","FiveWs.class"
"DiagnosticReport.category.id","DiagnosticReport.category.id","","","",0,1,"","","","string {[]} {[]}
","唯一可識別ID，以供資料項目間相互參照。","resource中資料項目的唯一ID（用於內部參照）。這可以是任何不含空格的字串。","","","","","","","","","",,,,,"",,,,"Element.id",0,1,"","","n/a"
"DiagnosticReport.category.extension","DiagnosticReport.category.extension","","","",0,*,"","","","Extension {[]} {[]}
","擴充的資料項目","擴充的資料項目","","","","","","","","","",,,,,"","value:url}
","Extensions are always sliced by (at least) url",,"open","Element.extension",0,*,"","ele-1:All FHIR elements must have a @value or children {hasValue() or (children().count() > id.count())}
ext-1:Must have either extensions or value[x], not both {extension.exists() != value.exists()}"
"DiagnosticReport.category.coding","DiagnosticReport.category.coding","","","",0,*,"Y","","","Coding {[CanonicalType[https://twcore.mohw.gov.tw/ig/twcore/StructureDefinition/Coding-tw]]} {[]}
","由專門術語系統（terminology system）定義的代碼","由專門術語系統（terminology system）所定義之代碼的參照","代碼可以在列舉清單（enumerations）或代碼清單（code lists）中非常隨意地定義，直至有非常正式的定義，例如：SNOMED CT—更多資訊見HL7 v3核心原則（Core Principles ）。編碼的排序是未定義的因而 **必須沒有（SHALL NOT）** 被用來推斷意義。一般來說，最多只有一個編碼值（coding values）會被標記為UserSelected = true。","允許代碼系統中的替代編碼，以及翻譯到其他編碼系統。","","","","","","","",,,,,"",,,,"CodeableConcept.coding",0,*,"ele-1
","ele-1:All FHIR elements must have a @value or children {hasValue() or (children().count() > id.count())}
","CE/CNE/CWE subset one of the sets of component 1-3 or 4-6","n/a","CV"
"DiagnosticReport.category.coding.id","DiagnosticReport.category.coding.id","","","",0,1,"","","","string {[]} {[]}
","唯一可識別ID，以供資料項目間相互參照。","resource中資料項目的唯一ID（用於內部參照），這可以是任何不含空格的字串。","","","","","","","","","",,,,,"",,,,"Element.id",0,1,"","","n/a"
"DiagnosticReport.category.coding.extension","DiagnosticReport.category.coding.extension","","","",0,*,"","","","Extension {[]} {[]}
","擴充的資料項目","可用於表示不屬於此資料項目基本定義的附加資訊。為了擴充的使用安全和可管理，對擴充的定義和使用有一套嚴格的管理。儘管任何實作者都可以定義一個擴充，但作為擴充定義的一部分，有一套要求 **必須（SHALL）** 滿足。","無論使用或定義擴充的機構或管轄區，任何應用程式、專案或標準使用擴充都不背負任何污名（stigma）。使用擴充是允許FHIR規範為每個人保留一個核心的簡易性。","","","","","","","","",,,,,"","value:url}
","Extensions are always sliced by (at least) url",,"open","Element.extension",0,*,"","ele-1:All FHIR elements must have a @value or children {hasValue() or (children().count() > id.count())}
ext-1:Must have either extensions or value[x], not both {extension.exists() != value.exists()}"
"DiagnosticReport.category.coding.system","DiagnosticReport.category.coding.system","","","",0,1,"Y","","Y","uri {[]} {[]}
","專門術語系統（terminology system）的識別","定義代碼中符號意義的代碼系統識別","URI可以是一個OID（urn:oid:...）或一個UUID（urn:uuid:...）；OID和UUID **必須(SHALL)** 參照HL7 OID註冊中心；否則，URI應該來自HL7的FHIR定義的特殊URI列表，或者它應該參照一些明確建立的系统定義。","需要明確說明符號定義的來源","","","","<valueUri xmlns=""http://hl7.org/fhir"" value=""http://terminology.hl7.org/CodeSystem/v2-0074""/>","","","",,,,,"",,,,"Coding.system",0,1,"","ele-1:All FHIR elements must have a @value or children {hasValue() or (children().count() > id.count())}
","C*E.3","./codeSystem"
"DiagnosticReport.category.coding.version","DiagnosticReport.category.coding.version","","","",0,1,"","","Y","string {[]} {[]}
","系統的版本—如果相關的話","選擇此代碼時使用的代碼系統版本；請注意，一個維護良好的代碼系統不需要版本報告，因為代碼的意義在不同系統版本中是一致的；然而，不能始終保證這點，當不能保證意義一致時， **必須(SHALL)** 將版本資訊也一併作交換。","如果專門術語沒有明確定義應該使用什麼字串來識別代碼系統的版本，建議使用版本正式發布的日期（用FHIR日期格式表示）作為版本日期。","","","","","","","","",,,,,"",,,,"Coding.version",0,1,"","ele-1:All FHIR elements must have a @value or children {hasValue() or (children().count() > id.count())}
","C*E.7","./codeSystemVersion"
"DiagnosticReport.category.coding.code","DiagnosticReport.category.coding.code","","","",0,1,"Y","","Y","code {[]} {[]}
","系統定義的語法之符號","系統定義的語法之符號；符號可能是一個預先定義的代碼，也可能是代碼系統定義的語法中的表達式（如後組合配對／後組合式）。","","需要參照系統中的一個特定代碼","","","","<valueCode xmlns=""http://hl7.org/fhir"" value=""LAB""/>","","","",,,,,"",,,,"Coding.code",0,1,"","ele-1:All FHIR elements must have a @value or children {hasValue() or (children().count() > id.count())}
","C*E.1","./code"
"DiagnosticReport.category.coding.display","DiagnosticReport.category.coding.display","","","",0,1,"Y","","Y","string {[]} {[]}
","由系統定義的表示法","遵循系統的規則以呈現代碼含義的表示法","","需要能為不了解此系統的讀者呈現可讀的代碼含義","","","","<valueString xmlns=""http://hl7.org/fhir"" value=""Laboratory""/>","","","",,,,,"",,,,"Coding.display",0,1,"","ele-1:All FHIR elements must have a @value or children {hasValue() or (children().count() > id.count())}
","C*E.2 - but note this is not well followed","CV.displayName"
"DiagnosticReport.category.coding.userSelected","DiagnosticReport.category.coding.userSelected","","","",0,1,"","","Y","boolean {[]} {[]}
","此編碼是否由使用者直接選擇？","表明此編碼是由使用者直接選擇，例如：從可用項目（代碼或顯示名稱）的清單中選擇。","在一系列備選方案中，直接選擇的代碼是新翻譯最合適的起點；關於「直接選擇」的確切意義，存在模糊不清之處，可能需要貿易夥伴的同意，以更完整澄清此資料項目的使用及其後果。","已被確定為一個臨床安全準則—此確切的系統／代碼對(code pair)是被明確選擇的，而不是由系統根據一些規則或是程式語言處理判斷。","","","","","","","",,,,,"",,,,"Coding.userSelected",0,1,"","ele-1:All FHIR elements must have a @value or children {hasValue() or (children().count() > id.count())}
","Sometimes implied by being first","CD.codingRationale"
"DiagnosticReport.category.text","DiagnosticReport.category.text","","","",0,1,"Y","","Y","string {[]} {[]}
","概念的文字表示法","輸入資料的使用者所見／所選／所說的人類可讀文字表述，和（或）其代表使用者的預期含義。","很多時候，此文字表述與其中一個代碼的顯示名稱相同。","專門術語中的代碼並不總是能捕捉人類使用的細微差別的正確意義，或者根本就沒有合適的代碼；這些情況下，文字表述被用來捕捉來源的全部意義。","","","","","","","",,,,,"",,,,"CodeableConcept.text",0,1,"","ele-1:All FHIR elements must have a @value or children {hasValue() or (children().count() > id.count())}
","C*E.9. But note many systems use C*E.2 for this","./originalText[mediaType/code=""text/plain""]/data"
"DiagnosticReport.category:DiagnosticServiceSectionCodes","DiagnosticReport.category","DiagnosticServiceSectionCodes","Department
Sub-departmentServiceDiscipline","",0,1,"Y","","","CodeableConcept {[CanonicalType[https://twcore.mohw.gov.tw/ig/twcore/StructureDefinition/CodeableConcept-tw]]} {[]}
","概念（Concept）— 參照一個專門術語或只是文字表述","A concept that may be defined by a formal reference to a terminology or ontology or may be provided by text.","Not all terminology uses fit this general pattern. In some cases, models should not use CodeableConcept and use Coding directly and provide their own structure for managing text, codings, translations and the relationship between elements and pre- and post-coordination.","","","","","<valueCodeableConcept xmlns=""http://hl7.org/fhir"">
  <coding>
    <system value=""http://terminology.hl7.org/CodeSystem/v2-0074""/>
    <code value=""LAB""/>
  </coding>
</valueCodeableConcept>","","","",,"example","Codes for diagnostic service sections.","http://hl7.org/fhir/ValueSet/diagnostic-service-sections","",,,,"DiagnosticReport.category",0,*,"ele-1
","ele-1:All FHIR elements must have a @value or children {hasValue() or (children().count() > id.count())}
","CE/CNE/CWE","n/a","CD"
"DiagnosticReport.code","DiagnosticReport.code","","Type
","",1,1,"Y","","","CodeableConcept {[CanonicalType[https://twcore.mohw.gov.tw/ig/twcore/StructureDefinition/CodeableConcept-tw]]} {[]}
","此診斷報告的名稱／代碼","描述該診斷報告的代碼或名稱","Not all terminology uses fit this general pattern. In some cases, models should not use CodeableConcept and use Coding directly and provide their own structure for managing text, codings, translations and the relationship between elements and pre- and post-coordination.","","","","","","","","",,"preferred","鼓勵使用[LOINCDiagnosticReportCodes](http://hl7.org/fhir/R4/valueset-report-codes.html)值集中的代碼，但不強制一定要使用此值集，你也可使用其他值集的代碼或單純以文字表示。","http://hl7.org/fhir/ValueSet/report-codes","",,,,"DiagnosticReport.code",1,1,"ele-1
","ele-1:All FHIR elements must have a @value or children {hasValue() or (children().count() > id.count())}
","CE/CNE/CWE","n/a","CD"
"DiagnosticReport.code.id","DiagnosticReport.code.id","","","",0,1,"","","","string {[]} {[]}
","唯一可識別ID，以供資料項目間相互參照。","resource中資料項目的唯一ID（用於內部參照）。這可以是任何不含空格的字串。","","","","","","","","","",,,,,"",,,,"Element.id",0,1,"","","n/a"
"DiagnosticReport.code.extension","DiagnosticReport.code.extension","","","",0,*,"","","","Extension {[]} {[]}
","擴充的資料項目","擴充的資料項目","","","","","","","","","",,,,,"","value:url}
","Extensions are always sliced by (at least) url",,"open","Element.extension",0,*,"","ele-1:All FHIR elements must have a @value or children {hasValue() or (children().count() > id.count())}
ext-1:Must have either extensions or value[x], not both {extension.exists() != value.exists()}"
"DiagnosticReport.code.coding","DiagnosticReport.code.coding","","","",0,*,"Y","","","Coding {[CanonicalType[https://twcore.mohw.gov.tw/ig/twcore/StructureDefinition/Coding-tw]]} {[]}
","由專門術語系統（terminology system）定義的代碼","由專門術語系統（terminology system）所定義之代碼的參照","代碼可以在列舉清單（enumerations）或代碼清單（code lists）中非常隨意地定義，直至有非常正式的定義，例如：SNOMED CT—更多資訊見HL7 v3核心原則（Core Principles ）。編碼的排序是未定義的因而 **必須沒有（SHALL NOT）** 被用來推斷意義。一般來說，最多只有一個編碼值（coding values）會被標記為UserSelected = true。","允許代碼系統中的替代編碼，以及翻譯到其他編碼系統。","","","","","","","",,,,,"","pattern:system}
","",,"open","CodeableConcept.coding",0,*,"ele-1
","ele-1:All FHIR elements must have a @value or children {hasValue() or (children().count() > id.count())}
","CE/CNE/CWE subset one of the sets of component 1-3 or 4-6","n/a","CV"
"DiagnosticReport.code.coding:LOINCObservationCode","DiagnosticReport.code.coding","LOINCObservationCode","","",0,1,"Y","","","Coding {[CanonicalType[https://twcore.mohw.gov.tw/ig/twcore/StructureDefinition/Coding-tw]]} {[]}
","LOINC®為Regenstrief Institute, Inc.維護的檢驗事件描述代碼，可免費使用，可優先選用此代碼。","由專門術語系統（terminology system）所定義之代碼的參照","代碼可以在列舉清單（enumerations）或代碼清單（code lists）中非常隨意地定義，直至有非常正式的定義，例如：SNOMED CT—更多資訊見HL7 v3核心原則（Core Principles ）。編碼的排序是未定義的因而 **必須沒有（SHALL NOT）** 被用來推斷意義。一般來說，最多只有一個編碼值（coding values）會被標記為UserSelected = true。","允許代碼系統中的替代編碼，以及翻譯到其他編碼系統。","","","","","","","",,"required","應填入[LOINC實驗室檢驗檢查值集](https://twcore.mohw.gov.tw/ig/twcore/ValueSet-loinc-observation-code.html)值集中的其中一個代碼。","https://twcore.mohw.gov.tw/ig/twcore/ValueSet/loinc-observation-code","",,,,"CodeableConcept.coding",0,*,"ele-1
","ele-1:All FHIR elements must have a @value or children {hasValue() or (children().count() > id.count())}
","CE/CNE/CWE subset one of the sets of component 1-3 or 4-6","n/a","CV"
"DiagnosticReport.code.coding:LOINCObservationCode.id","DiagnosticReport.code.coding.id","","","",0,1,"","","","string {[]} {[]}
","唯一可識別ID，以供資料項目間相互參照。","resource中資料項目的唯一ID（用於內部參照），這可以是任何不含空格的字串。","","","","","","","","","",,,,,"",,,,"Element.id",0,1,"","","n/a"
"DiagnosticReport.code.coding:LOINCObservationCode.extension","DiagnosticReport.code.coding.extension","","","",0,*,"","","","Extension {[]} {[]}
","擴充的資料項目","可用於表示不屬於此資料項目基本定義的附加資訊。為了擴充的使用安全和可管理，對擴充的定義和使用有一套嚴格的管理。儘管任何實作者都可以定義一個擴充，但作為擴充定義的一部分，有一套要求 **必須（SHALL）** 滿足。","無論使用或定義擴充的機構或管轄區，任何應用程式、專案或標準使用擴充都不背負任何污名（stigma）。使用擴充是允許FHIR規範為每個人保留一個核心的簡易性。","","","","","","","","",,,,,"","value:url}
","Extensions are always sliced by (at least) url",,"open","Element.extension",0,*,"","ele-1:All FHIR elements must have a @value or children {hasValue() or (children().count() > id.count())}
ext-1:Must have either extensions or value[x], not both {extension.exists() != value.exists()}"
"DiagnosticReport.code.coding:LOINCObservationCode.system","DiagnosticReport.code.coding.system","","","",1,1,"Y","","Y","uri {[]} {[]}
","專門術語系統（terminology system）的識別","定義代碼中符號意義的代碼系統識別","URI可以是一個OID（urn:oid:...）或一個UUID（urn:uuid:...）；OID和UUID **必須(SHALL)** 參照HL7 OID註冊中心；否則，URI應該來自HL7的FHIR定義的特殊URI列表，或者它應該參照一些明確建立的系统定義。","需要明確說明符號定義的來源","","","","<valueUri xmlns=""http://hl7.org/fhir"" value=""http://loinc.org""/>","","","",,,,,"",,,,"Coding.system",0,1,"","ele-1:All FHIR elements must have a @value or children {hasValue() or (children().count() > id.count())}
","C*E.3","./codeSystem"
"DiagnosticReport.code.coding:LOINCObservationCode.version","DiagnosticReport.code.coding.version","","","",0,1,"","","Y","string {[]} {[]}
","系統的版本—如果相關的話","選擇此代碼時使用的代碼系統版本；請注意，一個維護良好的代碼系統不需要版本報告，因為代碼的意義在不同系統版本中是一致的；然而，不能始終保證這點，當不能保證意義一致時， **必須(SHALL)** 將版本資訊也一併作交換。","如果專門術語沒有明確定義應該使用什麼字串來識別代碼系統的版本，建議使用版本正式發布的日期（用FHIR日期格式表示）作為版本日期。","","","","","","","","",,,,,"",,,,"Coding.version",0,1,"","ele-1:All FHIR elements must have a @value or children {hasValue() or (children().count() > id.count())}
","C*E.7","./codeSystemVersion"
"DiagnosticReport.code.coding:LOINCObservationCode.code","DiagnosticReport.code.coding.code","","","",1,1,"Y","","Y","code {[]} {[]}
","系統定義的語法之符號","系統定義的語法之符號；符號可能是一個預先定義的代碼，也可能是代碼系統定義的語法中的表達式（如後組合配對／後組合式）。","","需要參照系統中的一個特定代碼","","","","","","","",,,,,"",,,,"Coding.code",0,1,"","ele-1:All FHIR elements must have a @value or children {hasValue() or (children().count() > id.count())}
","C*E.1","./code"
"DiagnosticReport.code.coding:LOINCObservationCode.display","DiagnosticReport.code.coding.display","","","",0,1,"Y","","Y","string {[]} {[]}
","由系統定義的表示法","遵循系統的規則以呈現代碼含義的表示法","","需要能為不了解此系統的讀者呈現可讀的代碼含義","","","","","","","",,,,,"",,,,"Coding.display",0,1,"","ele-1:All FHIR elements must have a @value or children {hasValue() or (children().count() > id.count())}
","C*E.2 - but note this is not well followed","CV.displayName"
"DiagnosticReport.code.coding:LOINCObservationCode.userSelected","DiagnosticReport.code.coding.userSelected","","","",0,1,"","","Y","boolean {[]} {[]}
","此編碼是否由使用者直接選擇？","表明此編碼是由使用者直接選擇，例如：從可用項目（代碼或顯示名稱）的清單中選擇。","在一系列備選方案中，直接選擇的代碼是新翻譯最合適的起點；關於「直接選擇」的確切意義，存在模糊不清之處，可能需要貿易夥伴的同意，以更完整澄清此資料項目的使用及其後果。","已被確定為一個臨床安全準則—此確切的系統／代碼對(code pair)是被明確選擇的，而不是由系統根據一些規則或是程式語言處理判斷。","","","","","","","",,,,,"",,,,"Coding.userSelected",0,1,"","ele-1:All FHIR elements must have a @value or children {hasValue() or (children().count() > id.count())}
","Sometimes implied by being first","CD.codingRationale"
"DiagnosticReport.code.coding:TWLaboratoryCategory","DiagnosticReport.code.coding","TWLaboratoryCategory","","",0,1,"Y","","","Coding {[CanonicalType[https://twcore.mohw.gov.tw/ig/twcore/StructureDefinition/Coding-tw]]} {[]}
","此為中央健康保險署(NHI)維護之醫療服務給付項目-檢驗相關代碼，主要針對申報使用，更新頻率相對頻繁，可免費使用，可依情境選用此代碼。","由專門術語系統（terminology system）所定義之代碼的參照","代碼可以在列舉清單（enumerations）或代碼清單（code lists）中非常隨意地定義，直至有非常正式的定義，例如：SNOMED CT—更多資訊見HL7 v3核心原則（Core Principles ）。編碼的排序是未定義的因而 **必須沒有（SHALL NOT）** 被用來推斷意義。一般來說，最多只有一個編碼值（coding values）會被標記為UserSelected = true。","允許代碼系統中的替代編碼，以及翻譯到其他編碼系統。","","","","","","","",,"required","應填入[臺灣醫療服務給付項目-檢驗值集](https://twcore.mohw.gov.tw/ig/twcore/ValueSet-laboratory-category-tw.html)值集中的其中一個代碼。","https://twcore.mohw.gov.tw/ig/twcore/ValueSet/laboratory-category-tw","",,,,"CodeableConcept.coding",0,*,"ele-1
","ele-1:All FHIR elements must have a @value or children {hasValue() or (children().count() > id.count())}
","CE/CNE/CWE subset one of the sets of component 1-3 or 4-6","n/a","CV"
"DiagnosticReport.code.coding:TWLaboratoryCategory.id","DiagnosticReport.code.coding.id","","","",0,1,"","","","string {[]} {[]}
","唯一可識別ID，以供資料項目間相互參照。","resource中資料項目的唯一ID（用於內部參照），這可以是任何不含空格的字串。","","","","","","","","","",,,,,"",,,,"Element.id",0,1,"","","n/a"
"DiagnosticReport.code.coding:TWLaboratoryCategory.extension","DiagnosticReport.code.coding.extension","","","",0,*,"","","","Extension {[]} {[]}
","擴充的資料項目","可用於表示不屬於此資料項目基本定義的附加資訊。為了擴充的使用安全和可管理，對擴充的定義和使用有一套嚴格的管理。儘管任何實作者都可以定義一個擴充，但作為擴充定義的一部分，有一套要求 **必須（SHALL）** 滿足。","無論使用或定義擴充的機構或管轄區，任何應用程式、專案或標準使用擴充都不背負任何污名（stigma）。使用擴充是允許FHIR規範為每個人保留一個核心的簡易性。","","","","","","","","",,,,,"","value:url}
","Extensions are always sliced by (at least) url",,"open","Element.extension",0,*,"","ele-1:All FHIR elements must have a @value or children {hasValue() or (children().count() > id.count())}
ext-1:Must have either extensions or value[x], not both {extension.exists() != value.exists()}"
"DiagnosticReport.code.coding:TWLaboratoryCategory.system","DiagnosticReport.code.coding.system","","","",1,1,"Y","","Y","uri {[]} {[]}
","專門術語系統（terminology system）的識別","定義代碼中符號意義的代碼系統識別","URI可以是一個OID（urn:oid:...）或一個UUID（urn:uuid:...）；OID和UUID **必須(SHALL)** 參照HL7 OID註冊中心；否則，URI應該來自HL7的FHIR定義的特殊URI列表，或者它應該參照一些明確建立的系统定義。","需要明確說明符號定義的來源","","","","<valueUri xmlns=""http://hl7.org/fhir"" value=""https://twcore.mohw.gov.tw/ig/twcore/CodeSystem/medical-service-payment-tw""/>","","","",,,,,"",,,,"Coding.system",0,1,"","ele-1:All FHIR elements must have a @value or children {hasValue() or (children().count() > id.count())}
","C*E.3","./codeSystem"
"DiagnosticReport.code.coding:TWLaboratoryCategory.version","DiagnosticReport.code.coding.version","","","",0,1,"","","Y","string {[]} {[]}
","系統的版本—如果相關的話","選擇此代碼時使用的代碼系統版本；請注意，一個維護良好的代碼系統不需要版本報告，因為代碼的意義在不同系統版本中是一致的；然而，不能始終保證這點，當不能保證意義一致時， **必須(SHALL)** 將版本資訊也一併作交換。","如果專門術語沒有明確定義應該使用什麼字串來識別代碼系統的版本，建議使用版本正式發布的日期（用FHIR日期格式表示）作為版本日期。","","","","","","","","",,,,,"",,,,"Coding.version",0,1,"","ele-1:All FHIR elements must have a @value or children {hasValue() or (children().count() > id.count())}
","C*E.7","./codeSystemVersion"
"DiagnosticReport.code.coding:TWLaboratoryCategory.code","DiagnosticReport.code.coding.code","","","",1,1,"Y","","Y","code {[]} {[]}
","系統定義的語法之符號","系統定義的語法之符號；符號可能是一個預先定義的代碼，也可能是代碼系統定義的語法中的表達式（如後組合配對／後組合式）。","","需要參照系統中的一個特定代碼","","","","","","","",,,,,"",,,,"Coding.code",0,1,"","ele-1:All FHIR elements must have a @value or children {hasValue() or (children().count() > id.count())}
","C*E.1","./code"
"DiagnosticReport.code.coding:TWLaboratoryCategory.display","DiagnosticReport.code.coding.display","","","",0,1,"Y","","Y","string {[]} {[]}
","由系統定義的表示法","遵循系統的規則以呈現代碼含義的表示法","","需要能為不了解此系統的讀者呈現可讀的代碼含義","","","","","","","",,,,,"",,,,"Coding.display",0,1,"","ele-1:All FHIR elements must have a @value or children {hasValue() or (children().count() > id.count())}
","C*E.2 - but note this is not well followed","CV.displayName"
"DiagnosticReport.code.coding:TWLaboratoryCategory.userSelected","DiagnosticReport.code.coding.userSelected","","","",0,1,"","","Y","boolean {[]} {[]}
","此編碼是否由使用者直接選擇？","表明此編碼是由使用者直接選擇，例如：從可用項目（代碼或顯示名稱）的清單中選擇。","在一系列備選方案中，直接選擇的代碼是新翻譯最合適的起點；關於「直接選擇」的確切意義，存在模糊不清之處，可能需要貿易夥伴的同意，以更完整澄清此資料項目的使用及其後果。","已被確定為一個臨床安全準則—此確切的系統／代碼對(code pair)是被明確選擇的，而不是由系統根據一些規則或是程式語言處理判斷。","","","","","","","",,,,,"",,,,"Coding.userSelected",0,1,"","ele-1:All FHIR elements must have a @value or children {hasValue() or (children().count() > id.count())}
","Sometimes implied by being first","CD.codingRationale"
"DiagnosticReport.code.text","DiagnosticReport.code.text","","","",0,1,"Y","","Y","string {[]} {[]}
","概念的文字表示法","輸入資料的使用者所見／所選／所說的人類可讀文字表述，和（或）其代表使用者的預期含義。","很多時候，此文字表述與其中一個代碼的顯示名稱相同。","專門術語中的代碼並不總是能捕捉人類使用的細微差別的正確意義，或者根本就沒有合適的代碼；這些情況下，文字表述被用來捕捉來源的全部意義。","","","","","","","",,,,,"",,,,"CodeableConcept.text",0,1,"","ele-1:All FHIR elements must have a @value or children {hasValue() or (children().count() > id.count())}
","C*E.9. But note many systems use C*E.2 for this","./originalText[mediaType/code=""text/plain""]/data"
"DiagnosticReport.subject","DiagnosticReport.subject","","Patient
","",1,1,"Y","","Y","Reference {[]} {[CanonicalType[https://tstifhir.azurehealthcareapis.com/StructureDefinition/Patient-adultcheck]]}
","報告的對象—通常但不總是病人","報告的對象體，通常但不總是病人。然而，診斷服務也對從其他各種來源收集的檢體進行分析。",""," **必須(SHALL)** 知道對象的背景","","","","","","","",,,,,"",,,,"DiagnosticReport.subject",0,1,"","ele-1:All FHIR elements must have a @value or children {hasValue() or (children().count() > id.count())}
","Event.subject","PID-3 (no HL7 v2 mapping for Group or Device)","participation[typeCode=SBJ]","FiveWs.subject[x]","FiveWs.subject"
"DiagnosticReport.encounter","DiagnosticReport.encounter","","Context
","",0,1,"","","Y","Reference {[]} {[CanonicalType[https://twcore.mohw.gov.tw/ig/twcore/StructureDefinition/Encounter-twcore]]}
","請求檢驗時的健康照護事件","此DiagnosticReport所涉及的健康照護事件（例如：病人和健康照護服務提供者的互動）。","這通常是事件發生的就醫，但有些事件可能是在就醫完成之前或之後開始，但仍與就醫的情境有關（如住院前的實驗室檢驗）。","將此服務請求連接就醫（Encounter）情境","","","","","","","",,,,,"",,,,"DiagnosticReport.encounter",0,1,"","ele-1:All FHIR elements must have a @value or children {hasValue() or (children().count() > id.count())}
","Event.encounter","PV1-19","inboundRelationship[typeCode=COMP].source[classCode=ENC, moodCode=EVN]","FiveWs.context"
"DiagnosticReport.effective[x]","DiagnosticReport.effective[x]","","Observation time
Effective TimeOccurrence","",0,1,"Y","","Y","dateTime {[]} {[]}
Period {[]} {[]}","與臨床相關的時間／報告的時段","觀察值與之相關的時間或時段。當報告的對象是病人時，這通常是處置的時間或檢體採集的時間，但往往不知道日期／時間的來源，只知道日期／時間本身。","如果對病人進行診斷處置，這就是進行該處置的時間。如果有檢體，可以從檢體採集時間得出診斷相關時間，但檢體資訊並不總是可用，而且檢體和診斷相關時間之間並不總是自動的確切關係。","需要知道在病歷的什麼地方儲存檔案／呈現此報告","","","","","","","",,,,,"","type:$this}
","",,"open","DiagnosticReport.effective[x]",0,1,"","ele-1:All FHIR elements must have a @value or children {hasValue() or (children().count() > id.count())}
","Event.occurrence[x]","OBR-7","effectiveTime","FiveWs.done[x]"
"DiagnosticReport.effective[x]:effectiveDateTime","DiagnosticReport.effective[x]","effectiveDateTime","Observation time
Effective TimeOccurrence","",0,1,"Y","","Y","dateTime {[]} {[]}
","與臨床相關的時間／報告的時段","觀察值與之相關的時間或時段。當報告的對象是病人時，這通常是處置的時間或檢體採集的時間，但往往不知道日期／時間的來源，只知道日期／時間本身。","如果對病人進行診斷處置，這就是進行該處置的時間。如果有檢體，可以從檢體採集時間得出診斷相關時間，但檢體資訊並不總是可用，而且檢體和診斷相關時間之間並不總是自動的確切關係。","需要知道在病歷的什麼地方儲存檔案／呈現此報告","","","","","","","",,,,,"",,,,"DiagnosticReport.effective[x]",0,1,"","ele-1:All FHIR elements must have a @value or children {hasValue() or (children().count() > id.count())}
","Event.occurrence[x]","OBR-7","effectiveTime","FiveWs.done[x]"
"DiagnosticReport.issued","DiagnosticReport.issued","","Date published
Date IssuedDate Verified","",1,1,"Y","","Y","instant {[]} {[]}
","此版本完成的日期時間","這個版本的報告提供給健康照護提供者的日期和時間，通常是在報告被審查和核實之後。","可能與resource本身的更新時間不同，因為那是紀錄的狀態（可能是第二個副本），而不是發報告的實際時間。","臨床醫師需要確認報告的發布日期","","","","","","","",,,,,"",,,,"DiagnosticReport.issued",0,1,"","ele-1:All FHIR elements must have a @value or children {hasValue() or (children().count() > id.count())}
","OBR-22","participation[typeCode=VRF or AUT].time","FiveWs.recorded"
"DiagnosticReport.performer","DiagnosticReport.performer","","Laboratory
ServicePractitionerDepartmentCompanyAuthorized byDirector","",1,*,"Y","","Y","Reference {[]} {[CanonicalType[https://twcore.mohw.gov.tw/ig/twcore/StructureDefinition/Organization-hosp-twcore]]}
","委託代檢之醫事機構","負責發此報告的診斷服務","這不一定是一些混合的不可被中斷的一個或一系列資料項目的來源或解釋結果的實體，它是對臨床報告負責的實體。","如果對結果有疑問，需要知道應與誰聯絡；還可能需要追蹤次級資料分析的報告來源。","","","","","","","",,,,,"",,,,"DiagnosticReport.performer",0,*,"","ele-1:All FHIR elements must have a @value or children {hasValue() or (children().count() > id.count())}
","Event.performer.actor","PRT-8 (where this PRT-4-Participation = ""PO"")",".participation[typeCode=PRF]","FiveWs.actor"
"DiagnosticReport.resultsInterpreter","DiagnosticReport.resultsInterpreter","","Analyzed by
Reported by","",1,*,"Y","","Y","Reference {[]} {[CanonicalType[https://twcore.mohw.gov.tw/ig/twcore/StructureDefinition/Organization-hosp-twcore]]}
","所屬醫事機構","對報告的結論和解釋負責的健康照護服務提供人員或組織","可能不是對臨床報告負責的同一個實體","如果對結果有疑問，需要知道應與誰聯絡；還可能需要追蹤次級資料分析的報告來源。","","","","","","","",,,,,"",,,,"DiagnosticReport.resultsInterpreter",0,*,"","ele-1:All FHIR elements must have a @value or children {hasValue() or (children().count() > id.count())}
","Event.performer.actor","OBR-32, PRT-8 (where this PRT-4-Participation = ""PI"")",".participation[typeCode=PRF]","FiveWs.actor"
"DiagnosticReport.specimen","DiagnosticReport.specimen","","","",0,*,"","","","Reference {[]} {[CanonicalType[http://hl7.org/fhir/StructureDefinition/Specimen]]}
","此報告所依據的檢體","關於此診斷報告所依據的檢體的詳細資訊","如果在檢驗結果名稱中充分指明檢體的代碼，那麼此附加資料就可能是多餘的。如果有多個檢體，可在每個檢驗檢查或檢驗檢查套組中表示。","需要能夠報告已收集檢體之資訊，這些資訊是報告的基礎。","","","","","","","",,,,,"",,,,"DiagnosticReport.specimen",0,*,"","ele-1:All FHIR elements must have a @value or children {hasValue() or (children().count() > id.count())}
","SPM","participation[typeCode=SBJ]"
"DiagnosticReport.result","DiagnosticReport.result","","Data
Atomic ValueResultAtomic resultDataTestAnalyteBatteryOrganizer","",0,*,"Y","","","Reference {[]} {[CanonicalType[https://twcore.mohw.gov.tw/ig/twcore/StructureDefinition/Observation-laboratoryResult-twcore]]}
","檢驗檢查","[檢驗檢查](http://hl7.org/fhir/R4/observation.html)為此診斷報告的一部分","Observations可包含檢驗檢查值","需支援單一結果或一組結果，結果分組是隨機但有意義的。","","","","","","","",,,,,"",,,,"DiagnosticReport.result",0,*,"","ele-1:All FHIR elements must have a @value or children {hasValue() or (children().count() > id.count())}
","OBXs","outboundRelationship[typeCode=COMP].target"
"DiagnosticReport.imagingStudy","DiagnosticReport.imagingStudy","","","",0,*,"","","","Reference {[]} {[CanonicalType[http://hl7.org/fhir/StructureDefinition/ImagingStudy]]}
","參照至與診斷報告相關的成像之全部細節","一個或多個連結指向診斷調查期間進行的任何成像的全部細節。一般情況下，這是由支援DICOM的儀器進行的成像，但這並不是必須的。一個完整的PACS viewer可以使用這些資訊來提供來源影像的視圖。","影像檢查（ImagingStudy）和影像（image）資料項目在某種程度上是重疊的—通常，影像（image）資料項目的影像參照清單也會在某個影像檢查（ImagingStudy） resource中找到。然而，每一種都迎合了不同類型的目的的顯示。兩者都不提供，或者兩者都提供。","","","","","","","","",,,,,"",,,,"DiagnosticReport.imagingStudy",0,*,"","ele-1:All FHIR elements must have a @value or children {hasValue() or (children().count() > id.count())}
","outboundRelationship[typeCode=COMP].target[classsCode=DGIMG, moodCode=EVN]"
"DiagnosticReport.media","DiagnosticReport.media","","DICOM
SlidesScans","",0,*,"","","Y","BackboneElement {[]} {[]}
","與此報告相關的關鍵影像","與此報告相關的關鍵影像的清單。這些影像一般是在診斷過程中產生的，可以直接是病人的，也可以是經過處理的檢體（即感興趣的玻片）。","","許多診斷服務包含將報告中的影像作為服務的一部份","","","","","","","",,,,,"",,,,"DiagnosticReport.media",0,*,"","ele-1:All FHIR elements must have a @value or children {hasValue() or (children().count() > id.count())}
","OBX?","outboundRelationship[typeCode=COMP].target"
"DiagnosticReport.media.id","DiagnosticReport.media.id","","","",0,1,"","","","string {[]} {[]}
","唯一可識別ID，以供資料項目間相互參照。","resource中資料項目的唯一ID（用於內部參照）。這可以是任何不含空格的字串。","","","","","","","","","",,,,,"",,,,"Element.id",0,1,"","","n/a"
"DiagnosticReport.media.extension","DiagnosticReport.media.extension","","","",0,*,"","","","Extension {[]} {[]}
","擴充的資料項目","可用於表示不屬於此資料項目基本定義的附加資訊。為了擴充的使用安全和可管理，對擴充的定義和使用有一套嚴格的管理。儘管任何實作者都可以定義一個擴充，但作為擴充定義的一部分，有一套要求 **必須（SHALL）** 滿足。","無論使用或定義擴充的機構或管轄區，任何應用程式、專案或標準使用擴充都不背負任何汙名（stigma）。使用擴充是允許FHIR規範為每個人保留一個核心的簡易性。","","","","","","","","",,,,,"",,,,"Element.extension",0,*,"","ele-1:All FHIR elements must have a @value or children {hasValue() or (children().count() > id.count())}
ext-1:Must have either extensions or value[x], not both {extension.exists() != value.exists()}"
"DiagnosticReport.media.modifierExtension","DiagnosticReport.media.modifierExtension","","","",0,*,"","Y","Y","Extension {[]} {[]}
","此擴充的資料項目可能會完全修正或改變其他資料項目的意涵，需特別留意。","可以用來表示不屬於資料項目的基本定義的附加資訊，並且修改對它所內嵌（contained）的資料項目的理解和（或）對包含資料項目之後續使用的理解。通常，修飾用的資料項目提供否定或限定。為了使擴充的使用安全和可管理，對擴充的定義和使用有一套嚴格的管理。儘管任何實作者都可以定義一個擴充，但作為擴充定義的一部分，有一套要求 **必須（SHALL）** 滿足。處理resource的應用程式被要求檢查修飾用的擴充資料項目。 
 修飾用的擴充資料項目 **必須沒有（SHALL NOT）** 改變resource或DomainResource上任何資料項目的含義（包括不能改變modifierExtension本身的含義）。","無論使用或定義擴充的機構或管轄區，任何應用程式、專案或標準使用擴充都不背負任何汙名（stigma）。使用擴充是允許FHIR規範為每個人保留一個核心的簡易性。","修飾用的資料項目擴充將不能安全地忽略的擴充與絕大多數可以安全地忽略的擴充明確區分開來。透過消除禁止實作者擴充存在的需求來促進可互通性。更多訊息，請參見[修飾用的資料項目擴充之定義](http://hl7.org/fhir/R4/extensibility.html#modifierExtension)。","","","","","","","",,,,,"",,,,"BackboneElement.modifierExtension",0,*,"","ele-1:All FHIR elements must have a @value or children {hasValue() or (children().count() > id.count())}
ext-1:Must have either extensions or value[x], not both {extension.exists() != value.exists()}"
"DiagnosticReport.media.comment","DiagnosticReport.media.comment","","","",0,1,"","","","string {[]} {[]}
","關於影像的意見（例如：解釋）。","關於影像的意見，一般情況下，這是用來解釋為什麼影像被包括在內，或請瀏覽者注意重要特徵。","此意見應與影像一起顯示，報告中通常會在其他部分（如結論）對影像內容進行補充討論。","此報告的健康照護提供者應該對報告中每張影像做出意見","","","","","","","",,,,,"",,,,"DiagnosticReport.media.comment",0,1,"","ele-1:All FHIR elements must have a @value or children {hasValue() or (children().count() > id.count())}
",".inboundRelationship[typeCode=COMP].source[classCode=OBS, moodCode=EVN, code=""annotation""].value"
"DiagnosticReport.media.link","DiagnosticReport.media.link","","","",1,1,"","","Y","Reference {[]} {[CanonicalType[http://hl7.org/fhir/StructureDefinition/Media]]}
","參照的影像來源","參照的影像來源","","","","","","","","","",,,,,"",,,,"DiagnosticReport.media.link",1,1,"","ele-1:All FHIR elements must have a @value or children {hasValue() or (children().count() > id.count())}
",".value.reference"
"DiagnosticReport.conclusion","DiagnosticReport.conclusion","","Report
","",1,1,"Y","","","string {[]} {[]}
","檢驗結果的臨床結論（解釋）","此診斷報告的簡要及臨床情境的摘要結論（解釋／臆斷）","","需要能夠提供一個不會在基本結果資料中丟失結論","","","","","","","",,,,,"",,,,"DiagnosticReport.conclusion",0,1,"","ele-1:All FHIR elements must have a @value or children {hasValue() or (children().count() > id.count())}
","OBX","inboundRelationship[typeCode=""SPRT""].source[classCode=OBS, moodCode=EVN, code=LOINC:48767-8].value (type=ST)"
"DiagnosticReport.conclusionCode","DiagnosticReport.conclusionCode","","","",0,*,"","","","CodeableConcept {[CanonicalType[https://twcore.mohw.gov.tw/ig/twcore/StructureDefinition/CodeableConcept-tw]]} {[]}
","檢驗結果的臨床結論的代碼，此為SNOMED CT代碼，若機構已有購買相關授權，亦可使用。","代表診斷報告的摘要結論（解釋／臆斷）的一個或多個代碼","Not all terminology uses fit this general pattern. In some cases, models should not use CodeableConcept and use Coding directly and provide their own structure for managing text, codings, translations and the relationship between elements and pre- and post-coordination.","","","","","","","","",,"example","可參考[SNOMEDCTClinicalFindings](http://hl7.org/fhir/R4/valueset-clinical-findings.html)值集，但此值集只是針對這個欄位的一個可能值的範例，不預期也不鼓勵使用者一定要使用此值集的代碼。","http://hl7.org/fhir/ValueSet/clinical-findings","",,,,"DiagnosticReport.conclusionCode",0,*,"ele-1
","ele-1:All FHIR elements must have a @value or children {hasValue() or (children().count() > id.count())}
","CE/CNE/CWE","n/a","CD"
"DiagnosticReport.presentedForm","DiagnosticReport.presentedForm","","","",0,*,"","","","Attachment {[]} {[]}
","已發佈的整個報告","診斷服務發佈之含豐富文字的整個結果，允許多種格式，但它們在語義上 **必須（SHALL）** 是相同的。","在這種情況下，「application／pdf 」被推薦為最可靠及最可互操作的格式。","讓實驗室有能力為臨床真實性提供自己的完全格式化報告","","","","","","","",,,,,"",,,,"DiagnosticReport.presentedForm",0,*,"","ele-1:All FHIR elements must have a @value or children {hasValue() or (children().count() > id.count())}
","OBX","text (type=ED)"
