<?xml version="1.0" encoding="UTF-8"?>

<ValueSet xmlns="http://hl7.org/fhir">
  <id value="adultcheck-code"/>
  <text>
    <status value="generated"/><div xmlns="http://www.w3.org/1999/xhtml">Placeholder</div>
  </text>
  <url value="https://tstifhir.azurehealthcareapis.com/ValueSet/adultcheck-code"/>
  <version value="0.1.0"/>
  <name value="ValueSet-adultcheck-code"/>
  <title value="成人預防保健疾病史代碼集值"/>
  <status value="draft"/>
  <date value="2023-10-16T14:04:58+08:00"/>
  <publisher value="大世科 tsti"/>
  <contact>
    <name value="大世科 tsti"/>
    <telecom>
      <system value="url"/>
      <value value="https://www.etatung.com/"/>
    </telecom>
  </contact>
  <description value="此EncounterAdultCheck Profile說明成人預防保健疾病史代碼"/>
  <compose>
    <include>
      <system value="http://snomed.info/sct"/>
      <concept>
        <code value="161501007"/>
        <display value="H/O: hypertension"/>
      </concept>
      <concept>
        <code value="161445009"/>
        <display value="H/O: diabetes mellitus"/>
      </concept>
      <concept>
        <code value="3744001"/>
        <display value="Hyperlipoproteinemia"/>
      </concept>
      <concept>
        <code value="275544003"/>
        <display value="H/O: heart disorder"/>
      </concept>
      <concept>
        <code value="275527002"/>
        <display value="H/O: stroke"/>
      </concept>
      <concept>
        <code value="275552000"/>
        <display value="H/O: kidney disease"/>
      </concept>
    </include>
  </compose>
</ValueSet>