{"resourceType":"ImplementationGuide","id":"tw.etatung.hpa","text":{"status":"generated","div":"<div xmlns=\"http://www.w3.org/1999/xhtml\"><p class=\"res-header-id\"><b>Generated Narrative: ImplementationGuide tw.etatung.hpa</b></p><a name=\"tw.etatung.hpa\"> </a><a name=\"hctw.etatung.hpa\"> </a><a name=\"tw.etatung.hpa-en-US\"> </a><h2>HPA</h2><p>The official URL for this implementation guide is: </p><pre>https://etatunghpa.com/ImplementationGuide/tw.etatung.hpa</pre><div><p>成人預防保健實作指引(HPA-IG)依據【國民健康署成人預防保健服務檢查單】與【國民健康署成人預防保健服務檢查紀錄結果表單資料電子檔申報格式】，採用HL7® FHIR® standard（Fast Healthcare Interoperability Resources）IG建置方法，在FHIR R4.0.1和臺灣核心實作指引(TW Core IG)0.1.1版本之標準基礎上，進一步定義適用於健康照護資料交換需求的Resources（類似資料表）、其中的資料項目（意即欄位）、基數（意即0..1、0..<em>、1..1或1..</em>）及資料類型（文字、日期時間、代碼等）等，旨在提供健康照護資訊系統開發與實作者以成人健檢實作指引為基礎，再進一步訂定其實務專案所需之資料交換格式以應用於專案中。</p>\n</div></div>"},"url":"https://etatunghpa.com/ImplementationGuide/tw.etatung.hpa","version":"0.2.0","name":"HPA","title":"成人預防保健實作指引(HPA-IG)","status":"active","date":"2025-04-22T13:25:09+08:00","publisher":"大世科 tsti","contact":[{"name":"大世科 tsti","telecom":[{"system":"url","value":"https://www.etatung.com/"}]}],"description":"成人預防保健實作指引(HPA-IG)依據【國民健康署成人預防保健服務檢查單】與【國民健康署成人預防保健服務檢查紀錄結果表單資料電子檔申報格式】，採用HL7® FHIR® standard（Fast Healthcare Interoperability Resources）IG建置方法，在FHIR R4.0.1和臺灣核心實作指引(TW Core IG)0.1.1版本之標準基礎上，進一步定義適用於健康照護資料交換需求的Resources（類似資料表）、其中的資料項目（意即欄位）、基數（意即0..1、0..*、1..1或1..*）及資料類型（文字、日期時間、代碼等）等，旨在提供健康照護資訊系統開發與實作者以成人健檢實作指引為基礎，再進一步訂定其實務專案所需之資料交換格式以應用於專案中。","packageId":"tw.etatung.hpa","license":"CC0-1.0","fhirVersion":["4.0.1"],"dependsOn":[{"id":"hl7tx","extension":[{"url":"http://hl7.org/fhir/tools/StructureDefinition/implementationguide-dependency-comment","valueMarkdown":"Automatically added as a dependency - all IGs depend on HL7 Terminology"}],"uri":"http://terminology.hl7.org/ImplementationGuide/hl7.terminology","packageId":"hl7.terminology.r4","version":"6.2.0"},{"id":"hl7ext","extension":[{"url":"http://hl7.org/fhir/tools/StructureDefinition/implementationguide-dependency-comment","valueMarkdown":"Automatically added as a dependency - all IGs depend on the HL7 Extension Pack"}],"uri":"http://hl7.org/fhir/extensions/ImplementationGuide/hl7.fhir.uv.extensions","packageId":"hl7.fhir.uv.extensions.r4","version":"5.2.0"},{"id":"tw_gov_mohw_twcore","uri":"https://twcore.mohw.gov.tw/ig/twcore/ImplementationGuide/tw.gov.mohw.twcore","packageId":"tw.gov.mohw.twcore","version":"0.3.2"}],"definition":{"extension":[{"extension":[{"url":"code","valueString":"copyrightyear"},{"url":"value","valueString":"2023+"}],"url":"http://hl7.org/fhir/tools/StructureDefinition/ig-parameter"},{"extension":[{"url":"code","valueString":"releaselabel"},{"url":"value","valueString":"ci-build"}],"url":"http://hl7.org/fhir/tools/StructureDefinition/ig-parameter"},{"extension":[{"url":"code","valueString":"autoload-resources"},{"url":"value","valueString":"true"}],"url":"http://hl7.org/fhir/tools/StructureDefinition/ig-parameter"},{"extension":[{"url":"code","valueString":"path-liquid"},{"url":"value","valueString":"template/liquid"}],"url":"http://hl7.org/fhir/tools/StructureDefinition/ig-parameter"},{"extension":[{"url":"code","valueString":"path-liquid"},{"url":"value","valueString":"input/liquid"}],"url":"http://hl7.org/fhir/tools/StructureDefinition/ig-parameter"},{"extension":[{"url":"code","valueString":"path-qa"},{"url":"value","valueString":"temp/qa"}],"url":"http://hl7.org/fhir/tools/StructureDefinition/ig-parameter"},{"extension":[{"url":"code","valueString":"path-temp"},{"url":"value","valueString":"temp/pages"}],"url":"http://hl7.org/fhir/tools/StructureDefinition/ig-parameter"},{"extension":[{"url":"code","valueString":"path-output"},{"url":"value","valueString":"output"}],"url":"http://hl7.org/fhir/tools/StructureDefinition/ig-parameter"},{"extension":[{"url":"code","valueString":"path-suppressed-warnings"},{"url":"value","valueString":"input/ignoreWarnings.txt"}],"url":"http://hl7.org/fhir/tools/StructureDefinition/ig-parameter"},{"extension":[{"url":"code","valueString":"path-history"},{"url":"value","valueString":"https://etatunghpa.com/history.html"}],"url":"http://hl7.org/fhir/tools/StructureDefinition/ig-parameter"},{"extension":[{"url":"code","valueString":"template-html"},{"url":"value","valueString":"template-page.html"}],"url":"http://hl7.org/fhir/tools/StructureDefinition/ig-parameter"},{"extension":[{"url":"code","valueString":"template-md"},{"url":"value","valueString":"template-page-md.html"}],"url":"http://hl7.org/fhir/tools/StructureDefinition/ig-parameter"},{"extension":[{"url":"code","valueString":"apply-contact"},{"url":"value","valueString":"true"}],"url":"http://hl7.org/fhir/tools/StructureDefinition/ig-parameter"},{"extension":[{"url":"code","valueString":"apply-context"},{"url":"value","valueString":"true"}],"url":"http://hl7.org/fhir/tools/StructureDefinition/ig-parameter"},{"extension":[{"url":"code","valueString":"apply-copyright"},{"url":"value","valueString":"true"}],"url":"http://hl7.org/fhir/tools/StructureDefinition/ig-parameter"},{"extension":[{"url":"code","valueString":"apply-jurisdiction"},{"url":"value","valueString":"true"}],"url":"http://hl7.org/fhir/tools/StructureDefinition/ig-parameter"},{"extension":[{"url":"code","valueString":"apply-license"},{"url":"value","valueString":"true"}],"url":"http://hl7.org/fhir/tools/StructureDefinition/ig-parameter"},{"extension":[{"url":"code","valueString":"apply-publisher"},{"url":"value","valueString":"true"}],"url":"http://hl7.org/fhir/tools/StructureDefinition/ig-parameter"},{"extension":[{"url":"code","valueString":"apply-version"},{"url":"value","valueString":"true"}],"url":"http://hl7.org/fhir/tools/StructureDefinition/ig-parameter"},{"extension":[{"url":"code","valueString":"apply-wg"},{"url":"value","valueString":"true"}],"url":"http://hl7.org/fhir/tools/StructureDefinition/ig-parameter"},{"extension":[{"url":"code","valueString":"active-tables"},{"url":"value","valueString":"true"}],"url":"http://hl7.org/fhir/tools/StructureDefinition/ig-parameter"},{"extension":[{"url":"code","valueString":"fmm-definition"},{"url":"value","valueString":"http://hl7.org/fhir/versions.html#maturity"}],"url":"http://hl7.org/fhir/tools/StructureDefinition/ig-parameter"},{"extension":[{"url":"code","valueString":"propagate-status"},{"url":"value","valueString":"true"}],"url":"http://hl7.org/fhir/tools/StructureDefinition/ig-parameter"},{"extension":[{"url":"code","valueString":"excludelogbinaryformat"},{"url":"value","valueString":"true"}],"url":"http://hl7.org/fhir/tools/StructureDefinition/ig-parameter"},{"extension":[{"url":"code","valueString":"tabbed-snapshots"},{"url":"value","valueString":"true"}],"url":"http://hl7.org/fhir/tools/StructureDefinition/ig-parameter"},{"url":"http://hl7.org/fhir/tools/StructureDefinition/ig-internal-dependency","valueCode":"hl7.fhir.uv.tools.r4#0.5.0"},{"extension":[{"url":"code","valueCode":"copyrightyear"},{"url":"value","valueString":"2023+"}],"url":"http://hl7.org/fhir/tools/StructureDefinition/ig-parameter"},{"extension":[{"url":"code","valueCode":"releaselabel"},{"url":"value","valueString":"ci-build"}],"url":"http://hl7.org/fhir/tools/StructureDefinition/ig-parameter"},{"extension":[{"url":"code","valueCode":"autoload-resources"},{"url":"value","valueString":"true"}],"url":"http://hl7.org/fhir/tools/StructureDefinition/ig-parameter"},{"extension":[{"url":"code","valueCode":"path-liquid"},{"url":"value","valueString":"template/liquid"}],"url":"http://hl7.org/fhir/tools/StructureDefinition/ig-parameter"},{"extension":[{"url":"code","valueCode":"path-liquid"},{"url":"value","valueString":"input/liquid"}],"url":"http://hl7.org/fhir/tools/StructureDefinition/ig-parameter"},{"extension":[{"url":"code","valueCode":"path-qa"},{"url":"value","valueString":"temp/qa"}],"url":"http://hl7.org/fhir/tools/StructureDefinition/ig-parameter"},{"extension":[{"url":"code","valueCode":"path-temp"},{"url":"value","valueString":"temp/pages"}],"url":"http://hl7.org/fhir/tools/StructureDefinition/ig-parameter"},{"extension":[{"url":"code","valueCode":"path-output"},{"url":"value","valueString":"output"}],"url":"http://hl7.org/fhir/tools/StructureDefinition/ig-parameter"},{"extension":[{"url":"code","valueCode":"path-suppressed-warnings"},{"url":"value","valueString":"input/ignoreWarnings.txt"}],"url":"http://hl7.org/fhir/tools/StructureDefinition/ig-parameter"},{"extension":[{"url":"code","valueCode":"path-history"},{"url":"value","valueString":"https://etatunghpa.com/history.html"}],"url":"http://hl7.org/fhir/tools/StructureDefinition/ig-parameter"},{"extension":[{"url":"code","valueCode":"template-html"},{"url":"value","valueString":"template-page.html"}],"url":"http://hl7.org/fhir/tools/StructureDefinition/ig-parameter"},{"extension":[{"url":"code","valueCode":"template-md"},{"url":"value","valueString":"template-page-md.html"}],"url":"http://hl7.org/fhir/tools/StructureDefinition/ig-parameter"},{"extension":[{"url":"code","valueCode":"apply-contact"},{"url":"value","valueString":"true"}],"url":"http://hl7.org/fhir/tools/StructureDefinition/ig-parameter"},{"extension":[{"url":"code","valueCode":"apply-context"},{"url":"value","valueString":"true"}],"url":"http://hl7.org/fhir/tools/StructureDefinition/ig-parameter"},{"extension":[{"url":"code","valueCode":"apply-copyright"},{"url":"value","valueString":"true"}],"url":"http://hl7.org/fhir/tools/StructureDefinition/ig-parameter"},{"extension":[{"url":"code","valueCode":"apply-jurisdiction"},{"url":"value","valueString":"true"}],"url":"http://hl7.org/fhir/tools/StructureDefinition/ig-parameter"},{"extension":[{"url":"code","valueCode":"apply-license"},{"url":"value","valueString":"true"}],"url":"http://hl7.org/fhir/tools/StructureDefinition/ig-parameter"},{"extension":[{"url":"code","valueCode":"apply-publisher"},{"url":"value","valueString":"true"}],"url":"http://hl7.org/fhir/tools/StructureDefinition/ig-parameter"},{"extension":[{"url":"code","valueCode":"apply-version"},{"url":"value","valueString":"true"}],"url":"http://hl7.org/fhir/tools/StructureDefinition/ig-parameter"},{"extension":[{"url":"code","valueCode":"apply-wg"},{"url":"value","valueString":"true"}],"url":"http://hl7.org/fhir/tools/StructureDefinition/ig-parameter"},{"extension":[{"url":"code","valueCode":"active-tables"},{"url":"value","valueString":"true"}],"url":"http://hl7.org/fhir/tools/StructureDefinition/ig-parameter"},{"extension":[{"url":"code","valueCode":"fmm-definition"},{"url":"value","valueString":"http://hl7.org/fhir/versions.html#maturity"}],"url":"http://hl7.org/fhir/tools/StructureDefinition/ig-parameter"},{"extension":[{"url":"code","valueCode":"propagate-status"},{"url":"value","valueString":"true"}],"url":"http://hl7.org/fhir/tools/StructureDefinition/ig-parameter"},{"extension":[{"url":"code","valueCode":"excludelogbinaryformat"},{"url":"value","valueString":"true"}],"url":"http://hl7.org/fhir/tools/StructureDefinition/ig-parameter"},{"extension":[{"url":"code","valueCode":"tabbed-snapshots"},{"url":"value","valueString":"true"}],"url":"http://hl7.org/fhir/tools/StructureDefinition/ig-parameter"},{"extension":[{"url":"code","valueCode":"copyrightyear"},{"url":"value","valueString":"2023+"}],"url":"http://hl7.org/fhir/tools/StructureDefinition/ig-parameter"},{"extension":[{"url":"code","valueCode":"releaselabel"},{"url":"value","valueString":"ci-build"}],"url":"http://hl7.org/fhir/tools/StructureDefinition/ig-parameter"},{"extension":[{"url":"code","valueCode":"autoload-resources"},{"url":"value","valueString":"true"}],"url":"http://hl7.org/fhir/tools/StructureDefinition/ig-parameter"},{"extension":[{"url":"code","valueCode":"path-liquid"},{"url":"value","valueString":"template/liquid"}],"url":"http://hl7.org/fhir/tools/StructureDefinition/ig-parameter"},{"extension":[{"url":"code","valueCode":"path-liquid"},{"url":"value","valueString":"input/liquid"}],"url":"http://hl7.org/fhir/tools/StructureDefinition/ig-parameter"},{"extension":[{"url":"code","valueCode":"path-qa"},{"url":"value","valueString":"temp/qa"}],"url":"http://hl7.org/fhir/tools/StructureDefinition/ig-parameter"},{"extension":[{"url":"code","valueCode":"path-temp"},{"url":"value","valueString":"temp/pages"}],"url":"http://hl7.org/fhir/tools/StructureDefinition/ig-parameter"},{"extension":[{"url":"code","valueCode":"path-output"},{"url":"value","valueString":"output"}],"url":"http://hl7.org/fhir/tools/StructureDefinition/ig-parameter"},{"extension":[{"url":"code","valueCode":"path-suppressed-warnings"},{"url":"value","valueString":"input/ignoreWarnings.txt"}],"url":"http://hl7.org/fhir/tools/StructureDefinition/ig-parameter"},{"extension":[{"url":"code","valueCode":"path-history"},{"url":"value","valueString":"https://etatunghpa.com/history.html"}],"url":"http://hl7.org/fhir/tools/StructureDefinition/ig-parameter"},{"extension":[{"url":"code","valueCode":"template-html"},{"url":"value","valueString":"template-page.html"}],"url":"http://hl7.org/fhir/tools/StructureDefinition/ig-parameter"},{"extension":[{"url":"code","valueCode":"template-md"},{"url":"value","valueString":"template-page-md.html"}],"url":"http://hl7.org/fhir/tools/StructureDefinition/ig-parameter"},{"extension":[{"url":"code","valueCode":"apply-contact"},{"url":"value","valueString":"true"}],"url":"http://hl7.org/fhir/tools/StructureDefinition/ig-parameter"},{"extension":[{"url":"code","valueCode":"apply-context"},{"url":"value","valueString":"true"}],"url":"http://hl7.org/fhir/tools/StructureDefinition/ig-parameter"},{"extension":[{"url":"code","valueCode":"apply-copyright"},{"url":"value","valueString":"true"}],"url":"http://hl7.org/fhir/tools/StructureDefinition/ig-parameter"},{"extension":[{"url":"code","valueCode":"apply-jurisdiction"},{"url":"value","valueString":"true"}],"url":"http://hl7.org/fhir/tools/StructureDefinition/ig-parameter"},{"extension":[{"url":"code","valueCode":"apply-license"},{"url":"value","valueString":"true"}],"url":"http://hl7.org/fhir/tools/StructureDefinition/ig-parameter"},{"extension":[{"url":"code","valueCode":"apply-publisher"},{"url":"value","valueString":"true"}],"url":"http://hl7.org/fhir/tools/StructureDefinition/ig-parameter"},{"extension":[{"url":"code","valueCode":"apply-version"},{"url":"value","valueString":"true"}],"url":"http://hl7.org/fhir/tools/StructureDefinition/ig-parameter"},{"extension":[{"url":"code","valueCode":"apply-wg"},{"url":"value","valueString":"true"}],"url":"http://hl7.org/fhir/tools/StructureDefinition/ig-parameter"},{"extension":[{"url":"code","valueCode":"active-tables"},{"url":"value","valueString":"true"}],"url":"http://hl7.org/fhir/tools/StructureDefinition/ig-parameter"},{"extension":[{"url":"code","valueCode":"fmm-definition"},{"url":"value","valueString":"http://hl7.org/fhir/versions.html#maturity"}],"url":"http://hl7.org/fhir/tools/StructureDefinition/ig-parameter"},{"extension":[{"url":"code","valueCode":"propagate-status"},{"url":"value","valueString":"true"}],"url":"http://hl7.org/fhir/tools/StructureDefinition/ig-parameter"},{"extension":[{"url":"code","valueCode":"excludelogbinaryformat"},{"url":"value","valueString":"true"}],"url":"http://hl7.org/fhir/tools/StructureDefinition/ig-parameter"},{"extension":[{"url":"code","valueCode":"tabbed-snapshots"},{"url":"value","valueString":"true"}],"url":"http://hl7.org/fhir/tools/StructureDefinition/ig-parameter"}],"grouping":[{"id":"-dyn-capabilitystatement","name":"Behavior: Capability Statements","description":"The following artifacts define the specific capabilities that different types of systems are expected to have in order to comply with this implementation guide.  Systems conforming to this implementation guide are expected to declare conformance to one or more of the following capability statements."},{"id":"-str-logicalmodel","name":"Structures: Logical Models","description":"These define data models that represent the domain covered by this implementation guide in more business-friendly terms than the underlying FHIR resources."},{"id":"-str-profile","name":"Structures: Resource Profiles","description":"These define constraints on FHIR resources for systems conforming to this implementation guide."},{"id":"-term-valueset","name":"Terminology: Value Sets","description":"These define sets of codes used by systems conforming to this implementation guide."},{"id":"-ex-example","name":"Example: Example Instances","description":"These are example instances that show what data produced and consumed by systems conforming with this implementation guide might look like."}],"resource":[{"extension":[{"url":"http://hl7.org/fhir/tools/StructureDefinition/resource-sort","valueInteger":999999999},{"url":"http://hl7.org/fhir/StructureDefinition/implementationguide-page","valueUri":"CapabilityStatement-CapabilityStatementHPAServer.html"}],"reference":{"reference":"CapabilityStatement/CapabilityStatementHPAServer"},"name":"成人預防保健-伺服端（TW Core Server）","description":"成人預防保健實作指引(HPA IG)伺服端(Server)之能力聲明","exampleBoolean":false,"groupingId":"-dyn-capabilitystatement"},{"extension":[{"url":"http://hl7.org/fhir/tools/StructureDefinition/resource-sort","valueInteger":999999999},{"url":"http://hl7.org/fhir/StructureDefinition/implementationguide-page","valueUri":"StructureDefinition-HPA-Model.html"}],"reference":{"reference":"StructureDefinition/HPA-Model"},"name":"成人預防保健(HPA)之資料模型","description":"成人預防保健(HPA)之資料模型(Logical Model)","exampleBoolean":false,"groupingId":"-str-logicalmodel"},{"extension":[{"url":"http://hl7.org/fhir/tools/StructureDefinition/resource-sort","valueInteger":999999999},{"url":"http://hl7.org/fhir/StructureDefinition/implementationguide-page","valueUri":"StructureDefinition-ObservationHealthBehavior-HPA.html"}],"reference":{"reference":"StructureDefinition/ObservationHealthBehavior-HPA"},"name":"成人預防保健-健康行為","description":"此Profile用於紀錄成人預防保健中健康行為區塊資訊，包含喝酒、嚼檳榔、運動，與曾於成人預防保健服務時接受過 B、C 型肝炎檢查之項目。(特別注意: 不包含吸菸，吸菸將直接使用臺灣核心-吸菸狀態（TW Core Smoking Status Observation）)","exampleBoolean":false,"groupingId":"-str-profile"},{"extension":[{"url":"http://hl7.org/fhir/tools/StructureDefinition/resource-sort","valueInteger":999999999},{"url":"http://hl7.org/fhir/StructureDefinition/implementationguide-page","valueUri":"StructureDefinition-ObservationSmokingStatus-HPA.html"}],"reference":{"reference":"StructureDefinition/ObservationSmokingStatus-HPA"},"name":"成人預防保健-健康行為-吸菸","description":"此Profile繼承於臺灣核心-吸菸狀態（TW Core Smoking Status Observation），用於紀錄成人預防保健中健康行為區塊資訊之吸菸狀況。","exampleBoolean":false,"groupingId":"-str-profile"},{"extension":[{"url":"http://hl7.org/fhir/tools/StructureDefinition/resource-sort","valueInteger":999999999},{"url":"http://hl7.org/fhir/StructureDefinition/implementationguide-page","valueUri":"StructureDefinition-ObservationHealthConsultation-HPA.html"}],"reference":{"reference":"StructureDefinition/ObservationHealthConsultation-HPA"},"name":"成人預防保健-健康諮詢","description":"此Profile用於紀錄成人預防保健中健康諮詢區塊資訊，包含健康諮詢：戒菸、健康諮詢：節酒、健康諮詢：戒檳榔、健康諮詢：規律運動、健康諮詢：維持正常體重、健康諮詢：健康飲食、健康諮詢：事故傷害預防、健康諮詢：口腔保健、健康諮詢：腎病識能衛教指導、健康諮詢：慢性疾病風險評估(1140101新增)。","exampleBoolean":false,"groupingId":"-str-profile"},{"extension":[{"url":"http://hl7.org/fhir/tools/StructureDefinition/resource-sort","valueInteger":999999999},{"url":"http://hl7.org/fhir/StructureDefinition/implementationguide-page","valueUri":"StructureDefinition-Patient-HPA.html"}],"reference":{"reference":"StructureDefinition/Patient-HPA"},"name":"成人預防保健-受檢民眾基本資料","description":"此Profile繼承於臺灣核心-病人(TW Core Patient)，用於紀錄成人預防保健服務檢查紀錄受檢民眾資訊。","exampleBoolean":false,"groupingId":"-str-profile"},{"extension":[{"url":"http://hl7.org/fhir/tools/StructureDefinition/resource-sort","valueInteger":999999999},{"url":"http://hl7.org/fhir/StructureDefinition/implementationguide-page","valueUri":"StructureDefinition-Condition-HPA.html"}],"reference":{"reference":"StructureDefinition/Condition-HPA"},"name":"成人預防保健-受檢民眾疾病史","description":"此Profile繼承於臺灣核心-病情、問題或診斷（TW Core Condition），用於紀錄成人預防保健服務檢查紀錄疾病史資訊，包含高血壓、糖尿病、高血脂症、心臟病、腦中風、腎臟病。","exampleBoolean":false,"groupingId":"-str-profile"},{"extension":[{"url":"http://hl7.org/fhir/tools/StructureDefinition/resource-sort","valueInteger":999999999},{"url":"http://hl7.org/fhir/StructureDefinition/implementationguide-page","valueUri":"StructureDefinition-ObservationLab-HPA.html"}],"reference":{"reference":"StructureDefinition/ObservationLab-HPA"},"name":"成人預防保健-實驗室檢查","description":"此Profile繼承於臺灣核心-實驗室檢驗檢查（TW Core Observation Laboratory Result），用於紀錄成人預防保健實驗室檢查區塊，包含尿液蛋白質、總膽固醇、三酸甘油脂、低密度脂蛋白膽固醇、高密度脂蛋白膽固醇、GOT、GPT、肌酸酐、腎絲球過濾率（eGFR）、B 型肝炎表面抗原（HBsAg）、C 型肝炎抗體（Anti-HCV）、尿酸(114.1.1 更新)。","exampleBoolean":false,"groupingId":"-str-profile"},{"extension":[{"url":"http://hl7.org/fhir/tools/StructureDefinition/resource-sort","valueInteger":999999999},{"url":"http://hl7.org/fhir/StructureDefinition/implementationguide-page","valueUri":"StructureDefinition-Encounter-HPA.html"}],"reference":{"reference":"StructureDefinition/Encounter-HPA"},"name":"成人預防保健-就醫紀錄","description":"此Profile繼承於臺灣核心-就醫事件（TW Core Encounter），用於紀錄成人預防保健服務檢查紀錄第一階段檢查日期與第二階段檢查日期。","exampleBoolean":false,"groupingId":"-str-profile"},{"extension":[{"url":"http://hl7.org/fhir/tools/StructureDefinition/resource-sort","valueInteger":999999999},{"url":"http://hl7.org/fhir/StructureDefinition/implementationguide-page","valueUri":"StructureDefinition-RiskAssessment-HPA.html"}],"reference":{"reference":"StructureDefinition/RiskAssessment-HPA"},"name":"成人預防保健-慢性疾病風險","description":"此Profile用於紀錄成人預防保健慢性疾病風險資訊(114.1.1新增)。","exampleBoolean":false,"groupingId":"-str-profile"},{"extension":[{"url":"http://hl7.org/fhir/tools/StructureDefinition/resource-sort","valueInteger":999999999},{"url":"http://hl7.org/fhir/StructureDefinition/implementationguide-page","valueUri":"StructureDefinition-ObservationDepression-HPA.html"}],"reference":{"reference":"StructureDefinition/ObservationDepression-HPA"},"name":"成人預防保健-憂鬱檢測","description":"此Profile用於紀錄成人預防保健服務檢查紀錄憂鬱檢測","exampleBoolean":false,"groupingId":"-str-profile"},{"extension":[{"url":"http://hl7.org/fhir/tools/StructureDefinition/resource-sort","valueInteger":999999999},{"url":"http://hl7.org/fhir/StructureDefinition/implementationguide-page","valueUri":"StructureDefinition-Practitioner-HPA.html"}],"reference":{"reference":"StructureDefinition/Practitioner-HPA"},"name":"成人預防保健-服務診治醫師","description":"此Profile繼承於臺灣核心-健康照護服務提供者（TW Core Practitioner），用於紀錄成人預防保健兩階段服務診治醫師代號資訊。","exampleBoolean":false,"groupingId":"-str-profile"},{"extension":[{"url":"http://hl7.org/fhir/tools/StructureDefinition/resource-sort","valueInteger":999999999},{"url":"http://hl7.org/fhir/StructureDefinition/implementationguide-page","valueUri":"StructureDefinition-DiagnosticReport-HPA.html"}],"reference":{"reference":"StructureDefinition/DiagnosticReport-HPA"},"name":"成人預防保健-檢查結果與建議","description":"此Profile繼承於臺灣核心-診斷報告（TW Core DiagnosticReport），用於紀錄成人預防保健檢查結果與建議資訊","exampleBoolean":false,"groupingId":"-str-profile"},{"extension":[{"url":"http://hl7.org/fhir/tools/StructureDefinition/resource-sort","valueInteger":999999999},{"url":"http://hl7.org/fhir/StructureDefinition/implementationguide-page","valueUri":"StructureDefinition-ObservationKidneyStage-HPA.html"}],"reference":{"reference":"StructureDefinition/ObservationKidneyStage-HPA"},"name":"成人預防保健-腎功能檢查期別","description":"此Profile用於紀錄成人預防保健腎功能檢查期別(1140101新增)。","exampleBoolean":false,"groupingId":"-str-profile"},{"extension":[{"url":"http://hl7.org/fhir/tools/StructureDefinition/resource-sort","valueInteger":999999999},{"url":"http://hl7.org/fhir/StructureDefinition/implementationguide-page","valueUri":"StructureDefinition-ObservationWaist-HPA.html"}],"reference":{"reference":"StructureDefinition/ObservationWaist-HPA"},"name":"成人預防保健-身體檢查-腰圍","description":"此Profile用於紀錄成人預防保健中腰圍資訊。","exampleBoolean":false,"groupingId":"-str-profile"},{"extension":[{"url":"http://hl7.org/fhir/tools/StructureDefinition/resource-sort","valueInteger":999999999},{"url":"http://hl7.org/fhir/StructureDefinition/implementationguide-page","valueUri":"StructureDefinition-ObservationPressure-HPA.html"}],"reference":{"reference":"StructureDefinition/ObservationPressure-HPA"},"name":"成人預防保健-身體檢查-血壓","description":"此Profile繼承於臺灣核心-血壓（TW Core Observation Blood Pressure），用於紀錄成人預防保健中血壓(舒張壓、收縮壓)資訊。","exampleBoolean":false,"groupingId":"-str-profile"},{"extension":[{"url":"http://hl7.org/fhir/tools/StructureDefinition/resource-sort","valueInteger":999999999},{"url":"http://hl7.org/fhir/StructureDefinition/implementationguide-page","valueUri":"StructureDefinition-ObservationBMI-HPA.html"}],"reference":{"reference":"StructureDefinition/ObservationBMI-HPA"},"name":"成人預防保健-身體檢查-身體質量指數(BMI)","description":"此Profile繼承於臺灣核心-身體質量指數（TW Core Observation BMI） ，用於紀錄成人預防保健中身體質量指數(BMI)資訊。","exampleBoolean":false,"groupingId":"-str-profile"},{"extension":[{"url":"http://hl7.org/fhir/tools/StructureDefinition/resource-sort","valueInteger":999999999},{"url":"http://hl7.org/fhir/StructureDefinition/implementationguide-page","valueUri":"StructureDefinition-ObservationHeight-HPA.html"}],"reference":{"reference":"StructureDefinition/ObservationHeight-HPA"},"name":"成人預防保健-身體檢查-身高","description":"此Profile繼承於臺灣核心-身高（TW Core Observation Body Height），用於紀錄成人預防保健中身高資訊。","exampleBoolean":false,"groupingId":"-str-profile"},{"extension":[{"url":"http://hl7.org/fhir/tools/StructureDefinition/resource-sort","valueInteger":999999999},{"url":"http://hl7.org/fhir/StructureDefinition/implementationguide-page","valueUri":"StructureDefinition-ObservationWeight-HPA.html"}],"reference":{"reference":"StructureDefinition/ObservationWeight-HPA"},"name":"成人預防保健-身體檢查-體重","description":"此Profile繼承於臺灣核心-體重（TW Core Observation Body Weight） ，用於紀錄成人預防保健中體重資訊。","exampleBoolean":false,"groupingId":"-str-profile"},{"extension":[{"url":"http://hl7.org/fhir/tools/StructureDefinition/resource-sort","valueInteger":999999999},{"url":"http://hl7.org/fhir/StructureDefinition/implementationguide-page","valueUri":"StructureDefinition-Organization-HPA.html"}],"reference":{"reference":"StructureDefinition/Organization-HPA"},"name":"成人預防保健-醫事機構資訊","description":"此Profile繼承於臺灣核心-醫事機構（TW Core Organization Hospital Department），用於紀錄成人預防保健服務檢查紀錄醫事機構與委託代檢醫事檢驗機構之機構資訊。","exampleBoolean":false,"groupingId":"-str-profile"},{"extension":[{"url":"http://hl7.org/fhir/tools/StructureDefinition/resource-sort","valueInteger":999999999},{"url":"http://hl7.org/fhir/StructureDefinition/implementationguide-page","valueUri":"ValueSet-snomed-health-behavior-code.html"}],"reference":{"reference":"ValueSet/snomed-health-behavior-code"},"name":"成人預防保健健康行為SNOMED Health Behavior代碼集值","description":"成人預防保健健康行為SNOMED Health Behavior代碼集值。代碼更新日期：2025-04-18。","exampleBoolean":false,"groupingId":"-term-valueset"},{"extension":[{"url":"http://hl7.org/fhir/tools/StructureDefinition/resource-sort","valueInteger":999999999},{"url":"http://hl7.org/fhir/StructureDefinition/implementationguide-page","valueUri":"ValueSet-snomed-health-consultation-code.html"}],"reference":{"reference":"ValueSet/snomed-health-consultation-code"},"name":"成人預防保健健康諮詢SNOMED Health Consultation代碼集值","description":"成人預防保健健康行為SNOMED Health Consultation代碼集值。代碼更新日期：2025-04-18。","exampleBoolean":false,"groupingId":"-term-valueset"},{"extension":[{"url":"http://hl7.org/fhir/tools/StructureDefinition/resource-sort","valueInteger":999999999},{"url":"http://hl7.org/fhir/StructureDefinition/implementationguide-page","valueUri":"ValueSet-snomed-risk-assessment-code.html"}],"reference":{"reference":"ValueSet/snomed-risk-assessment-code"},"name":"成人預防保健慢性疾病風險SNOMED Risk Assessment代碼集值","description":"成人預防保健慢性疾病風險SNOMED Risk Assessment代碼集值。代碼更新日期：2025-04-18。","exampleBoolean":false,"groupingId":"-term-valueset"},{"extension":[{"url":"http://hl7.org/fhir/tools/StructureDefinition/resource-sort","valueInteger":999999999},{"url":"http://hl7.org/fhir/StructureDefinition/implementationguide-page","valueUri":"ValueSet-loinc-diagnostic-code.html"}],"reference":{"reference":"ValueSet/loinc-diagnostic-code"},"name":"成人預防保健檢查結果與建議Loinc Diagnostic代碼集值","description":"成人預防保健檢查結果與建議Loinc Diagnostic代碼集值。代碼更新日期：2025-04-18。","exampleBoolean":false,"groupingId":"-term-valueset"},{"extension":[{"url":"http://hl7.org/fhir/tools/StructureDefinition/resource-sort","valueInteger":999999999},{"url":"http://hl7.org/fhir/StructureDefinition/implementationguide-page","valueUri":"ValueSet-snomed-medical-history-code.html"}],"reference":{"reference":"ValueSet/snomed-medical-history-code"},"name":"成人預防保健疾病史SNOMED Medical History代碼集值","description":"成人預防保健疾病史SNOMED Medical History代碼集值。代碼更新日期：2025-04-18。","exampleBoolean":false,"groupingId":"-term-valueset"},{"extension":[{"url":"http://hl7.org/fhir/tools/StructureDefinition/resource-sort","valueInteger":999999999},{"url":"http://hl7.org/fhir/StructureDefinition/implementationguide-page","valueUri":"Condition-condition-example.html"}],"reference":{"reference":"Condition/condition-example"},"name":"condition-example","description":"成人預防保健疾病史-高血壓範例","exampleCanonical":"https://etatunghpa.com/StructureDefinition/Condition-HPA","groupingId":"-ex-example"},{"extension":[{"url":"http://hl7.org/fhir/tools/StructureDefinition/resource-sort","valueInteger":999999999},{"url":"http://hl7.org/fhir/StructureDefinition/implementationguide-page","valueUri":"DiagnosticReport-diagnosticreport-bloodpressure-example.html"}],"reference":{"reference":"DiagnosticReport/diagnosticreport-bloodpressure-example"},"name":"diagnosticreport-bloodpressure-example","description":"成人預防保血壓檢查結果與建議範例","exampleCanonical":"https://etatunghpa.com/StructureDefinition/DiagnosticReport-HPA","groupingId":"-ex-example"},{"extension":[{"url":"http://hl7.org/fhir/tools/StructureDefinition/resource-sort","valueInteger":999999999},{"url":"http://hl7.org/fhir/StructureDefinition/implementationguide-page","valueUri":"Encounter-encounter-example.html"}],"reference":{"reference":"Encounter/encounter-example"},"name":"encounter-example","description":"成人預防保健就醫紀錄範例","exampleCanonical":"https://etatunghpa.com/StructureDefinition/Encounter-HPA","groupingId":"-ex-example"},{"extension":[{"url":"http://hl7.org/fhir/tools/StructureDefinition/resource-sort","valueInteger":999999999},{"url":"http://hl7.org/fhir/StructureDefinition/implementationguide-page","valueUri":"Observation-observation-bmi-example.html"}],"reference":{"reference":"Observation/observation-bmi-example"},"name":"observation-bmi-example","description":"成人預防保健身體質量指數(BMI)紀錄範例","exampleCanonical":"https://etatunghpa.com/StructureDefinition/ObservationBMI-HPA","groupingId":"-ex-example"},{"extension":[{"url":"http://hl7.org/fhir/tools/StructureDefinition/resource-sort","valueInteger":999999999},{"url":"http://hl7.org/fhir/StructureDefinition/implementationguide-page","valueUri":"Observation-observation-checkbc-example.html"}],"reference":{"reference":"Observation/observation-checkbc-example"},"name":"observation-checkbc-example","description":"成人預防保健健康行為接受過B、C 型肝炎檢查範例","exampleCanonical":"https://etatunghpa.com/StructureDefinition/ObservationHealthBehavior-HPA","groupingId":"-ex-example"},{"extension":[{"url":"http://hl7.org/fhir/tools/StructureDefinition/resource-sort","valueInteger":999999999},{"url":"http://hl7.org/fhir/StructureDefinition/implementationguide-page","valueUri":"Observation-observation-consult-smoke-example.html"}],"reference":{"reference":"Observation/observation-consult-smoke-example"},"name":"observation-consult-smoke-example","description":"成人預防保健健康行為戒菸諮詢範例","exampleCanonical":"https://etatunghpa.com/StructureDefinition/ObservationHealthConsultation-HPA","groupingId":"-ex-example"},{"extension":[{"url":"http://hl7.org/fhir/tools/StructureDefinition/resource-sort","valueInteger":999999999},{"url":"http://hl7.org/fhir/StructureDefinition/implementationguide-page","valueUri":"Observation-observation-depress-example.html"}],"reference":{"reference":"Observation/observation-depress-example"},"name":"observation-depress-example","description":"成人預防保健-憂鬱檢測範例","exampleCanonical":"https://etatunghpa.com/StructureDefinition/ObservationDepression-HPA","groupingId":"-ex-example"},{"extension":[{"url":"http://hl7.org/fhir/tools/StructureDefinition/resource-sort","valueInteger":999999999},{"url":"http://hl7.org/fhir/StructureDefinition/implementationguide-page","valueUri":"Observation-observation-height-example.html"}],"reference":{"reference":"Observation/observation-height-example"},"name":"observation-height-example","exampleCanonical":"https://etatunghpa.com/StructureDefinition/ObservationHeight-HPA","groupingId":"-ex-example"},{"extension":[{"url":"http://hl7.org/fhir/tools/StructureDefinition/resource-sort","valueInteger":999999999},{"url":"http://hl7.org/fhir/StructureDefinition/implementationguide-page","valueUri":"Observation-observation-kidneystage-example.html"}],"reference":{"reference":"Observation/observation-kidneystage-example"},"name":"observation-kidneystage-example","description":"成人預防保健腎功能檢查期別範例","exampleCanonical":"https://etatunghpa.com/StructureDefinition/ObservationKidneyStage-HPA","groupingId":"-ex-example"},{"extension":[{"url":"http://hl7.org/fhir/tools/StructureDefinition/resource-sort","valueInteger":999999999},{"url":"http://hl7.org/fhir/StructureDefinition/implementationguide-page","valueUri":"Observation-observation-lab-hepatitisb-example.html"}],"reference":{"reference":"Observation/observation-lab-hepatitisb-example"},"name":"observation-lab-hepatitisb-example","description":"成人預防保健檢驗資訊範例-B型肝炎表面抗原","exampleCanonical":"https://etatunghpa.com/StructureDefinition/ObservationLab-HPA","groupingId":"-ex-example"},{"extension":[{"url":"http://hl7.org/fhir/tools/StructureDefinition/resource-sort","valueInteger":999999999},{"url":"http://hl7.org/fhir/StructureDefinition/implementationguide-page","valueUri":"Observation-observation-lab-protein-example.html"}],"reference":{"reference":"Observation/observation-lab-protein-example"},"name":"observation-lab-protein-example","description":"成人預防保健實驗室檢查尿蛋白","exampleCanonical":"https://etatunghpa.com/StructureDefinition/ObservationLab-HPA","groupingId":"-ex-example"},{"extension":[{"url":"http://hl7.org/fhir/tools/StructureDefinition/resource-sort","valueInteger":999999999},{"url":"http://hl7.org/fhir/StructureDefinition/implementationguide-page","valueUri":"Observation-observation-nut-example.html"}],"reference":{"reference":"Observation/observation-nut-example"},"name":"observation-nut-example","description":"成人預防保健健康行為嚼檳榔範例","exampleCanonical":"https://etatunghpa.com/StructureDefinition/ObservationHealthBehavior-HPA","groupingId":"-ex-example"},{"extension":[{"url":"http://hl7.org/fhir/tools/StructureDefinition/resource-sort","valueInteger":999999999},{"url":"http://hl7.org/fhir/StructureDefinition/implementationguide-page","valueUri":"Observation-observation-pressure-example.html"}],"reference":{"reference":"Observation/observation-pressure-example"},"name":"observation-pressure-example","description":"成人預防保健血壓紀錄範例","exampleCanonical":"https://etatunghpa.com/StructureDefinition/ObservationPressure-HPA","groupingId":"-ex-example"},{"extension":[{"url":"http://hl7.org/fhir/tools/StructureDefinition/resource-sort","valueInteger":999999999},{"url":"http://hl7.org/fhir/StructureDefinition/implementationguide-page","valueUri":"Observation-observation-smokingstatus-example.html"}],"reference":{"reference":"Observation/observation-smokingstatus-example"},"name":"observation-smokingstatus-example","exampleCanonical":"https://etatunghpa.com/StructureDefinition/ObservationSmokingStatus-HPA","groupingId":"-ex-example"},{"extension":[{"url":"http://hl7.org/fhir/tools/StructureDefinition/resource-sort","valueInteger":999999999},{"url":"http://hl7.org/fhir/StructureDefinition/implementationguide-page","valueUri":"Observation-observation-waist-example.html"}],"reference":{"reference":"Observation/observation-waist-example"},"name":"observation-waist-example","description":"成人預防保健腰圍紀錄範例","exampleCanonical":"https://etatunghpa.com/StructureDefinition/ObservationWaist-HPA","groupingId":"-ex-example"},{"extension":[{"url":"http://hl7.org/fhir/tools/StructureDefinition/resource-sort","valueInteger":999999999},{"url":"http://hl7.org/fhir/StructureDefinition/implementationguide-page","valueUri":"Observation-observation-weight-example.html"}],"reference":{"reference":"Observation/observation-weight-example"},"name":"observation-weight-example","description":"成人預防保健體重紀錄範例","exampleCanonical":"https://etatunghpa.com/StructureDefinition/ObservationWeight-HPA","groupingId":"-ex-example"},{"extension":[{"url":"http://hl7.org/fhir/tools/StructureDefinition/resource-sort","valueInteger":999999999},{"url":"http://hl7.org/fhir/StructureDefinition/implementationguide-page","valueUri":"Organization-org-hosp-example.html"}],"reference":{"reference":"Organization/org-hosp-example"},"name":"org-hosp-example","description":"醫事機構範例","exampleBoolean":true,"groupingId":"-ex-example"},{"extension":[{"url":"http://hl7.org/fhir/tools/StructureDefinition/resource-sort","valueInteger":999999999},{"url":"http://hl7.org/fhir/StructureDefinition/implementationguide-page","valueUri":"Organization-org-test-example.html"}],"reference":{"reference":"Organization/org-test-example"},"name":"org-test-example","description":"委託代檢醫事檢驗機構範例","exampleBoolean":true,"groupingId":"-ex-example"},{"extension":[{"url":"http://hl7.org/fhir/tools/StructureDefinition/resource-sort","valueInteger":999999999},{"url":"http://hl7.org/fhir/StructureDefinition/implementationguide-page","valueUri":"Patient-patient-example.html"}],"reference":{"reference":"Patient/patient-example"},"name":"patient-example","description":"成人預防保健受檢民眾基本資料範例","exampleCanonical":"https://etatunghpa.com/StructureDefinition/Patient-HPA","groupingId":"-ex-example"},{"extension":[{"url":"http://hl7.org/fhir/tools/StructureDefinition/resource-sort","valueInteger":999999999},{"url":"http://hl7.org/fhir/StructureDefinition/implementationguide-page","valueUri":"Practitioner-practitioner-first-example.html"}],"reference":{"reference":"Practitioner/practitioner-first-example"},"name":"practitioner-first-example","description":"成人預防保健第一階段服務診治醫師範例","exampleCanonical":"https://etatunghpa.com/StructureDefinition/Practitioner-HPA","groupingId":"-ex-example"},{"extension":[{"url":"http://hl7.org/fhir/tools/StructureDefinition/resource-sort","valueInteger":999999999},{"url":"http://hl7.org/fhir/StructureDefinition/implementationguide-page","valueUri":"RiskAssessment-riskassessment-cad-example.html"}],"reference":{"reference":"RiskAssessment/riskassessment-cad-example"},"name":"riskassessment-cad-example","description":"成人預防保慢性疾病風險值:冠心病範例","exampleCanonical":"https://etatunghpa.com/StructureDefinition/RiskAssessment-HPA","groupingId":"-ex-example"}],"page":{"extension":[{"url":"http://hl7.org/fhir/tools/StructureDefinition/ig-page-name","valueUrl":"toc.html"}],"nameUrl":"toc.html","title":"Table of Contents","generation":"html","page":[{"extension":[{"url":"http://hl7.org/fhir/tools/StructureDefinition/ig-page-name","valueUrl":"index.html"}],"nameUrl":"index.html","title":"首頁","generation":"markdown"},{"extension":[{"url":"http://hl7.org/fhir/tools/StructureDefinition/ig-page-name","valueUrl":"profiles-and-extensions.html"}],"nameUrl":"profiles-and-extensions.html","title":"Profiles and Extensions","generation":"markdown"},{"extension":[{"url":"http://hl7.org/fhir/tools/StructureDefinition/ig-page-name","valueUrl":"logical-model.html"}],"nameUrl":"logical-model.html","title":"Logical Model","generation":"markdown"},{"extension":[{"url":"http://hl7.org/fhir/tools/StructureDefinition/ig-page-name","valueUrl":"capability-statements.html"}],"nameUrl":"capability-statements.html","title":"Capability Statements","generation":"markdown"},{"extension":[{"url":"http://hl7.org/fhir/tools/StructureDefinition/ig-page-name","valueUrl":"search-parameters-and-operations.html"}],"nameUrl":"search-parameters-and-operations.html","title":"Search Parameters and Operations","generation":"markdown"},{"extension":[{"url":"http://hl7.org/fhir/tools/StructureDefinition/ig-page-name","valueUrl":"terminology.html"}],"nameUrl":"terminology.html","title":"Terminology","generation":"markdown"},{"extension":[{"url":"http://hl7.org/fhir/tools/StructureDefinition/ig-page-name","valueUrl":"security.html"}],"nameUrl":"security.html","title":"安全性","generation":"markdown"},{"extension":[{"url":"http://hl7.org/fhir/tools/StructureDefinition/ig-page-name","valueUrl":"examples.html"}],"nameUrl":"examples.html","title":"範例","generation":"markdown"},{"extension":[{"url":"http://hl7.org/fhir/tools/StructureDefinition/ig-page-name","valueUrl":"downloads.html"}],"nameUrl":"downloads.html","title":"定義與範例檔下載","generation":"markdown"},{"extension":[{"url":"http://hl7.org/fhir/tools/StructureDefinition/ig-page-name","valueUrl":"history.html"}],"nameUrl":"history.html","title":"歷程","generation":"markdown"},{"extension":[{"url":"http://hl7.org/fhir/tools/StructureDefinition/ig-page-name","valueUrl":"vmodel.html"}],"nameUrl":"vmodel.html","title":"視覺化邏輯模型","generation":"markdown"},{"extension":[{"url":"http://hl7.org/fhir/tools/StructureDefinition/ig-page-name","valueUrl":"artifacts.html"}],"nameUrl":"artifacts.html","title":"Artifacts Summary","generation":"html","page":[{"extension":[{"url":"http://hl7.org/fhir/tools/StructureDefinition/ig-page-name","valueUrl":"CapabilityStatement-CapabilityStatementHPAServer.html"}],"nameUrl":"CapabilityStatement-CapabilityStatementHPAServer.html","title":"成人預防保健-伺服端（TW Core Server）","generation":"generated"},{"extension":[{"url":"http://hl7.org/fhir/tools/StructureDefinition/ig-page-name","valueUrl":"StructureDefinition-HPA-Model.html"}],"nameUrl":"StructureDefinition-HPA-Model.html","title":"成人預防保健(HPA)之資料模型","generation":"generated"},{"extension":[{"url":"http://hl7.org/fhir/tools/StructureDefinition/ig-page-name","valueUrl":"StructureDefinition-ObservationHealthBehavior-HPA.html"}],"nameUrl":"StructureDefinition-ObservationHealthBehavior-HPA.html","title":"成人預防保健-健康行為","generation":"generated"},{"extension":[{"url":"http://hl7.org/fhir/tools/StructureDefinition/ig-page-name","valueUrl":"StructureDefinition-ObservationSmokingStatus-HPA.html"}],"nameUrl":"StructureDefinition-ObservationSmokingStatus-HPA.html","title":"成人預防保健-健康行為-吸菸","generation":"generated"},{"extension":[{"url":"http://hl7.org/fhir/tools/StructureDefinition/ig-page-name","valueUrl":"StructureDefinition-ObservationHealthConsultation-HPA.html"}],"nameUrl":"StructureDefinition-ObservationHealthConsultation-HPA.html","title":"成人預防保健-健康諮詢","generation":"generated"},{"extension":[{"url":"http://hl7.org/fhir/tools/StructureDefinition/ig-page-name","valueUrl":"StructureDefinition-Patient-HPA.html"}],"nameUrl":"StructureDefinition-Patient-HPA.html","title":"成人預防保健-受檢民眾基本資料","generation":"generated"},{"extension":[{"url":"http://hl7.org/fhir/tools/StructureDefinition/ig-page-name","valueUrl":"StructureDefinition-Condition-HPA.html"}],"nameUrl":"StructureDefinition-Condition-HPA.html","title":"成人預防保健-受檢民眾疾病史","generation":"generated"},{"extension":[{"url":"http://hl7.org/fhir/tools/StructureDefinition/ig-page-name","valueUrl":"StructureDefinition-ObservationLab-HPA.html"}],"nameUrl":"StructureDefinition-ObservationLab-HPA.html","title":"成人預防保健-實驗室檢查","generation":"generated"},{"extension":[{"url":"http://hl7.org/fhir/tools/StructureDefinition/ig-page-name","valueUrl":"StructureDefinition-Encounter-HPA.html"}],"nameUrl":"StructureDefinition-Encounter-HPA.html","title":"成人預防保健-就醫紀錄","generation":"generated"},{"extension":[{"url":"http://hl7.org/fhir/tools/StructureDefinition/ig-page-name","valueUrl":"StructureDefinition-RiskAssessment-HPA.html"}],"nameUrl":"StructureDefinition-RiskAssessment-HPA.html","title":"成人預防保健-慢性疾病風險","generation":"generated"},{"extension":[{"url":"http://hl7.org/fhir/tools/StructureDefinition/ig-page-name","valueUrl":"StructureDefinition-ObservationDepression-HPA.html"}],"nameUrl":"StructureDefinition-ObservationDepression-HPA.html","title":"成人預防保健-憂鬱檢測","generation":"generated"},{"extension":[{"url":"http://hl7.org/fhir/tools/StructureDefinition/ig-page-name","valueUrl":"StructureDefinition-Practitioner-HPA.html"}],"nameUrl":"StructureDefinition-Practitioner-HPA.html","title":"成人預防保健-服務診治醫師","generation":"generated"},{"extension":[{"url":"http://hl7.org/fhir/tools/StructureDefinition/ig-page-name","valueUrl":"StructureDefinition-DiagnosticReport-HPA.html"}],"nameUrl":"StructureDefinition-DiagnosticReport-HPA.html","title":"成人預防保健-檢查結果與建議","generation":"generated"},{"extension":[{"url":"http://hl7.org/fhir/tools/StructureDefinition/ig-page-name","valueUrl":"StructureDefinition-ObservationKidneyStage-HPA.html"}],"nameUrl":"StructureDefinition-ObservationKidneyStage-HPA.html","title":"成人預防保健-腎功能檢查期別","generation":"generated"},{"extension":[{"url":"http://hl7.org/fhir/tools/StructureDefinition/ig-page-name","valueUrl":"StructureDefinition-ObservationWaist-HPA.html"}],"nameUrl":"StructureDefinition-ObservationWaist-HPA.html","title":"成人預防保健-身體檢查-腰圍","generation":"generated"},{"extension":[{"url":"http://hl7.org/fhir/tools/StructureDefinition/ig-page-name","valueUrl":"StructureDefinition-ObservationPressure-HPA.html"}],"nameUrl":"StructureDefinition-ObservationPressure-HPA.html","title":"成人預防保健-身體檢查-血壓","generation":"generated"},{"extension":[{"url":"http://hl7.org/fhir/tools/StructureDefinition/ig-page-name","valueUrl":"StructureDefinition-ObservationBMI-HPA.html"}],"nameUrl":"StructureDefinition-ObservationBMI-HPA.html","title":"成人預防保健-身體檢查-身體質量指數(BMI)","generation":"generated"},{"extension":[{"url":"http://hl7.org/fhir/tools/StructureDefinition/ig-page-name","valueUrl":"StructureDefinition-ObservationHeight-HPA.html"}],"nameUrl":"StructureDefinition-ObservationHeight-HPA.html","title":"成人預防保健-身體檢查-身高","generation":"generated"},{"extension":[{"url":"http://hl7.org/fhir/tools/StructureDefinition/ig-page-name","valueUrl":"StructureDefinition-ObservationWeight-HPA.html"}],"nameUrl":"StructureDefinition-ObservationWeight-HPA.html","title":"成人預防保健-身體檢查-體重","generation":"generated"},{"extension":[{"url":"http://hl7.org/fhir/tools/StructureDefinition/ig-page-name","valueUrl":"StructureDefinition-Organization-HPA.html"}],"nameUrl":"StructureDefinition-Organization-HPA.html","title":"成人預防保健-醫事機構資訊","generation":"generated"},{"extension":[{"url":"http://hl7.org/fhir/tools/StructureDefinition/ig-page-name","valueUrl":"ValueSet-snomed-health-behavior-code.html"}],"nameUrl":"ValueSet-snomed-health-behavior-code.html","title":"成人預防保健健康行為SNOMED Health Behavior代碼集值","generation":"generated"},{"extension":[{"url":"http://hl7.org/fhir/tools/StructureDefinition/ig-page-name","valueUrl":"ValueSet-snomed-health-consultation-code.html"}],"nameUrl":"ValueSet-snomed-health-consultation-code.html","title":"成人預防保健健康諮詢SNOMED Health Consultation代碼集值","generation":"generated"},{"extension":[{"url":"http://hl7.org/fhir/tools/StructureDefinition/ig-page-name","valueUrl":"ValueSet-snomed-risk-assessment-code.html"}],"nameUrl":"ValueSet-snomed-risk-assessment-code.html","title":"成人預防保健慢性疾病風險SNOMED Risk Assessment代碼集值","generation":"generated"},{"extension":[{"url":"http://hl7.org/fhir/tools/StructureDefinition/ig-page-name","valueUrl":"ValueSet-loinc-diagnostic-code.html"}],"nameUrl":"ValueSet-loinc-diagnostic-code.html","title":"成人預防保健檢查結果與建議Loinc Diagnostic代碼集值","generation":"generated"},{"extension":[{"url":"http://hl7.org/fhir/tools/StructureDefinition/ig-page-name","valueUrl":"ValueSet-snomed-medical-history-code.html"}],"nameUrl":"ValueSet-snomed-medical-history-code.html","title":"成人預防保健疾病史SNOMED Medical History代碼集值","generation":"generated"},{"extension":[{"url":"http://hl7.org/fhir/tools/StructureDefinition/ig-page-name","valueUrl":"Condition-condition-example.html"}],"nameUrl":"Condition-condition-example.html","title":"condition-example","generation":"generated"},{"extension":[{"url":"http://hl7.org/fhir/tools/StructureDefinition/ig-page-name","valueUrl":"DiagnosticReport-diagnosticreport-bloodpressure-example.html"}],"nameUrl":"DiagnosticReport-diagnosticreport-bloodpressure-example.html","title":"diagnosticreport-bloodpressure-example","generation":"generated"},{"extension":[{"url":"http://hl7.org/fhir/tools/StructureDefinition/ig-page-name","valueUrl":"Encounter-encounter-example.html"}],"nameUrl":"Encounter-encounter-example.html","title":"encounter-example","generation":"generated"},{"extension":[{"url":"http://hl7.org/fhir/tools/StructureDefinition/ig-page-name","valueUrl":"Observation-observation-bmi-example.html"}],"nameUrl":"Observation-observation-bmi-example.html","title":"observation-bmi-example","generation":"generated"},{"extension":[{"url":"http://hl7.org/fhir/tools/StructureDefinition/ig-page-name","valueUrl":"Observation-observation-checkbc-example.html"}],"nameUrl":"Observation-observation-checkbc-example.html","title":"observation-checkbc-example","generation":"generated"},{"extension":[{"url":"http://hl7.org/fhir/tools/StructureDefinition/ig-page-name","valueUrl":"Observation-observation-consult-smoke-example.html"}],"nameUrl":"Observation-observation-consult-smoke-example.html","title":"observation-consult-smoke-example","generation":"generated"},{"extension":[{"url":"http://hl7.org/fhir/tools/StructureDefinition/ig-page-name","valueUrl":"Observation-observation-depress-example.html"}],"nameUrl":"Observation-observation-depress-example.html","title":"observation-depress-example","generation":"generated"},{"extension":[{"url":"http://hl7.org/fhir/tools/StructureDefinition/ig-page-name","valueUrl":"Observation-observation-height-example.html"}],"nameUrl":"Observation-observation-height-example.html","title":"observation-height-example","generation":"generated"},{"extension":[{"url":"http://hl7.org/fhir/tools/StructureDefinition/ig-page-name","valueUrl":"Observation-observation-kidneystage-example.html"}],"nameUrl":"Observation-observation-kidneystage-example.html","title":"observation-kidneystage-example","generation":"generated"},{"extension":[{"url":"http://hl7.org/fhir/tools/StructureDefinition/ig-page-name","valueUrl":"Observation-observation-lab-hepatitisb-example.html"}],"nameUrl":"Observation-observation-lab-hepatitisb-example.html","title":"observation-lab-hepatitisb-example","generation":"generated"},{"extension":[{"url":"http://hl7.org/fhir/tools/StructureDefinition/ig-page-name","valueUrl":"Observation-observation-lab-protein-example.html"}],"nameUrl":"Observation-observation-lab-protein-example.html","title":"observation-lab-protein-example","generation":"generated"},{"extension":[{"url":"http://hl7.org/fhir/tools/StructureDefinition/ig-page-name","valueUrl":"Observation-observation-nut-example.html"}],"nameUrl":"Observation-observation-nut-example.html","title":"observation-nut-example","generation":"generated"},{"extension":[{"url":"http://hl7.org/fhir/tools/StructureDefinition/ig-page-name","valueUrl":"Observation-observation-pressure-example.html"}],"nameUrl":"Observation-observation-pressure-example.html","title":"observation-pressure-example","generation":"generated"},{"extension":[{"url":"http://hl7.org/fhir/tools/StructureDefinition/ig-page-name","valueUrl":"Observation-observation-smokingstatus-example.html"}],"nameUrl":"Observation-observation-smokingstatus-example.html","title":"observation-smokingstatus-example","generation":"generated"},{"extension":[{"url":"http://hl7.org/fhir/tools/StructureDefinition/ig-page-name","valueUrl":"Observation-observation-waist-example.html"}],"nameUrl":"Observation-observation-waist-example.html","title":"observation-waist-example","generation":"generated"},{"extension":[{"url":"http://hl7.org/fhir/tools/StructureDefinition/ig-page-name","valueUrl":"Observation-observation-weight-example.html"}],"nameUrl":"Observation-observation-weight-example.html","title":"observation-weight-example","generation":"generated"},{"extension":[{"url":"http://hl7.org/fhir/tools/StructureDefinition/ig-page-name","valueUrl":"Organization-org-hosp-example.html"}],"nameUrl":"Organization-org-hosp-example.html","title":"org-hosp-example","generation":"generated"},{"extension":[{"url":"http://hl7.org/fhir/tools/StructureDefinition/ig-page-name","valueUrl":"Organization-org-test-example.html"}],"nameUrl":"Organization-org-test-example.html","title":"org-test-example","generation":"generated"},{"extension":[{"url":"http://hl7.org/fhir/tools/StructureDefinition/ig-page-name","valueUrl":"Patient-patient-example.html"}],"nameUrl":"Patient-patient-example.html","title":"patient-example","generation":"generated"},{"extension":[{"url":"http://hl7.org/fhir/tools/StructureDefinition/ig-page-name","valueUrl":"Practitioner-practitioner-first-example.html"}],"nameUrl":"Practitioner-practitioner-first-example.html","title":"practitioner-first-example","generation":"generated"},{"extension":[{"url":"http://hl7.org/fhir/tools/StructureDefinition/ig-page-name","valueUrl":"RiskAssessment-riskassessment-cad-example.html"}],"nameUrl":"RiskAssessment-riskassessment-cad-example.html","title":"riskassessment-cad-example","generation":"generated"}]}]},"parameter":[{"code":"path-resource","value":"input/capabilities"},{"code":"path-resource","value":"input/examples"},{"code":"path-resource","value":"input/extensions"},{"code":"path-resource","value":"input/models"},{"code":"path-resource","value":"input/operations"},{"code":"path-resource","value":"input/profiles"},{"code":"path-resource","value":"input/resources"},{"code":"path-resource","value":"input/vocabulary"},{"code":"path-resource","value":"input/maps"},{"code":"path-resource","value":"input/testing"},{"code":"path-resource","value":"input/history"},{"code":"path-resource","value":"fsh-generated/resources"},{"code":"path-pages","value":"template/config"},{"code":"path-pages","value":"input/images"},{"code":"path-tx-cache","value":"input-cache/txcache"}]}}