{"resourceType":"ImplementationGuide","id":"tw.tsti.adultcheck","text":{"status":"extensions","div":"<div xmlns=\"http://www.w3.org/1999/xhtml\"><h2>AdultCheckIG</h2><p>The official URL for this implementation guide is: </p><pre>https://tstifhir.azurehealthcareapis.com/ImplementationGuide/tw.tsti.adultcheck</pre><div><p>成人預防保健實作指引(Adult Check IG)依據【國民健康署成人預防保健服務檢查單】與【國民健康署成人預防保健服務檢查紀錄結果表單資料電子檔申報格式】，採用HL7® FHIR® standard（Fast Healthcare Interoperability Resources）IG建置方法，在FHIR R4.0.1和臺灣核心實作指引(TW Core IG)0.1.1版本之標準基礎上，進一步定義適用於健康照護資料交換需求的Resources（類似資料表）、其中的資料項目（意即欄位）、基數（意即0..1、0..<em>、1..1或1..</em>）及資料類型（文字、日期時間、代碼等）等，旨在提供健康照護資訊系統開發與實作者以成人健檢實作指引為基礎，再進一步訂定其實務專案所需之資料交換格式以應用於專案中。</p>\n</div></div>"},"url":"https://tstifhir.azurehealthcareapis.com/ImplementationGuide/tw.tsti.adultcheck","version":"0.1.0","name":"AdultCheckIG","title":"成人預防保健實作指引(Adult Check IG)","status":"active","date":"2023-10-17T10:22:38+08:00","publisher":"大世科 tsti","contact":[{"name":"大世科 tsti","telecom":[{"system":"url","value":"https://www.etatung.com/"}]}],"description":"成人預防保健實作指引(Adult Check IG)依據【國民健康署成人預防保健服務檢查單】與【國民健康署成人預防保健服務檢查紀錄結果表單資料電子檔申報格式】，採用HL7® FHIR® standard（Fast Healthcare Interoperability Resources）IG建置方法，在FHIR R4.0.1和臺灣核心實作指引(TW Core IG)0.1.1版本之標準基礎上，進一步定義適用於健康照護資料交換需求的Resources（類似資料表）、其中的資料項目（意即欄位）、基數（意即0..1、0..*、1..1或1..*）及資料類型（文字、日期時間、代碼等）等，旨在提供健康照護資訊系統開發與實作者以成人健檢實作指引為基礎，再進一步訂定其實務專案所需之資料交換格式以應用於專案中。","packageId":"tw.tsti.adultcheck","license":"CC0-1.0","fhirVersion":["4.0.1"],"dependsOn":[{"id":"hl7tx","extension":[{"url":"http://hl7.org/fhir/tools/StructureDefinition/implementationguide-dependency-comment","valueMarkdown":"Automatically added as a dependency - all IGs depend on HL7 Terminology"}],"uri":"http://terminology.hl7.org/ImplementationGuide/hl7.terminology","packageId":"hl7.terminology.r4","version":"5.3.0"},{"id":"hl7ext","extension":[{"url":"http://hl7.org/fhir/tools/StructureDefinition/implementationguide-dependency-comment","valueMarkdown":"Automatically added as a dependency - all IGs depend on the HL7 Extension Pack"}],"uri":"http://hl7.org/fhir/extensions/ImplementationGuide/hl7.fhir.uv.extensions","packageId":"hl7.fhir.uv.extensions.r4","version":"1.0.0"},{"id":"tw_gov_mohw_twcore","uri":"https://twcore.mohw.gov.tw/ig/twcore/ImplementationGuide/tw.gov.mohw.twcore","packageId":"tw.gov.mohw.twcore","version":"0.1.1"}],"definition":{"extension":[{"extension":[{"url":"code","valueString":"copyrightyear"},{"url":"value","valueString":"2023+"}],"url":"http://hl7.org/fhir/tools/StructureDefinition/ig-parameter"},{"extension":[{"url":"code","valueString":"releaselabel"},{"url":"value","valueString":"ci-build"}],"url":"http://hl7.org/fhir/tools/StructureDefinition/ig-parameter"},{"extension":[{"url":"code","valueString":"autoload-resources"},{"url":"value","valueString":"true"}],"url":"http://hl7.org/fhir/tools/StructureDefinition/ig-parameter"},{"extension":[{"url":"code","valueString":"path-liquid"},{"url":"value","valueString":"template/liquid"}],"url":"http://hl7.org/fhir/tools/StructureDefinition/ig-parameter"},{"extension":[{"url":"code","valueString":"path-liquid"},{"url":"value","valueString":"input/liquid"}],"url":"http://hl7.org/fhir/tools/StructureDefinition/ig-parameter"},{"extension":[{"url":"code","valueString":"path-qa"},{"url":"value","valueString":"temp/qa"}],"url":"http://hl7.org/fhir/tools/StructureDefinition/ig-parameter"},{"extension":[{"url":"code","valueString":"path-temp"},{"url":"value","valueString":"temp/pages"}],"url":"http://hl7.org/fhir/tools/StructureDefinition/ig-parameter"},{"extension":[{"url":"code","valueString":"path-output"},{"url":"value","valueString":"output"}],"url":"http://hl7.org/fhir/tools/StructureDefinition/ig-parameter"},{"extension":[{"url":"code","valueString":"path-suppressed-warnings"},{"url":"value","valueString":"input/ignoreWarnings.txt"}],"url":"http://hl7.org/fhir/tools/StructureDefinition/ig-parameter"},{"extension":[{"url":"code","valueString":"path-history"},{"url":"value","valueString":"https://tstifhir.azurehealthcareapis.com/history.html"}],"url":"http://hl7.org/fhir/tools/StructureDefinition/ig-parameter"},{"extension":[{"url":"code","valueString":"template-html"},{"url":"value","valueString":"template-page.html"}],"url":"http://hl7.org/fhir/tools/StructureDefinition/ig-parameter"},{"extension":[{"url":"code","valueString":"template-md"},{"url":"value","valueString":"template-page-md.html"}],"url":"http://hl7.org/fhir/tools/StructureDefinition/ig-parameter"},{"extension":[{"url":"code","valueString":"apply-contact"},{"url":"value","valueString":"true"}],"url":"http://hl7.org/fhir/tools/StructureDefinition/ig-parameter"},{"extension":[{"url":"code","valueString":"apply-context"},{"url":"value","valueString":"true"}],"url":"http://hl7.org/fhir/tools/StructureDefinition/ig-parameter"},{"extension":[{"url":"code","valueString":"apply-copyright"},{"url":"value","valueString":"true"}],"url":"http://hl7.org/fhir/tools/StructureDefinition/ig-parameter"},{"extension":[{"url":"code","valueString":"apply-jurisdiction"},{"url":"value","valueString":"true"}],"url":"http://hl7.org/fhir/tools/StructureDefinition/ig-parameter"},{"extension":[{"url":"code","valueString":"apply-license"},{"url":"value","valueString":"true"}],"url":"http://hl7.org/fhir/tools/StructureDefinition/ig-parameter"},{"extension":[{"url":"code","valueString":"apply-publisher"},{"url":"value","valueString":"true"}],"url":"http://hl7.org/fhir/tools/StructureDefinition/ig-parameter"},{"extension":[{"url":"code","valueString":"apply-version"},{"url":"value","valueString":"true"}],"url":"http://hl7.org/fhir/tools/StructureDefinition/ig-parameter"},{"extension":[{"url":"code","valueString":"apply-wg"},{"url":"value","valueString":"true"}],"url":"http://hl7.org/fhir/tools/StructureDefinition/ig-parameter"},{"extension":[{"url":"code","valueString":"active-tables"},{"url":"value","valueString":"true"}],"url":"http://hl7.org/fhir/tools/StructureDefinition/ig-parameter"},{"extension":[{"url":"code","valueString":"fmm-definition"},{"url":"value","valueString":"http://hl7.org/fhir/versions.html#maturity"}],"url":"http://hl7.org/fhir/tools/StructureDefinition/ig-parameter"},{"extension":[{"url":"code","valueString":"propagate-status"},{"url":"value","valueString":"true"}],"url":"http://hl7.org/fhir/tools/StructureDefinition/ig-parameter"},{"extension":[{"url":"code","valueString":"excludelogbinaryformat"},{"url":"value","valueString":"true"}],"url":"http://hl7.org/fhir/tools/StructureDefinition/ig-parameter"},{"extension":[{"url":"code","valueString":"tabbed-snapshots"},{"url":"value","valueString":"true"}],"url":"http://hl7.org/fhir/tools/StructureDefinition/ig-parameter"},{"url":"http://hl7.org/fhir/tools/StructureDefinition/ig-internal-dependency","valueCode":"hl7.fhir.uv.tools#current"},{"extension":[{"url":"code","valueCode":"copyrightyear"},{"url":"value","valueString":"2023+"}],"url":"http://hl7.org/fhir/tools/StructureDefinition/ig-parameter"},{"extension":[{"url":"code","valueCode":"releaselabel"},{"url":"value","valueString":"ci-build"}],"url":"http://hl7.org/fhir/tools/StructureDefinition/ig-parameter"},{"extension":[{"url":"code","valueCode":"autoload-resources"},{"url":"value","valueString":"true"}],"url":"http://hl7.org/fhir/tools/StructureDefinition/ig-parameter"},{"extension":[{"url":"code","valueCode":"path-liquid"},{"url":"value","valueString":"template/liquid"}],"url":"http://hl7.org/fhir/tools/StructureDefinition/ig-parameter"},{"extension":[{"url":"code","valueCode":"path-liquid"},{"url":"value","valueString":"input/liquid"}],"url":"http://hl7.org/fhir/tools/StructureDefinition/ig-parameter"},{"extension":[{"url":"code","valueCode":"path-qa"},{"url":"value","valueString":"temp/qa"}],"url":"http://hl7.org/fhir/tools/StructureDefinition/ig-parameter"},{"extension":[{"url":"code","valueCode":"path-temp"},{"url":"value","valueString":"temp/pages"}],"url":"http://hl7.org/fhir/tools/StructureDefinition/ig-parameter"},{"extension":[{"url":"code","valueCode":"path-output"},{"url":"value","valueString":"output"}],"url":"http://hl7.org/fhir/tools/StructureDefinition/ig-parameter"},{"extension":[{"url":"code","valueCode":"path-suppressed-warnings"},{"url":"value","valueString":"input/ignoreWarnings.txt"}],"url":"http://hl7.org/fhir/tools/StructureDefinition/ig-parameter"},{"extension":[{"url":"code","valueCode":"path-history"},{"url":"value","valueString":"https://tstifhir.azurehealthcareapis.com/history.html"}],"url":"http://hl7.org/fhir/tools/StructureDefinition/ig-parameter"},{"extension":[{"url":"code","valueCode":"template-html"},{"url":"value","valueString":"template-page.html"}],"url":"http://hl7.org/fhir/tools/StructureDefinition/ig-parameter"},{"extension":[{"url":"code","valueCode":"template-md"},{"url":"value","valueString":"template-page-md.html"}],"url":"http://hl7.org/fhir/tools/StructureDefinition/ig-parameter"},{"extension":[{"url":"code","valueCode":"apply-contact"},{"url":"value","valueString":"true"}],"url":"http://hl7.org/fhir/tools/StructureDefinition/ig-parameter"},{"extension":[{"url":"code","valueCode":"apply-context"},{"url":"value","valueString":"true"}],"url":"http://hl7.org/fhir/tools/StructureDefinition/ig-parameter"},{"extension":[{"url":"code","valueCode":"apply-copyright"},{"url":"value","valueString":"true"}],"url":"http://hl7.org/fhir/tools/StructureDefinition/ig-parameter"},{"extension":[{"url":"code","valueCode":"apply-jurisdiction"},{"url":"value","valueString":"true"}],"url":"http://hl7.org/fhir/tools/StructureDefinition/ig-parameter"},{"extension":[{"url":"code","valueCode":"apply-license"},{"url":"value","valueString":"true"}],"url":"http://hl7.org/fhir/tools/StructureDefinition/ig-parameter"},{"extension":[{"url":"code","valueCode":"apply-publisher"},{"url":"value","valueString":"true"}],"url":"http://hl7.org/fhir/tools/StructureDefinition/ig-parameter"},{"extension":[{"url":"code","valueCode":"apply-version"},{"url":"value","valueString":"true"}],"url":"http://hl7.org/fhir/tools/StructureDefinition/ig-parameter"},{"extension":[{"url":"code","valueCode":"apply-wg"},{"url":"value","valueString":"true"}],"url":"http://hl7.org/fhir/tools/StructureDefinition/ig-parameter"},{"extension":[{"url":"code","valueCode":"active-tables"},{"url":"value","valueString":"true"}],"url":"http://hl7.org/fhir/tools/StructureDefinition/ig-parameter"},{"extension":[{"url":"code","valueCode":"fmm-definition"},{"url":"value","valueString":"http://hl7.org/fhir/versions.html#maturity"}],"url":"http://hl7.org/fhir/tools/StructureDefinition/ig-parameter"},{"extension":[{"url":"code","valueCode":"propagate-status"},{"url":"value","valueString":"true"}],"url":"http://hl7.org/fhir/tools/StructureDefinition/ig-parameter"},{"extension":[{"url":"code","valueCode":"excludelogbinaryformat"},{"url":"value","valueString":"true"}],"url":"http://hl7.org/fhir/tools/StructureDefinition/ig-parameter"},{"extension":[{"url":"code","valueCode":"tabbed-snapshots"},{"url":"value","valueString":"true"}],"url":"http://hl7.org/fhir/tools/StructureDefinition/ig-parameter"},{"extension":[{"url":"code","valueCode":"copyrightyear"},{"url":"value","valueString":"2023+"}],"url":"http://hl7.org/fhir/tools/StructureDefinition/ig-parameter"},{"extension":[{"url":"code","valueCode":"releaselabel"},{"url":"value","valueString":"ci-build"}],"url":"http://hl7.org/fhir/tools/StructureDefinition/ig-parameter"},{"extension":[{"url":"code","valueCode":"autoload-resources"},{"url":"value","valueString":"true"}],"url":"http://hl7.org/fhir/tools/StructureDefinition/ig-parameter"},{"extension":[{"url":"code","valueCode":"path-liquid"},{"url":"value","valueString":"template/liquid"}],"url":"http://hl7.org/fhir/tools/StructureDefinition/ig-parameter"},{"extension":[{"url":"code","valueCode":"path-liquid"},{"url":"value","valueString":"input/liquid"}],"url":"http://hl7.org/fhir/tools/StructureDefinition/ig-parameter"},{"extension":[{"url":"code","valueCode":"path-qa"},{"url":"value","valueString":"temp/qa"}],"url":"http://hl7.org/fhir/tools/StructureDefinition/ig-parameter"},{"extension":[{"url":"code","valueCode":"path-temp"},{"url":"value","valueString":"temp/pages"}],"url":"http://hl7.org/fhir/tools/StructureDefinition/ig-parameter"},{"extension":[{"url":"code","valueCode":"path-output"},{"url":"value","valueString":"output"}],"url":"http://hl7.org/fhir/tools/StructureDefinition/ig-parameter"},{"extension":[{"url":"code","valueCode":"path-suppressed-warnings"},{"url":"value","valueString":"input/ignoreWarnings.txt"}],"url":"http://hl7.org/fhir/tools/StructureDefinition/ig-parameter"},{"extension":[{"url":"code","valueCode":"path-history"},{"url":"value","valueString":"https://tstifhir.azurehealthcareapis.com/history.html"}],"url":"http://hl7.org/fhir/tools/StructureDefinition/ig-parameter"},{"extension":[{"url":"code","valueCode":"template-html"},{"url":"value","valueString":"template-page.html"}],"url":"http://hl7.org/fhir/tools/StructureDefinition/ig-parameter"},{"extension":[{"url":"code","valueCode":"template-md"},{"url":"value","valueString":"template-page-md.html"}],"url":"http://hl7.org/fhir/tools/StructureDefinition/ig-parameter"},{"extension":[{"url":"code","valueCode":"apply-contact"},{"url":"value","valueString":"true"}],"url":"http://hl7.org/fhir/tools/StructureDefinition/ig-parameter"},{"extension":[{"url":"code","valueCode":"apply-context"},{"url":"value","valueString":"true"}],"url":"http://hl7.org/fhir/tools/StructureDefinition/ig-parameter"},{"extension":[{"url":"code","valueCode":"apply-copyright"},{"url":"value","valueString":"true"}],"url":"http://hl7.org/fhir/tools/StructureDefinition/ig-parameter"},{"extension":[{"url":"code","valueCode":"apply-jurisdiction"},{"url":"value","valueString":"true"}],"url":"http://hl7.org/fhir/tools/StructureDefinition/ig-parameter"},{"extension":[{"url":"code","valueCode":"apply-license"},{"url":"value","valueString":"true"}],"url":"http://hl7.org/fhir/tools/StructureDefinition/ig-parameter"},{"extension":[{"url":"code","valueCode":"apply-publisher"},{"url":"value","valueString":"true"}],"url":"http://hl7.org/fhir/tools/StructureDefinition/ig-parameter"},{"extension":[{"url":"code","valueCode":"apply-version"},{"url":"value","valueString":"true"}],"url":"http://hl7.org/fhir/tools/StructureDefinition/ig-parameter"},{"extension":[{"url":"code","valueCode":"apply-wg"},{"url":"value","valueString":"true"}],"url":"http://hl7.org/fhir/tools/StructureDefinition/ig-parameter"},{"extension":[{"url":"code","valueCode":"active-tables"},{"url":"value","valueString":"true"}],"url":"http://hl7.org/fhir/tools/StructureDefinition/ig-parameter"},{"extension":[{"url":"code","valueCode":"fmm-definition"},{"url":"value","valueString":"http://hl7.org/fhir/versions.html#maturity"}],"url":"http://hl7.org/fhir/tools/StructureDefinition/ig-parameter"},{"extension":[{"url":"code","valueCode":"propagate-status"},{"url":"value","valueString":"true"}],"url":"http://hl7.org/fhir/tools/StructureDefinition/ig-parameter"},{"extension":[{"url":"code","valueCode":"excludelogbinaryformat"},{"url":"value","valueString":"true"}],"url":"http://hl7.org/fhir/tools/StructureDefinition/ig-parameter"},{"extension":[{"url":"code","valueCode":"tabbed-snapshots"},{"url":"value","valueString":"true"}],"url":"http://hl7.org/fhir/tools/StructureDefinition/ig-parameter"}],"grouping":[{"id":"-dyn-capabilitystatement","name":"Behavior: Capability Statements","description":"The following artifacts define the specific capabilities that different types of systems are expected to have in order to comply with this implementation guide.  Systems conforming to this implementation guide are expected to declare conformance to one or more of the following capability statements."},{"id":"-str-logicalmodel","name":"Structures: Logical Models","description":"These define data models that represent the domain covered by this implementation guide in more business-friendly terms than the underlying FHIR resources."},{"id":"-str-profile","name":"Structures: Resource Profiles","description":"These define constraints on FHIR resources for systems conforming to this implementation guide."},{"id":"-term-valueset","name":"Terminology: Value Sets","description":"These define sets of codes used by systems conforming to this implementation guide."},{"id":"-ex-example","name":"Example: Example Instances","description":"These are example instances that show what data produced and consumed by systems conforming with this implementation guide might look like."}],"resource":[{"extension":[{"url":"http://hl7.org/fhir/tools/StructureDefinition/resource-sort","valueInteger":999999999},{"url":"http://hl7.org/fhir/StructureDefinition/implementationguide-page","valueUri":"CapabilityStatement-ServerCapabilityStatement.html"}],"reference":{"reference":"CapabilityStatement/ServerCapabilityStatement"},"name":"此CapabilityStatement 說明成人預防保健伺服器能力聲明","description":"成人預防保健實作指引(Adult Check IG)伺服端(Server)之能力聲明","exampleBoolean":false,"groupingId":"-dyn-capabilitystatement"},{"extension":[{"url":"http://hl7.org/fhir/tools/StructureDefinition/resource-sort","valueInteger":999999999},{"url":"http://hl7.org/fhir/StructureDefinition/implementationguide-page","valueUri":"StructureDefinition-AdultCheckModel.html"}],"reference":{"reference":"StructureDefinition/AdultCheckModel"},"name":"成人預防保健(AdultCheck)之資料模型","description":"成人預防保健(AdultCheck)之資料模型","exampleBoolean":false,"groupingId":"-str-logicalmodel"},{"extension":[{"url":"http://hl7.org/fhir/tools/StructureDefinition/resource-sort","valueInteger":999999999},{"url":"http://hl7.org/fhir/StructureDefinition/implementationguide-page","valueUri":"StructureDefinition-Bundle-adultcheck.html"}],"reference":{"reference":"StructureDefinition/Bundle-adultcheck"},"name":"Bundle - AdultCheck","description":"此Bundle AdultCheck Profile說明成人預防保健服務檢查單資料","exampleBoolean":false,"groupingId":"-str-profile"},{"extension":[{"url":"http://hl7.org/fhir/tools/StructureDefinition/resource-sort","valueInteger":999999999},{"url":"http://hl7.org/fhir/StructureDefinition/implementationguide-page","valueUri":"StructureDefinition-Composition-adultcheck.html"}],"reference":{"reference":"StructureDefinition/Composition-adultcheck"},"name":"Composition - AdultCheck","description":"此Composition AdultCheck Profile說明成人預防保健服務檢查單資料","exampleBoolean":false,"groupingId":"-str-profile"},{"extension":[{"url":"http://hl7.org/fhir/tools/StructureDefinition/resource-sort","valueInteger":999999999},{"url":"http://hl7.org/fhir/StructureDefinition/implementationguide-page","valueUri":"StructureDefinition-Condition-adultcheck.html"}],"reference":{"reference":"StructureDefinition/Condition-adultcheck"},"name":"Condition - AdultCheck","description":"此ConditionAdultCheck Profile說明成人預防保健中疾病史之資料","exampleBoolean":false,"groupingId":"-str-profile"},{"extension":[{"url":"http://hl7.org/fhir/tools/StructureDefinition/resource-sort","valueInteger":999999999},{"url":"http://hl7.org/fhir/StructureDefinition/implementationguide-page","valueUri":"StructureDefinition-DiagnosticReport-adultcheck.html"}],"reference":{"reference":"StructureDefinition/DiagnosticReport-adultcheck"},"name":"DiagnosticReport - AdultCheck","description":"此DiagnosticReport AdultCheck Profile說明成人預防保健檢查結果與建議資訊","exampleBoolean":false,"groupingId":"-str-profile"},{"extension":[{"url":"http://hl7.org/fhir/tools/StructureDefinition/resource-sort","valueInteger":999999999},{"url":"http://hl7.org/fhir/StructureDefinition/implementationguide-page","valueUri":"StructureDefinition-Encounter-adultcheck.html"}],"reference":{"reference":"StructureDefinition/Encounter-adultcheck"},"name":"Encounter - AdultCheck","description":"此Encounter AdultCheck Profile說明成人預防保健兩階段檢查就醫紀錄","exampleBoolean":false,"groupingId":"-str-profile"},{"extension":[{"url":"http://hl7.org/fhir/tools/StructureDefinition/resource-sort","valueInteger":999999999},{"url":"http://hl7.org/fhir/StructureDefinition/implementationguide-page","valueUri":"StructureDefinition-ObservationBMI-adultcheck.html"}],"reference":{"reference":"StructureDefinition/ObservationBMI-adultcheck"},"name":"Observation BMI - AdultCheck","description":"此Observation BMI AdultCheck Profile說明成人預防保健BMI紀錄","exampleBoolean":false,"groupingId":"-str-profile"},{"extension":[{"url":"http://hl7.org/fhir/tools/StructureDefinition/resource-sort","valueInteger":999999999},{"url":"http://hl7.org/fhir/StructureDefinition/implementationguide-page","valueUri":"StructureDefinition-ObservationDepression-adultcheck.html"}],"reference":{"reference":"StructureDefinition/ObservationDepression-adultcheck"},"name":"Observation Depression - AdultCheck","description":"此Observation Depression AdultCheck Profile說明成人預防保健憂鬱檢測資料","exampleBoolean":false,"groupingId":"-str-profile"},{"extension":[{"url":"http://hl7.org/fhir/tools/StructureDefinition/resource-sort","valueInteger":999999999},{"url":"http://hl7.org/fhir/StructureDefinition/implementationguide-page","valueUri":"StructureDefinition-ObservationHeight-adultcheck.html"}],"reference":{"reference":"StructureDefinition/ObservationHeight-adultcheck"},"name":"Observation Height - AdultCheck","description":"此ObservationHeight AdultCheck Profile說明成人預防保健身高紀錄","exampleBoolean":false,"groupingId":"-str-profile"},{"extension":[{"url":"http://hl7.org/fhir/tools/StructureDefinition/resource-sort","valueInteger":999999999},{"url":"http://hl7.org/fhir/StructureDefinition/implementationguide-page","valueUri":"StructureDefinition-ObservationLab-adultcheck.html"}],"reference":{"reference":"StructureDefinition/ObservationLab-adultcheck"},"name":"Observation Lab - AdultCheck","description":"此Observation Lab AdultCheck Profile說明成人預防保健檢驗資料","exampleBoolean":false,"groupingId":"-str-profile"},{"extension":[{"url":"http://hl7.org/fhir/tools/StructureDefinition/resource-sort","valueInteger":999999999},{"url":"http://hl7.org/fhir/StructureDefinition/implementationguide-page","valueUri":"StructureDefinition-ObservationPressure-adultcheck.html"}],"reference":{"reference":"StructureDefinition/ObservationPressure-adultcheck"},"name":"Observation Pressure - AdultCheck","description":"此Observation Pressure AdultCheck Profile說明成人預防保健血壓紀錄","exampleBoolean":false,"groupingId":"-str-profile"},{"extension":[{"url":"http://hl7.org/fhir/tools/StructureDefinition/resource-sort","valueInteger":999999999},{"url":"http://hl7.org/fhir/StructureDefinition/implementationguide-page","valueUri":"StructureDefinition-ObservationSocial-adultcheck.html"}],"reference":{"reference":"StructureDefinition/ObservationSocial-adultcheck"},"name":"Observation Social - AdultCheck","description":"此Observation Social AdultCheck Profile說明成人預防保健生活史紀錄","exampleBoolean":false,"groupingId":"-str-profile"},{"extension":[{"url":"http://hl7.org/fhir/tools/StructureDefinition/resource-sort","valueInteger":999999999},{"url":"http://hl7.org/fhir/StructureDefinition/implementationguide-page","valueUri":"StructureDefinition-ObservationWaist-adultcheck.html"}],"reference":{"reference":"StructureDefinition/ObservationWaist-adultcheck"},"name":"Observation Waist - AdultCheck","description":"此ObservationWaist AdultCheck Profile說明成人預防保健腰圍紀錄","exampleBoolean":false,"groupingId":"-str-profile"},{"extension":[{"url":"http://hl7.org/fhir/tools/StructureDefinition/resource-sort","valueInteger":999999999},{"url":"http://hl7.org/fhir/StructureDefinition/implementationguide-page","valueUri":"StructureDefinition-ObservationWeight-adultcheck.html"}],"reference":{"reference":"StructureDefinition/ObservationWeight-adultcheck"},"name":"Observation Weight - AdultCheck","description":"此ObservationWeight AdultCheck Profile說明成人預防保健體重紀錄","exampleBoolean":false,"groupingId":"-str-profile"},{"extension":[{"url":"http://hl7.org/fhir/tools/StructureDefinition/resource-sort","valueInteger":999999999},{"url":"http://hl7.org/fhir/StructureDefinition/implementationguide-page","valueUri":"StructureDefinition-Patient-adultcheck.html"}],"reference":{"reference":"StructureDefinition/Patient-adultcheck"},"name":"Patient - AdultCheck","description":"此PatientAdultCheck Profile說明成人預防保健病患基本資料","exampleBoolean":false,"groupingId":"-str-profile"},{"extension":[{"url":"http://hl7.org/fhir/tools/StructureDefinition/resource-sort","valueInteger":999999999},{"url":"http://hl7.org/fhir/StructureDefinition/implementationguide-page","valueUri":"ValueSet-adultcheck-lifecode.html"}],"reference":{"reference":"ValueSet/adultcheck-lifecode"},"name":"成人預防保健生活史代碼集值","description":"此EncounterAdultCheck Profile說明成人預防保健生活史代碼集值","exampleBoolean":false,"groupingId":"-term-valueset"},{"extension":[{"url":"http://hl7.org/fhir/tools/StructureDefinition/resource-sort","valueInteger":999999999},{"url":"http://hl7.org/fhir/StructureDefinition/implementationguide-page","valueUri":"ValueSet-adultcheck-code.html"}],"reference":{"reference":"ValueSet/adultcheck-code"},"name":"成人預防保健疾病史代碼集值","description":"此EncounterAdultCheck Profile說明成人預防保健疾病史代碼","exampleBoolean":false,"groupingId":"-term-valueset"},{"extension":[{"url":"http://hl7.org/fhir/tools/StructureDefinition/resource-sort","valueInteger":999999999},{"url":"http://hl7.org/fhir/StructureDefinition/implementationguide-page","valueUri":"Bundle-bundle-example.html"}],"reference":{"reference":"Bundle/bundle-example"},"name":"bundle-example","description":"成人預防保健服務檢查單資料範例","exampleCanonical":"https://tstifhir.azurehealthcareapis.com/StructureDefinition/Bundle-adultcheck","groupingId":"-ex-example"},{"extension":[{"url":"http://hl7.org/fhir/tools/StructureDefinition/resource-sort","valueInteger":999999999},{"url":"http://hl7.org/fhir/StructureDefinition/implementationguide-page","valueUri":"Composition-composition-example.html"}],"reference":{"reference":"Composition/composition-example"},"name":"composition-example","description":"成人預防保健服務檢查單資料範例","exampleCanonical":"https://tstifhir.azurehealthcareapis.com/StructureDefinition/Composition-adultcheck","groupingId":"-ex-example"},{"extension":[{"url":"http://hl7.org/fhir/tools/StructureDefinition/resource-sort","valueInteger":999999999},{"url":"http://hl7.org/fhir/StructureDefinition/implementationguide-page","valueUri":"Condition-condition-bp-example.html"}],"reference":{"reference":"Condition/condition-bp-example"},"name":"condition-bp-example","description":"成人預防保健疾病史-高血壓範例","exampleCanonical":"https://tstifhir.azurehealthcareapis.com/StructureDefinition/Condition-adultcheck","groupingId":"-ex-example"},{"extension":[{"url":"http://hl7.org/fhir/tools/StructureDefinition/resource-sort","valueInteger":999999999},{"url":"http://hl7.org/fhir/StructureDefinition/implementationguide-page","valueUri":"Condition-condition-db-example.html"}],"reference":{"reference":"Condition/condition-db-example"},"name":"condition-db-example","description":"成人預防保健疾病史-糖尿病範例","exampleCanonical":"https://tstifhir.azurehealthcareapis.com/StructureDefinition/Condition-adultcheck","groupingId":"-ex-example"},{"extension":[{"url":"http://hl7.org/fhir/tools/StructureDefinition/resource-sort","valueInteger":999999999},{"url":"http://hl7.org/fhir/StructureDefinition/implementationguide-page","valueUri":"DiagnosticReport-diag-kidney-example.html"}],"reference":{"reference":"DiagnosticReport/diag-kidney-example"},"name":"diag-kidney-example","description":"腎功能檢查結果判讀範例","exampleCanonical":"https://tstifhir.azurehealthcareapis.com/StructureDefinition/DiagnosticReport-adultcheck","groupingId":"-ex-example"},{"extension":[{"url":"http://hl7.org/fhir/tools/StructureDefinition/resource-sort","valueInteger":999999999},{"url":"http://hl7.org/fhir/StructureDefinition/implementationguide-page","valueUri":"Encounter-encounter-example.html"}],"reference":{"reference":"Encounter/encounter-example"},"name":"encounter-example","description":"成人預防保健兩階段檢查紀錄範例","exampleCanonical":"https://tstifhir.azurehealthcareapis.com/StructureDefinition/Encounter-adultcheck","groupingId":"-ex-example"},{"extension":[{"url":"http://hl7.org/fhir/tools/StructureDefinition/resource-sort","valueInteger":999999999},{"url":"http://hl7.org/fhir/StructureDefinition/implementationguide-page","valueUri":"Observation-observation-alcohol-example.html"}],"reference":{"reference":"Observation/observation-alcohol-example"},"name":"observation-alcohol-example","description":"成人預防保健生活史項目-喝酒範例","exampleCanonical":"https://tstifhir.azurehealthcareapis.com/StructureDefinition/ObservationSocial-adultcheck","groupingId":"-ex-example"},{"extension":[{"url":"http://hl7.org/fhir/tools/StructureDefinition/resource-sort","valueInteger":999999999},{"url":"http://hl7.org/fhir/StructureDefinition/implementationguide-page","valueUri":"Observation-observation-bmi-example.html"}],"reference":{"reference":"Observation/observation-bmi-example"},"name":"observation-bmi-example","description":"成人預防保健BMI紀錄範例","exampleCanonical":"https://tstifhir.azurehealthcareapis.com/StructureDefinition/ObservationBMI-adultcheck","groupingId":"-ex-example"},{"extension":[{"url":"http://hl7.org/fhir/tools/StructureDefinition/resource-sort","valueInteger":999999999},{"url":"http://hl7.org/fhir/StructureDefinition/implementationguide-page","valueUri":"Observation-observation-checkbc-example.html"}],"reference":{"reference":"Observation/observation-checkbc-example"},"name":"observation-checkbc-example","description":"成人預防保健生活史項目-接受過 B、C 型肝炎檢查範例","exampleCanonical":"https://tstifhir.azurehealthcareapis.com/StructureDefinition/ObservationSocial-adultcheck","groupingId":"-ex-example"},{"extension":[{"url":"http://hl7.org/fhir/tools/StructureDefinition/resource-sort","valueInteger":999999999},{"url":"http://hl7.org/fhir/StructureDefinition/implementationguide-page","valueUri":"Observation-observation-conaccident-example.html"}],"reference":{"reference":"Observation/observation-conaccident-example"},"name":"observation-conaccident-example","description":"成人預防保健生活史項目-事故傷害諮詢範例","exampleCanonical":"https://tstifhir.azurehealthcareapis.com/StructureDefinition/ObservationSocial-adultcheck","groupingId":"-ex-example"},{"extension":[{"url":"http://hl7.org/fhir/tools/StructureDefinition/resource-sort","valueInteger":999999999},{"url":"http://hl7.org/fhir/StructureDefinition/implementationguide-page","valueUri":"Observation-observation-condiet-example.html"}],"reference":{"reference":"Observation/observation-condiet-example"},"name":"observation-condiet-example","description":"成人預防保健生活史項目-健康飲食諮詢範例","exampleCanonical":"https://tstifhir.azurehealthcareapis.com/StructureDefinition/ObservationSocial-adultcheck","groupingId":"-ex-example"},{"extension":[{"url":"http://hl7.org/fhir/tools/StructureDefinition/resource-sort","valueInteger":999999999},{"url":"http://hl7.org/fhir/StructureDefinition/implementationguide-page","valueUri":"Observation-observation-conexercise-example.html"}],"reference":{"reference":"Observation/observation-conexercise-example"},"name":"observation-conexercise-example","description":"成人預防保健生活史項目-戒檳榔諮詢範例","exampleCanonical":"https://tstifhir.azurehealthcareapis.com/StructureDefinition/ObservationSocial-adultcheck","groupingId":"-ex-example"},{"extension":[{"url":"http://hl7.org/fhir/tools/StructureDefinition/resource-sort","valueInteger":999999999},{"url":"http://hl7.org/fhir/StructureDefinition/implementationguide-page","valueUri":"Observation-observation-conliquor-example.html"}],"reference":{"reference":"Observation/observation-conliquor-example"},"name":"observation-conliquor-example","description":"成人預防保健生活史項目-節酒諮詢範例","exampleCanonical":"https://tstifhir.azurehealthcareapis.com/StructureDefinition/ObservationSocial-adultcheck","groupingId":"-ex-example"},{"extension":[{"url":"http://hl7.org/fhir/tools/StructureDefinition/resource-sort","valueInteger":999999999},{"url":"http://hl7.org/fhir/StructureDefinition/implementationguide-page","valueUri":"Observation-observation-connut-example.html"}],"reference":{"reference":"Observation/observation-connut-example"},"name":"observation-connut-example","description":"成人預防保健生活史項目-戒檳榔諮詢範例","exampleCanonical":"https://tstifhir.azurehealthcareapis.com/StructureDefinition/ObservationSocial-adultcheck","groupingId":"-ex-example"},{"extension":[{"url":"http://hl7.org/fhir/tools/StructureDefinition/resource-sort","valueInteger":999999999},{"url":"http://hl7.org/fhir/StructureDefinition/implementationguide-page","valueUri":"Observation-observation-conoral-example.html"}],"reference":{"reference":"Observation/observation-conoral-example"},"name":"observation-conoral-example","description":"成人預防保健生活史項目-口腔保健諮詢範例","exampleCanonical":"https://tstifhir.azurehealthcareapis.com/StructureDefinition/ObservationSocial-adultcheck","groupingId":"-ex-example"},{"extension":[{"url":"http://hl7.org/fhir/tools/StructureDefinition/resource-sort","valueInteger":999999999},{"url":"http://hl7.org/fhir/StructureDefinition/implementationguide-page","valueUri":"Observation-observation-consmoke-example.html"}],"reference":{"reference":"Observation/observation-consmoke-example"},"name":"observation-consmoke-example","description":"成人預防保健生活史項目-戒菸諮詢範例","exampleCanonical":"https://tstifhir.azurehealthcareapis.com/StructureDefinition/ObservationSocial-adultcheck","groupingId":"-ex-example"},{"extension":[{"url":"http://hl7.org/fhir/tools/StructureDefinition/resource-sort","valueInteger":999999999},{"url":"http://hl7.org/fhir/StructureDefinition/implementationguide-page","valueUri":"Observation-observation-conweight-example.html"}],"reference":{"reference":"Observation/observation-conweight-example"},"name":"observation-conweight-example","description":"成人預防保健生活史項目-維持正常體重諮詢範例","exampleCanonical":"https://tstifhir.azurehealthcareapis.com/StructureDefinition/ObservationSocial-adultcheck","groupingId":"-ex-example"},{"extension":[{"url":"http://hl7.org/fhir/tools/StructureDefinition/resource-sort","valueInteger":999999999},{"url":"http://hl7.org/fhir/StructureDefinition/implementationguide-page","valueUri":"Observation-observation-depress-example.html"}],"reference":{"reference":"Observation/observation-depress-example"},"name":"observation-depress-example","description":"成人預防保健憂鬱檢測範例","exampleCanonical":"https://tstifhir.azurehealthcareapis.com/StructureDefinition/ObservationDepression-adultcheck","groupingId":"-ex-example"},{"extension":[{"url":"http://hl7.org/fhir/tools/StructureDefinition/resource-sort","valueInteger":999999999},{"url":"http://hl7.org/fhir/StructureDefinition/implementationguide-page","valueUri":"Observation-observation-exercise-example.html"}],"reference":{"reference":"Observation/observation-exercise-example"},"name":"observation-exercise-example","description":"成人預防保健生活史項目-運動範例","exampleCanonical":"https://tstifhir.azurehealthcareapis.com/StructureDefinition/ObservationSocial-adultcheck","groupingId":"-ex-example"},{"extension":[{"url":"http://hl7.org/fhir/tools/StructureDefinition/resource-sort","valueInteger":999999999},{"url":"http://hl7.org/fhir/StructureDefinition/implementationguide-page","valueUri":"Observation-observation-height-example.html"}],"reference":{"reference":"Observation/observation-height-example"},"name":"observation-height-example","description":"成人預防保健身高紀錄範例","exampleCanonical":"https://tstifhir.azurehealthcareapis.com/StructureDefinition/ObservationHeight-adultcheck","groupingId":"-ex-example"},{"extension":[{"url":"http://hl7.org/fhir/tools/StructureDefinition/resource-sort","valueInteger":999999999},{"url":"http://hl7.org/fhir/StructureDefinition/implementationguide-page","valueUri":"Observation-observation-lab-b-example.html"}],"reference":{"reference":"Observation/observation-lab-b-example"},"name":"observation-lab-b-example","description":"成人預防保健檢驗資訊範例-B型肝炎表面抗原","exampleCanonical":"https://tstifhir.azurehealthcareapis.com/StructureDefinition/ObservationLab-adultcheck","groupingId":"-ex-example"},{"extension":[{"url":"http://hl7.org/fhir/tools/StructureDefinition/resource-sort","valueInteger":999999999},{"url":"http://hl7.org/fhir/StructureDefinition/implementationguide-page","valueUri":"Observation-observation-lab-c-example.html"}],"reference":{"reference":"Observation/observation-lab-c-example"},"name":"observation-lab-c-example","description":"成人預防保健檢驗資訊範例-C 型肝炎抗體","exampleCanonical":"https://tstifhir.azurehealthcareapis.com/StructureDefinition/ObservationLab-adultcheck","groupingId":"-ex-example"},{"extension":[{"url":"http://hl7.org/fhir/tools/StructureDefinition/resource-sort","valueInteger":999999999},{"url":"http://hl7.org/fhir/StructureDefinition/implementationguide-page","valueUri":"Observation-observation-lab-creatinine-example.html"}],"reference":{"reference":"Observation/observation-lab-creatinine-example"},"name":"observation-lab-creatinine-example","description":"成人預防保健檢驗資訊範例-肌酸酐","exampleCanonical":"https://tstifhir.azurehealthcareapis.com/StructureDefinition/ObservationLab-adultcheck","groupingId":"-ex-example"},{"extension":[{"url":"http://hl7.org/fhir/tools/StructureDefinition/resource-sort","valueInteger":999999999},{"url":"http://hl7.org/fhir/StructureDefinition/implementationguide-page","valueUri":"Observation-observation-lab-got-example.html"}],"reference":{"reference":"Observation/observation-lab-got-example"},"name":"observation-lab-got-example","description":"成人預防保健檢驗資訊範例-GOT","exampleCanonical":"https://tstifhir.azurehealthcareapis.com/StructureDefinition/ObservationLab-adultcheck","groupingId":"-ex-example"},{"extension":[{"url":"http://hl7.org/fhir/tools/StructureDefinition/resource-sort","valueInteger":999999999},{"url":"http://hl7.org/fhir/StructureDefinition/implementationguide-page","valueUri":"Observation-observation-lab-gpt-example.html"}],"reference":{"reference":"Observation/observation-lab-gpt-example"},"name":"observation-lab-gpt-example","description":"成人預防保健檢驗資訊範例-GPT","exampleCanonical":"https://tstifhir.azurehealthcareapis.com/StructureDefinition/ObservationLab-adultcheck","groupingId":"-ex-example"},{"extension":[{"url":"http://hl7.org/fhir/tools/StructureDefinition/resource-sort","valueInteger":999999999},{"url":"http://hl7.org/fhir/StructureDefinition/implementationguide-page","valueUri":"Observation-observation-lab-highcholestero-example.html"}],"reference":{"reference":"Observation/observation-lab-highcholestero-example"},"name":"observation-lab-highcholestero-example","description":"成人預防保健檢驗資訊範例-低密度脂蛋白-膽固醇","exampleCanonical":"https://tstifhir.azurehealthcareapis.com/StructureDefinition/ObservationLab-adultcheck","groupingId":"-ex-example"},{"extension":[{"url":"http://hl7.org/fhir/tools/StructureDefinition/resource-sort","valueInteger":999999999},{"url":"http://hl7.org/fhir/StructureDefinition/implementationguide-page","valueUri":"Observation-observation-lab-lowcholestero-example.html"}],"reference":{"reference":"Observation/observation-lab-lowcholestero-example"},"name":"observation-lab-lowcholestero-example","description":"成人預防保健檢驗資訊範例-低密度脂蛋白-膽固醇","exampleCanonical":"https://tstifhir.azurehealthcareapis.com/StructureDefinition/ObservationLab-adultcheck","groupingId":"-ex-example"},{"extension":[{"url":"http://hl7.org/fhir/tools/StructureDefinition/resource-sort","valueInteger":999999999},{"url":"http://hl7.org/fhir/StructureDefinition/implementationguide-page","valueUri":"Observation-observation-lab-protein-example.html"}],"reference":{"reference":"Observation/observation-lab-protein-example"},"name":"observation-lab-protein-example","description":"成人預防保健檢驗資訊範例-尿蛋白","exampleCanonical":"https://tstifhir.azurehealthcareapis.com/StructureDefinition/ObservationLab-adultcheck","groupingId":"-ex-example"},{"extension":[{"url":"http://hl7.org/fhir/tools/StructureDefinition/resource-sort","valueInteger":999999999},{"url":"http://hl7.org/fhir/StructureDefinition/implementationguide-page","valueUri":"Observation-observation-lab-sugar-example.html"}],"reference":{"reference":"Observation/observation-lab-sugar-example"},"name":"observation-lab-sugar-example","description":"成人預防保健檢驗資訊範例-血糖","exampleCanonical":"https://tstifhir.azurehealthcareapis.com/StructureDefinition/ObservationLab-adultcheck","groupingId":"-ex-example"},{"extension":[{"url":"http://hl7.org/fhir/tools/StructureDefinition/resource-sort","valueInteger":999999999},{"url":"http://hl7.org/fhir/StructureDefinition/implementationguide-page","valueUri":"Observation-observation-lab-tcholestero-example.html"}],"reference":{"reference":"Observation/observation-lab-tcholestero-example"},"name":"observation-lab-tcholestero-example","description":"成人預防保健檢驗資訊範例-總膽固醇","exampleCanonical":"https://tstifhir.azurehealthcareapis.com/StructureDefinition/ObservationLab-adultcheck","groupingId":"-ex-example"},{"extension":[{"url":"http://hl7.org/fhir/tools/StructureDefinition/resource-sort","valueInteger":999999999},{"url":"http://hl7.org/fhir/StructureDefinition/implementationguide-page","valueUri":"Observation-observation-lab-triglycerides-example.html"}],"reference":{"reference":"Observation/observation-lab-triglycerides-example"},"name":"observation-lab-triglycerides-example","description":"成人預防保健檢驗資訊範例-三酸甘油脂","exampleCanonical":"https://tstifhir.azurehealthcareapis.com/StructureDefinition/ObservationLab-adultcheck","groupingId":"-ex-example"},{"extension":[{"url":"http://hl7.org/fhir/tools/StructureDefinition/resource-sort","valueInteger":999999999},{"url":"http://hl7.org/fhir/StructureDefinition/implementationguide-page","valueUri":"Observation-observation-nut-example.html"}],"reference":{"reference":"Observation/observation-nut-example"},"name":"observation-nut-example","description":"成人預防保健生活史項目-嚼檳榔範例","exampleCanonical":"https://tstifhir.azurehealthcareapis.com/StructureDefinition/ObservationSocial-adultcheck","groupingId":"-ex-example"},{"extension":[{"url":"http://hl7.org/fhir/tools/StructureDefinition/resource-sort","valueInteger":999999999},{"url":"http://hl7.org/fhir/StructureDefinition/implementationguide-page","valueUri":"Observation-observation-pressure-example.html"}],"reference":{"reference":"Observation/observation-pressure-example"},"name":"observation-pressure-example","description":"成人預防保健血壓紀錄範例","exampleCanonical":"https://tstifhir.azurehealthcareapis.com/StructureDefinition/ObservationPressure-adultcheck","groupingId":"-ex-example"},{"extension":[{"url":"http://hl7.org/fhir/tools/StructureDefinition/resource-sort","valueInteger":999999999},{"url":"http://hl7.org/fhir/StructureDefinition/implementationguide-page","valueUri":"Observation-observation-smoke-example.html"}],"reference":{"reference":"Observation/observation-smoke-example"},"name":"observation-smoke-example","description":"成人預防保健生活史項目-吸菸範例","exampleCanonical":"https://tstifhir.azurehealthcareapis.com/StructureDefinition/ObservationSocial-adultcheck","groupingId":"-ex-example"},{"extension":[{"url":"http://hl7.org/fhir/tools/StructureDefinition/resource-sort","valueInteger":999999999},{"url":"http://hl7.org/fhir/StructureDefinition/implementationguide-page","valueUri":"Observation-observation-waist-example.html"}],"reference":{"reference":"Observation/observation-waist-example"},"name":"observation-waist-example","description":"成人預防保健腰圍紀錄範例","exampleCanonical":"https://tstifhir.azurehealthcareapis.com/StructureDefinition/ObservationWaist-adultcheck","groupingId":"-ex-example"},{"extension":[{"url":"http://hl7.org/fhir/tools/StructureDefinition/resource-sort","valueInteger":999999999},{"url":"http://hl7.org/fhir/StructureDefinition/implementationguide-page","valueUri":"Observation-observation-weight-example.html"}],"reference":{"reference":"Observation/observation-weight-example"},"name":"observation-weight-example","description":"成人預防保健體重紀錄範例","exampleCanonical":"https://tstifhir.azurehealthcareapis.com/StructureDefinition/ObservationWeight-adultcheck","groupingId":"-ex-example"},{"extension":[{"url":"http://hl7.org/fhir/tools/StructureDefinition/resource-sort","valueInteger":999999999},{"url":"http://hl7.org/fhir/StructureDefinition/implementationguide-page","valueUri":"Organization-org-hosp-example.html"}],"reference":{"reference":"Organization/org-hosp-example"},"name":"org-hosp-example","description":"醫事機構範例","exampleBoolean":true,"groupingId":"-ex-example"},{"extension":[{"url":"http://hl7.org/fhir/tools/StructureDefinition/resource-sort","valueInteger":999999999},{"url":"http://hl7.org/fhir/StructureDefinition/implementationguide-page","valueUri":"Organization-org-test-example.html"}],"reference":{"reference":"Organization/org-test-example"},"name":"org-test-example","description":"委託代檢醫事檢驗機構範例","exampleBoolean":true,"groupingId":"-ex-example"},{"extension":[{"url":"http://hl7.org/fhir/tools/StructureDefinition/resource-sort","valueInteger":999999999},{"url":"http://hl7.org/fhir/StructureDefinition/implementationguide-page","valueUri":"Patient-patient-example.html"}],"reference":{"reference":"Patient/patient-example"},"name":"patient-example","description":"成人預防保健受檢民眾基本資料範例","exampleCanonical":"https://tstifhir.azurehealthcareapis.com/StructureDefinition/Patient-adultcheck","groupingId":"-ex-example"}],"page":{"extension":[{"url":"http://hl7.org/fhir/tools/StructureDefinition/ig-page-name","valueUrl":"toc.html"}],"nameUrl":"toc.html","title":"Table of Contents","generation":"html","page":[{"extension":[{"url":"http://hl7.org/fhir/tools/StructureDefinition/ig-page-name","valueUrl":"index.html"}],"nameUrl":"index.html","title":"首頁","generation":"markdown"},{"extension":[{"url":"http://hl7.org/fhir/tools/StructureDefinition/ig-page-name","valueUrl":"profiles-and-extensions.html"}],"nameUrl":"profiles-and-extensions.html","title":"Profiles and Extensions","generation":"markdown"},{"extension":[{"url":"http://hl7.org/fhir/tools/StructureDefinition/ig-page-name","valueUrl":"logical-model.html"}],"nameUrl":"logical-model.html","title":"Logical Model","generation":"markdown"},{"extension":[{"url":"http://hl7.org/fhir/tools/StructureDefinition/ig-page-name","valueUrl":"capability-statements.html"}],"nameUrl":"capability-statements.html","title":"Capability Statements","generation":"markdown"},{"extension":[{"url":"http://hl7.org/fhir/tools/StructureDefinition/ig-page-name","valueUrl":"search-parameters-and-operations.html"}],"nameUrl":"search-parameters-and-operations.html","title":"Search Parameters and Operations","generation":"markdown"},{"extension":[{"url":"http://hl7.org/fhir/tools/StructureDefinition/ig-page-name","valueUrl":"terminology.html"}],"nameUrl":"terminology.html","title":"Terminology","generation":"markdown"},{"extension":[{"url":"http://hl7.org/fhir/tools/StructureDefinition/ig-page-name","valueUrl":"security.html"}],"nameUrl":"security.html","title":"安全性","generation":"markdown"},{"extension":[{"url":"http://hl7.org/fhir/tools/StructureDefinition/ig-page-name","valueUrl":"examples.html"}],"nameUrl":"examples.html","title":"範例","generation":"markdown"},{"extension":[{"url":"http://hl7.org/fhir/tools/StructureDefinition/ig-page-name","valueUrl":"downloads.html"}],"nameUrl":"downloads.html","title":"定義與範例檔下載","generation":"markdown"},{"extension":[{"url":"http://hl7.org/fhir/tools/StructureDefinition/ig-page-name","valueUrl":"history.html"}],"nameUrl":"history.html","title":"歷程","generation":"markdown"},{"extension":[{"url":"http://hl7.org/fhir/tools/StructureDefinition/ig-page-name","valueUrl":"artifacts.html"}],"nameUrl":"artifacts.html","title":"Artifacts Summary","generation":"html","page":[{"extension":[{"url":"http://hl7.org/fhir/tools/StructureDefinition/ig-page-name","valueUrl":"CapabilityStatement-ServerCapabilityStatement.html"}],"nameUrl":"CapabilityStatement-ServerCapabilityStatement.html","title":"此CapabilityStatement 說明成人預防保健伺服器能力聲明","generation":"generated"},{"extension":[{"url":"http://hl7.org/fhir/tools/StructureDefinition/ig-page-name","valueUrl":"StructureDefinition-AdultCheckModel.html"}],"nameUrl":"StructureDefinition-AdultCheckModel.html","title":"成人預防保健(AdultCheck)之資料模型","generation":"generated"},{"extension":[{"url":"http://hl7.org/fhir/tools/StructureDefinition/ig-page-name","valueUrl":"StructureDefinition-Bundle-adultcheck.html"}],"nameUrl":"StructureDefinition-Bundle-adultcheck.html","title":"Bundle - AdultCheck","generation":"generated"},{"extension":[{"url":"http://hl7.org/fhir/tools/StructureDefinition/ig-page-name","valueUrl":"StructureDefinition-Composition-adultcheck.html"}],"nameUrl":"StructureDefinition-Composition-adultcheck.html","title":"Composition - AdultCheck","generation":"generated"},{"extension":[{"url":"http://hl7.org/fhir/tools/StructureDefinition/ig-page-name","valueUrl":"StructureDefinition-Condition-adultcheck.html"}],"nameUrl":"StructureDefinition-Condition-adultcheck.html","title":"Condition - AdultCheck","generation":"generated"},{"extension":[{"url":"http://hl7.org/fhir/tools/StructureDefinition/ig-page-name","valueUrl":"StructureDefinition-DiagnosticReport-adultcheck.html"}],"nameUrl":"StructureDefinition-DiagnosticReport-adultcheck.html","title":"DiagnosticReport - AdultCheck","generation":"generated"},{"extension":[{"url":"http://hl7.org/fhir/tools/StructureDefinition/ig-page-name","valueUrl":"StructureDefinition-Encounter-adultcheck.html"}],"nameUrl":"StructureDefinition-Encounter-adultcheck.html","title":"Encounter - AdultCheck","generation":"generated"},{"extension":[{"url":"http://hl7.org/fhir/tools/StructureDefinition/ig-page-name","valueUrl":"StructureDefinition-ObservationBMI-adultcheck.html"}],"nameUrl":"StructureDefinition-ObservationBMI-adultcheck.html","title":"Observation BMI - AdultCheck","generation":"generated"},{"extension":[{"url":"http://hl7.org/fhir/tools/StructureDefinition/ig-page-name","valueUrl":"StructureDefinition-ObservationDepression-adultcheck.html"}],"nameUrl":"StructureDefinition-ObservationDepression-adultcheck.html","title":"Observation Depression - AdultCheck","generation":"generated"},{"extension":[{"url":"http://hl7.org/fhir/tools/StructureDefinition/ig-page-name","valueUrl":"StructureDefinition-ObservationHeight-adultcheck.html"}],"nameUrl":"StructureDefinition-ObservationHeight-adultcheck.html","title":"Observation Height - AdultCheck","generation":"generated"},{"extension":[{"url":"http://hl7.org/fhir/tools/StructureDefinition/ig-page-name","valueUrl":"StructureDefinition-ObservationLab-adultcheck.html"}],"nameUrl":"StructureDefinition-ObservationLab-adultcheck.html","title":"Observation Lab - AdultCheck","generation":"generated"},{"extension":[{"url":"http://hl7.org/fhir/tools/StructureDefinition/ig-page-name","valueUrl":"StructureDefinition-ObservationPressure-adultcheck.html"}],"nameUrl":"StructureDefinition-ObservationPressure-adultcheck.html","title":"Observation Pressure - AdultCheck","generation":"generated"},{"extension":[{"url":"http://hl7.org/fhir/tools/StructureDefinition/ig-page-name","valueUrl":"StructureDefinition-ObservationSocial-adultcheck.html"}],"nameUrl":"StructureDefinition-ObservationSocial-adultcheck.html","title":"Observation Social - AdultCheck","generation":"generated"},{"extension":[{"url":"http://hl7.org/fhir/tools/StructureDefinition/ig-page-name","valueUrl":"StructureDefinition-ObservationWaist-adultcheck.html"}],"nameUrl":"StructureDefinition-ObservationWaist-adultcheck.html","title":"Observation Waist - AdultCheck","generation":"generated"},{"extension":[{"url":"http://hl7.org/fhir/tools/StructureDefinition/ig-page-name","valueUrl":"StructureDefinition-ObservationWeight-adultcheck.html"}],"nameUrl":"StructureDefinition-ObservationWeight-adultcheck.html","title":"Observation Weight - AdultCheck","generation":"generated"},{"extension":[{"url":"http://hl7.org/fhir/tools/StructureDefinition/ig-page-name","valueUrl":"StructureDefinition-Patient-adultcheck.html"}],"nameUrl":"StructureDefinition-Patient-adultcheck.html","title":"Patient - AdultCheck","generation":"generated"},{"extension":[{"url":"http://hl7.org/fhir/tools/StructureDefinition/ig-page-name","valueUrl":"ValueSet-adultcheck-lifecode.html"}],"nameUrl":"ValueSet-adultcheck-lifecode.html","title":"成人預防保健生活史代碼集值","generation":"generated"},{"extension":[{"url":"http://hl7.org/fhir/tools/StructureDefinition/ig-page-name","valueUrl":"ValueSet-adultcheck-code.html"}],"nameUrl":"ValueSet-adultcheck-code.html","title":"成人預防保健疾病史代碼集值","generation":"generated"},{"extension":[{"url":"http://hl7.org/fhir/tools/StructureDefinition/ig-page-name","valueUrl":"Bundle-bundle-example.html"}],"nameUrl":"Bundle-bundle-example.html","title":"bundle-example","generation":"generated"},{"extension":[{"url":"http://hl7.org/fhir/tools/StructureDefinition/ig-page-name","valueUrl":"Composition-composition-example.html"}],"nameUrl":"Composition-composition-example.html","title":"composition-example","generation":"generated"},{"extension":[{"url":"http://hl7.org/fhir/tools/StructureDefinition/ig-page-name","valueUrl":"Condition-condition-bp-example.html"}],"nameUrl":"Condition-condition-bp-example.html","title":"condition-bp-example","generation":"generated"},{"extension":[{"url":"http://hl7.org/fhir/tools/StructureDefinition/ig-page-name","valueUrl":"Condition-condition-db-example.html"}],"nameUrl":"Condition-condition-db-example.html","title":"condition-db-example","generation":"generated"},{"extension":[{"url":"http://hl7.org/fhir/tools/StructureDefinition/ig-page-name","valueUrl":"DiagnosticReport-diag-kidney-example.html"}],"nameUrl":"DiagnosticReport-diag-kidney-example.html","title":"diag-kidney-example","generation":"generated"},{"extension":[{"url":"http://hl7.org/fhir/tools/StructureDefinition/ig-page-name","valueUrl":"Encounter-encounter-example.html"}],"nameUrl":"Encounter-encounter-example.html","title":"encounter-example","generation":"generated"},{"extension":[{"url":"http://hl7.org/fhir/tools/StructureDefinition/ig-page-name","valueUrl":"Observation-observation-alcohol-example.html"}],"nameUrl":"Observation-observation-alcohol-example.html","title":"observation-alcohol-example","generation":"generated"},{"extension":[{"url":"http://hl7.org/fhir/tools/StructureDefinition/ig-page-name","valueUrl":"Observation-observation-bmi-example.html"}],"nameUrl":"Observation-observation-bmi-example.html","title":"observation-bmi-example","generation":"generated"},{"extension":[{"url":"http://hl7.org/fhir/tools/StructureDefinition/ig-page-name","valueUrl":"Observation-observation-checkbc-example.html"}],"nameUrl":"Observation-observation-checkbc-example.html","title":"observation-checkbc-example","generation":"generated"},{"extension":[{"url":"http://hl7.org/fhir/tools/StructureDefinition/ig-page-name","valueUrl":"Observation-observation-conaccident-example.html"}],"nameUrl":"Observation-observation-conaccident-example.html","title":"observation-conaccident-example","generation":"generated"},{"extension":[{"url":"http://hl7.org/fhir/tools/StructureDefinition/ig-page-name","valueUrl":"Observation-observation-condiet-example.html"}],"nameUrl":"Observation-observation-condiet-example.html","title":"observation-condiet-example","generation":"generated"},{"extension":[{"url":"http://hl7.org/fhir/tools/StructureDefinition/ig-page-name","valueUrl":"Observation-observation-conexercise-example.html"}],"nameUrl":"Observation-observation-conexercise-example.html","title":"observation-conexercise-example","generation":"generated"},{"extension":[{"url":"http://hl7.org/fhir/tools/StructureDefinition/ig-page-name","valueUrl":"Observation-observation-conliquor-example.html"}],"nameUrl":"Observation-observation-conliquor-example.html","title":"observation-conliquor-example","generation":"generated"},{"extension":[{"url":"http://hl7.org/fhir/tools/StructureDefinition/ig-page-name","valueUrl":"Observation-observation-connut-example.html"}],"nameUrl":"Observation-observation-connut-example.html","title":"observation-connut-example","generation":"generated"},{"extension":[{"url":"http://hl7.org/fhir/tools/StructureDefinition/ig-page-name","valueUrl":"Observation-observation-conoral-example.html"}],"nameUrl":"Observation-observation-conoral-example.html","title":"observation-conoral-example","generation":"generated"},{"extension":[{"url":"http://hl7.org/fhir/tools/StructureDefinition/ig-page-name","valueUrl":"Observation-observation-consmoke-example.html"}],"nameUrl":"Observation-observation-consmoke-example.html","title":"observation-consmoke-example","generation":"generated"},{"extension":[{"url":"http://hl7.org/fhir/tools/StructureDefinition/ig-page-name","valueUrl":"Observation-observation-conweight-example.html"}],"nameUrl":"Observation-observation-conweight-example.html","title":"observation-conweight-example","generation":"generated"},{"extension":[{"url":"http://hl7.org/fhir/tools/StructureDefinition/ig-page-name","valueUrl":"Observation-observation-depress-example.html"}],"nameUrl":"Observation-observation-depress-example.html","title":"observation-depress-example","generation":"generated"},{"extension":[{"url":"http://hl7.org/fhir/tools/StructureDefinition/ig-page-name","valueUrl":"Observation-observation-exercise-example.html"}],"nameUrl":"Observation-observation-exercise-example.html","title":"observation-exercise-example","generation":"generated"},{"extension":[{"url":"http://hl7.org/fhir/tools/StructureDefinition/ig-page-name","valueUrl":"Observation-observation-height-example.html"}],"nameUrl":"Observation-observation-height-example.html","title":"observation-height-example","generation":"generated"},{"extension":[{"url":"http://hl7.org/fhir/tools/StructureDefinition/ig-page-name","valueUrl":"Observation-observation-lab-b-example.html"}],"nameUrl":"Observation-observation-lab-b-example.html","title":"observation-lab-b-example","generation":"generated"},{"extension":[{"url":"http://hl7.org/fhir/tools/StructureDefinition/ig-page-name","valueUrl":"Observation-observation-lab-c-example.html"}],"nameUrl":"Observation-observation-lab-c-example.html","title":"observation-lab-c-example","generation":"generated"},{"extension":[{"url":"http://hl7.org/fhir/tools/StructureDefinition/ig-page-name","valueUrl":"Observation-observation-lab-creatinine-example.html"}],"nameUrl":"Observation-observation-lab-creatinine-example.html","title":"observation-lab-creatinine-example","generation":"generated"},{"extension":[{"url":"http://hl7.org/fhir/tools/StructureDefinition/ig-page-name","valueUrl":"Observation-observation-lab-got-example.html"}],"nameUrl":"Observation-observation-lab-got-example.html","title":"observation-lab-got-example","generation":"generated"},{"extension":[{"url":"http://hl7.org/fhir/tools/StructureDefinition/ig-page-name","valueUrl":"Observation-observation-lab-gpt-example.html"}],"nameUrl":"Observation-observation-lab-gpt-example.html","title":"observation-lab-gpt-example","generation":"generated"},{"extension":[{"url":"http://hl7.org/fhir/tools/StructureDefinition/ig-page-name","valueUrl":"Observation-observation-lab-highcholestero-example.html"}],"nameUrl":"Observation-observation-lab-highcholestero-example.html","title":"observation-lab-highcholestero-example","generation":"generated"},{"extension":[{"url":"http://hl7.org/fhir/tools/StructureDefinition/ig-page-name","valueUrl":"Observation-observation-lab-lowcholestero-example.html"}],"nameUrl":"Observation-observation-lab-lowcholestero-example.html","title":"observation-lab-lowcholestero-example","generation":"generated"},{"extension":[{"url":"http://hl7.org/fhir/tools/StructureDefinition/ig-page-name","valueUrl":"Observation-observation-lab-protein-example.html"}],"nameUrl":"Observation-observation-lab-protein-example.html","title":"observation-lab-protein-example","generation":"generated"},{"extension":[{"url":"http://hl7.org/fhir/tools/StructureDefinition/ig-page-name","valueUrl":"Observation-observation-lab-sugar-example.html"}],"nameUrl":"Observation-observation-lab-sugar-example.html","title":"observation-lab-sugar-example","generation":"generated"},{"extension":[{"url":"http://hl7.org/fhir/tools/StructureDefinition/ig-page-name","valueUrl":"Observation-observation-lab-tcholestero-example.html"}],"nameUrl":"Observation-observation-lab-tcholestero-example.html","title":"observation-lab-tcholestero-example","generation":"generated"},{"extension":[{"url":"http://hl7.org/fhir/tools/StructureDefinition/ig-page-name","valueUrl":"Observation-observation-lab-triglycerides-example.html"}],"nameUrl":"Observation-observation-lab-triglycerides-example.html","title":"observation-lab-triglycerides-example","generation":"generated"},{"extension":[{"url":"http://hl7.org/fhir/tools/StructureDefinition/ig-page-name","valueUrl":"Observation-observation-nut-example.html"}],"nameUrl":"Observation-observation-nut-example.html","title":"observation-nut-example","generation":"generated"},{"extension":[{"url":"http://hl7.org/fhir/tools/StructureDefinition/ig-page-name","valueUrl":"Observation-observation-pressure-example.html"}],"nameUrl":"Observation-observation-pressure-example.html","title":"observation-pressure-example","generation":"generated"},{"extension":[{"url":"http://hl7.org/fhir/tools/StructureDefinition/ig-page-name","valueUrl":"Observation-observation-smoke-example.html"}],"nameUrl":"Observation-observation-smoke-example.html","title":"observation-smoke-example","generation":"generated"},{"extension":[{"url":"http://hl7.org/fhir/tools/StructureDefinition/ig-page-name","valueUrl":"Observation-observation-waist-example.html"}],"nameUrl":"Observation-observation-waist-example.html","title":"observation-waist-example","generation":"generated"},{"extension":[{"url":"http://hl7.org/fhir/tools/StructureDefinition/ig-page-name","valueUrl":"Observation-observation-weight-example.html"}],"nameUrl":"Observation-observation-weight-example.html","title":"observation-weight-example","generation":"generated"},{"extension":[{"url":"http://hl7.org/fhir/tools/StructureDefinition/ig-page-name","valueUrl":"Organization-org-hosp-example.html"}],"nameUrl":"Organization-org-hosp-example.html","title":"org-hosp-example","generation":"generated"},{"extension":[{"url":"http://hl7.org/fhir/tools/StructureDefinition/ig-page-name","valueUrl":"Organization-org-test-example.html"}],"nameUrl":"Organization-org-test-example.html","title":"org-test-example","generation":"generated"},{"extension":[{"url":"http://hl7.org/fhir/tools/StructureDefinition/ig-page-name","valueUrl":"Patient-patient-example.html"}],"nameUrl":"Patient-patient-example.html","title":"patient-example","generation":"generated"}]}]},"parameter":[{"code":"path-resource","value":"input/capabilities"},{"code":"path-resource","value":"input/examples"},{"code":"path-resource","value":"input/extensions"},{"code":"path-resource","value":"input/models"},{"code":"path-resource","value":"input/operations"},{"code":"path-resource","value":"input/profiles"},{"code":"path-resource","value":"input/resources"},{"code":"path-resource","value":"input/vocabulary"},{"code":"path-resource","value":"input/maps"},{"code":"path-resource","value":"input/testing"},{"code":"path-resource","value":"input/history"},{"code":"path-resource","value":"fsh-generated/resources"},{"code":"path-pages","value":"template/config"},{"code":"path-pages","value":"input/images"},{"code":"path-tx-cache","value":"input-cache/txcache"}]}}