{"resourceType":"ValueSet","id":"snomed-health-consultation-code","text":{"status":"generated","div":"<div xmlns=\"http://www.w3.org/1999/xhtml\"><p class=\"res-header-id\"><b>Generated Narrative: ValueSet snomed-health-consultation-code</b></p><a name=\"snomed-health-consultation-code\"> </a><a name=\"hcsnomed-health-consultation-code\"> </a><a name=\"snomed-health-consultation-code-en-US\"> </a><ul><li>Include these codes as defined in <a href=\"http://www.snomed.org/\"><code>http://snomed.info/sct</code></a><table class=\"none\"><tr><td style=\"white-space:nowrap\"><b>Code</b></td><td><b>Display</b></td></tr><tr><td><a href=\"http://snomed.info/id/225323000\">225323000</a></td><td>Smoking cessation education</td></tr><tr><td><a href=\"http://snomed.info/id/281078001\">281078001</a></td><td>Education about alcohol consumption</td></tr><tr><td><a href=\"http://snomed.info/id/51011006\">51011006</a></td><td>Nutritional counseling for control of dental disease</td></tr><tr><td><a href=\"http://snomed.info/id/410289001\">410289001</a></td><td>Exercises education, guidance, and counseling</td></tr><tr><td><a href=\"http://snomed.info/id/388970003\">388970003</a></td><td>Weight maintenance consultation</td></tr><tr><td><a href=\"http://snomed.info/id/424753004\">424753004</a></td><td>Dietary management education, guidance, and counseling</td></tr><tr><td><a href=\"http://snomed.info/id/710737001\">710737001</a></td><td>Education about risk reduction technique</td></tr><tr><td><a href=\"http://snomed.info/id/58707002\">58707002</a></td><td>Oral hygiene education</td></tr><tr><td><a href=\"http://snomed.info/id/720510004\">720510004</a></td><td>Education about chronic kidney disease</td></tr><tr><td><a href=\"http://snomed.info/id/423167009\">423167009</a></td><td>Chronic disease process education</td></tr></table></li></ul></div>"},"url":"https://etatunghpa.com/ValueSet/snomed-health-consultation-code","version":"0.2.0","name":"SNOMEDHealthConsultation","title":"成人預防保健健康諮詢SNOMED Health Consultation代碼集值","status":"active","experimental":false,"date":"2025-04-18T15:37:31+08:00","publisher":"大世科 tsti","contact":[{"name":"大世科 tsti","telecom":[{"system":"url","value":"https://www.etatung.com/"}]}],"description":"成人預防保健健康行為SNOMED Health Consultation代碼集值。代碼更新日期：2025-04-18。","copyright":"This value set includes content from SNOMED CT, which is copyright © 2002+ International Health Terminology Standards Development Organisation (IHTSDO), and distributed by agreement between IHTSDO and HL7. Implementer use of SNOMED CT is not covered by this agreement.","compose":{"include":[{"system":"http://snomed.info/sct","concept":[{"code":"225323000","display":"Smoking cessation education"},{"code":"281078001","display":"Education about alcohol consumption"},{"code":"51011006","display":"Nutritional counseling for control of dental disease"},{"code":"410289001","display":"Exercises education, guidance, and counseling"},{"code":"388970003","display":"Weight maintenance consultation"},{"code":"424753004","display":"Dietary management education, guidance, and counseling"},{"code":"710737001","display":"Education about risk reduction technique"},{"code":"58707002","display":"Oral hygiene education"},{"code":"720510004","display":"Education about chronic kidney disease"},{"code":"423167009","display":"Chronic disease process education"}]}]}}