{"resourceType":"ValueSet","id":"snomed-medical-history-code","text":{"status":"generated","div":"<div xmlns=\"http://www.w3.org/1999/xhtml\"><p class=\"res-header-id\"><b>Generated Narrative: ValueSet snomed-medical-history-code</b></p><a name=\"snomed-medical-history-code\"> </a><a name=\"hcsnomed-medical-history-code\"> </a><a name=\"snomed-medical-history-code-en-US\"> </a><ul><li>Include these codes as defined in <a href=\"http://www.snomed.org/\"><code>http://snomed.info/sct</code></a><table class=\"none\"><tr><td style=\"white-space:nowrap\"><b>Code</b></td><td><b>Display</b></td></tr><tr><td><a href=\"http://snomed.info/id/161501007\">161501007</a></td><td>H/O: hypertension</td></tr><tr><td><a href=\"http://snomed.info/id/161445009\">161445009</a></td><td>H/O: diabetes mellitus</td></tr><tr><td><a href=\"http://snomed.info/id/161450003\">161450003</a></td><td>H/O: raised blood lipids</td></tr><tr><td><a href=\"http://snomed.info/id/275544003\">275544003</a></td><td>H/O: heart disorder</td></tr><tr><td><a href=\"http://snomed.info/id/275527002\">275527002</a></td><td>H/O: stroke</td></tr><tr><td><a href=\"http://snomed.info/id/275552000\">275552000</a></td><td>H/O: kidney disease</td></tr></table></li></ul></div>"},"url":"https://twhpa.tsti.com/ValueSet/snomed-medical-history-code","version":"0.2.1","name":"SNOMEDMedicalHistory","title":"成人預防保健疾病史SNOMED Medical History代碼集值","status":"active","experimental":false,"date":"2025-04-18T15:37:31+08:00","publisher":"大世科 tsti","contact":[{"name":"大世科 tsti","telecom":[{"system":"url","value":"https://www.etatung.com/"}]}],"description":"成人預防保健疾病史SNOMED Medical History代碼集值。代碼更新日期：2025-04-18。","compose":{"include":[{"system":"http://snomed.info/sct","concept":[{"code":"161501007","display":"H/O: hypertension"},{"code":"161445009","display":"H/O: diabetes mellitus"},{"code":"161450003","display":"H/O: raised blood lipids"},{"code":"275544003","display":"H/O: heart disorder"},{"code":"275527002","display":"H/O: stroke"},{"code":"275552000","display":"H/O: kidney disease"}]}]}}