{"resourceType":"ValueSet","id":"loinc-diagnostic-code","text":{"status":"generated","div":"<div xmlns=\"http://www.w3.org/1999/xhtml\"><p class=\"res-header-id\"><b>Generated Narrative: ValueSet loinc-diagnostic-code</b></p><a name=\"loinc-diagnostic-code\"> </a><a name=\"hcloinc-diagnostic-code\"> </a><a name=\"loinc-diagnostic-code-en-US\"> </a><ul><li>Include these codes as defined in <a href=\"http://loinc.org\"><code>http://loinc.org</code></a><table class=\"none\"><tr><td style=\"white-space:nowrap\"><b>Code</b></td><td><b>Display</b></td></tr><tr><td><a href=\"https://loinc.org/85354-9/\">85354-9</a></td><td>Blood pressure panel with all children optional</td></tr><tr><td><a href=\"https://loinc.org/2339-0/\">2339-0</a></td><td>Glucose [Mass/volume] in Blood</td></tr><tr><td><a href=\"https://loinc.org/100898-6/\">100898-6</a></td><td>Lipid panel - Serum or Plasma</td></tr><tr><td><a href=\"https://loinc.org/24362-6/\">24362-6</a></td><td>Renal function 2000 panel - Serum or Plasma</td></tr><tr><td><a href=\"https://loinc.org/24325-3/\">24325-3</a></td><td>Hepatic function 2000 panel - Serum or Plasma</td></tr><tr><td><a href=\"https://loinc.org/24323-8/\">24323-8</a></td><td>Comprehensive metabolic 2000 panel - Serum or Plasma</td></tr><tr><td><a href=\"https://loinc.org/5196-1/\">5196-1</a></td><td>Hepatitis B virus surface Ag [Presence] in Serum or Plasma by Immunoassay</td></tr><tr><td><a href=\"https://loinc.org/13955-0/\">13955-0</a></td><td>Hepatitis C virus Ab [Presence] in Serum or Plasma by Immunoassay</td></tr><tr><td><a href=\"https://loinc.org/55757-9/\">55757-9</a></td><td>Patient Health Questionnaire 2 item (PHQ-2) [Reported]</td></tr></table></li></ul></div>"},"url":"https://etatunghpa.com/ValueSet/loinc-diagnostic-code","version":"0.2.0","name":"LoincDiagnostic","title":"成人預防保健檢查結果與建議Loinc Diagnostic代碼集值","status":"active","experimental":false,"date":"2025-04-18T15:37:31+08:00","publisher":"大世科 tsti","contact":[{"name":"大世科 tsti","telecom":[{"system":"url","value":"https://www.etatung.com/"}]}],"description":"成人預防保健檢查結果與建議Loinc Diagnostic代碼集值。代碼更新日期：2025-04-18。","copyright":"This content LOINC® is copyright © 1995 Regenstrief Institute, Inc. and the LOINC Committee, and available at no cost under the license at http://loinc.org/terms-of-use","compose":{"include":[{"system":"http://loinc.org","concept":[{"code":"85354-9","display":"Blood pressure panel with all children optional"},{"code":"2339-0","display":"Glucose [Mass/volume] in Blood"},{"code":"100898-6","display":"Lipid panel - Serum or Plasma"},{"code":"24362-6","display":"Renal function 2000 panel - Serum or Plasma"},{"code":"24325-3","display":"Hepatic function 2000 panel - Serum or Plasma"},{"code":"24323-8","display":"Comprehensive metabolic 2000 panel - Serum or Plasma"},{"code":"5196-1","display":"Hepatitis B virus surface Ag [Presence] in Serum or Plasma by Immunoassay"},{"code":"13955-0","display":"Hepatitis C virus Ab [Presence] in Serum or Plasma by Immunoassay"},{"code":"55757-9","display":"Patient Health Questionnaire 2 item (PHQ-2) [Reported]"}]}]}}