{"resourceType":"ValueSet","id":"snomed-risk-assessment-code","text":{"status":"generated","div":"<div xmlns=\"http://www.w3.org/1999/xhtml\"><p class=\"res-header-id\"><b>Generated Narrative: ValueSet snomed-risk-assessment-code</b></p><a name=\"snomed-risk-assessment-code\"> </a><a name=\"hcsnomed-risk-assessment-code\"> </a><a name=\"snomed-risk-assessment-code-en-US\"> </a><ul><li>Include these codes as defined in <a href=\"http://www.snomed.org/\"><code>http://snomed.info/sct</code></a><table class=\"none\"><tr><td style=\"white-space:nowrap\"><b>Code</b></td><td><b>Display</b></td></tr><tr><td><a href=\"http://snomed.info/id/53741008\">53741008</a></td><td>Coronary arteriosclerosis</td></tr><tr><td><a href=\"http://snomed.info/id/73211009\">73211009</a></td><td>Diabetes mellitus</td></tr><tr><td><a href=\"http://snomed.info/id/38341003\">38341003</a></td><td>Hypertensive disorder</td></tr><tr><td><a href=\"http://snomed.info/id/230690007\">230690007</a></td><td>Cerebrovascular accident</td></tr><tr><td><a href=\"http://snomed.info/id/49601007\">49601007</a></td><td>Disorder of cardiovascular system</td></tr></table></li></ul></div>"},"url":"https://twhpa.tsti.com/ValueSet/snomed-risk-assessment-code","version":"0.2.1","name":"SNOMEDRiskAssessment","title":"成人預防保健慢性疾病風險SNOMED Risk Assessment代碼集值","status":"active","experimental":false,"date":"2025-04-18T15:37:31+08:00","publisher":"大世科 tsti","contact":[{"name":"大世科 tsti","telecom":[{"system":"url","value":"https://www.etatung.com/"}]}],"description":"成人預防保健慢性疾病風險SNOMED Risk Assessment代碼集值。代碼更新日期：2025-04-18。","copyright":"This value set includes content from SNOMED CT, which is copyright © 2002+ International Health Terminology Standards Development Organisation (IHTSDO), and distributed by agreement between IHTSDO and HL7. Implementer use of SNOMED CT is not covered by this agreement.","compose":{"include":[{"system":"http://snomed.info/sct","concept":[{"code":"53741008","display":"Coronary arteriosclerosis"},{"code":"73211009","display":"Diabetes mellitus"},{"code":"38341003","display":"Hypertensive disorder"},{"code":"230690007","display":"Cerebrovascular accident"},{"code":"49601007","display":"Disorder of cardiovascular system"}]}]}}