{"resourceType":"ValueSet","id":"snomed-health-behavior-code","text":{"status":"generated","div":"<div xmlns=\"http://www.w3.org/1999/xhtml\"><p class=\"res-header-id\"><b>Generated Narrative: ValueSet snomed-health-behavior-code</b></p><a name=\"snomed-health-behavior-code\"> </a><a name=\"hcsnomed-health-behavior-code\"> </a><a name=\"snomed-health-behavior-code-en-US\"> </a><ul><li>Include these codes as defined in <a href=\"http://www.snomed.org/\"><code>http://snomed.info/sct</code></a><table class=\"none\"><tr><td style=\"white-space:nowrap\"><b>Code</b></td><td><b>Display</b></td></tr><tr><td><a href=\"http://snomed.info/id/160573003\">160573003</a></td><td>Alcohol intake</td></tr><tr><td><a href=\"http://snomed.info/id/227491007\">227491007</a></td><td>Betal nut</td></tr><tr><td><a href=\"http://snomed.info/id/128976003\">128976003</a></td><td>Exercise state</td></tr><tr><td><a href=\"http://snomed.info/id/444266007\">444266007</a></td><td>Measurement of Hepatitis B surface antibody and Hepatitis C antibody</td></tr></table></li></ul></div>"},"url":"https://etatunghpa.com/ValueSet/snomed-health-behavior-code","version":"0.2.0","name":"SNOMEDHealthBehavior","title":"成人預防保健健康行為SNOMED Health Behavior代碼集值","status":"active","experimental":false,"date":"2025-04-18T15:37:31+08:00","publisher":"大世科 tsti","contact":[{"name":"大世科 tsti","telecom":[{"system":"url","value":"https://www.etatung.com/"}]}],"description":"成人預防保健健康行為SNOMED Health Behavior代碼集值。代碼更新日期：2025-04-18。","copyright":"This value set includes content from SNOMED CT, which is copyright © 2002+ International Health Terminology Standards Development Organisation (IHTSDO), and distributed by agreement between IHTSDO and HL7. Implementer use of SNOMED CT is not covered by this agreement.","compose":{"include":[{"system":"http://snomed.info/sct","concept":[{"code":"160573003","display":"Alcohol intake"},{"code":"227491007","display":"Betal nut"},{"code":"128976003","display":"Exercise state"},{"code":"444266007","display":"Measurement of Hepatitis B surface antibody and Hepatitis C antibody"}]}]}}