{
  "resourceType" : "Bundle",
  "id" : "bundle-example",
  "meta" : {
    "profile" : ["https://tstifhir.azurehealthcareapis.com/StructureDefinition/Bundle-adultcheck"]
  },
  "identifier" : {
    "use" : "official",
    "type" : {
      "coding" : [{
        "system" : "http://terminology.hl7.org/CodeSystem/v2-0203",
        "code" : "MRT"
      }]
    },
    "system" : "https://tsti.hospital.com",
    "value" : "000120230721"
  },
  "type" : "document",
  "timestamp" : "2022-08-01T17:00:14-05:00",
  "entry" : [{
    "fullUrl" : "urn:uuid:47600e0f-b6b5-4308-84b5-5dec157f7637",
    "resource" : {
      "resourceType" : "Composition",
      "id" : "composition-example",
      "meta" : {
        "profile" : ["https://tstifhir.azurehealthcareapis.com/StructureDefinition/Composition-adultcheck"]
      },
      "text" : {
        "status" : "generated",
        "div" : "<div xmlns=\"http://www.w3.org/1999/xhtml\"><p><b>Generated Narrative: Composition</b><a name=\"composition-example\"> </a></p><div style=\"display: inline-block; background-color: #d9e0e7; padding: 6px; margin: 4px; border: 1px solid #8da1b4; border-radius: 5px; line-height: 60%\"><p style=\"margin-bottom: 0px\">Resource Composition &quot;composition-example&quot; </p><p style=\"margin-bottom: 0px\">Profile: <a href=\"StructureDefinition-Composition-adultcheck.html\">Composition - AdultCheck</a></p></div><p><b>identifier</b>: Temporary Medical Record Number: 000120230721\u00a0(use:\u00a0OFFICIAL)</p><p><b>status</b>: final</p><p><b>type</b>: General medicine Hospital Progress note <span style=\"background: LightGoldenRodYellow; margin: 4px; border: 1px solid khaki\"> (<a href=\"https://loinc.org/\">LOINC</a>#100574-3)</span></p><p><b>encounter</b>: <a href=\"#Encounter_encounter-example\">See above (Encounter/encounter-example)</a></p><p><b>date</b>: 2022-08-01 17:00:14-0500</p><p><b>author</b>: <a href=\"#Organization_org-hosp-example\">See above (Organization/org-hosp-example)</a></p><p><b>title</b>: 成人健康檢查問卷</p></div>"
      },
      "identifier" : {
        "use" : "official",
        "type" : {
          "coding" : [{
            "system" : "http://terminology.hl7.org/CodeSystem/v2-0203",
            "code" : "MRT"
          }]
        },
        "system" : "https://tsti.hospital.com",
        "value" : "000120230721"
      },
      "status" : "final",
      "type" : {
        "coding" : [{
          "system" : "http://loinc.org",
          "code" : "100574-3",
          "display" : "General medicine Hospital Progress note"
        }]
      },
      "subject" : {
        "reference" : "Patient/patient-example"
      },
      "encounter" : {
        "reference" : "Encounter/encounter-example"
      },
      "date" : "2022-08-01T17:00:14-05:00",
      "author" : [{
        "reference" : "Organization/org-hosp-example"
      }],
      "title" : "成人健康檢查問卷",
      "section" : [{
        "title" : "疾病史-高血壓",
        "code" : {
          "coding" : [{
            "system" : "http://loinc.org",
            "code" : "34117-2",
            "display" : "History and physical note"
          }]
        },
        "entry" : [{
          "reference" : "Condition/condition-bp-example"
        }]
      },
      {
        "title" : "生理量測-身高",
        "code" : {
          "coding" : [{
            "system" : "http://loinc.org",
            "code" : "85353-1",
            "display" : "Vital signs, weight, height, head circumference, oxygen saturation and BMI panel"
          }]
        },
        "entry" : [{
          "reference" : "Observation/observation-height-example"
        }]
      },
      {
        "title" : "生理量測-體重",
        "code" : {
          "coding" : [{
            "system" : "http://loinc.org",
            "code" : "85353-1",
            "display" : "Vital signs, weight, height, head circumference, oxygen saturation and BMI panel"
          }]
        },
        "entry" : [{
          "reference" : "Observation/observation-weight-example"
        }]
      },
      {
        "title" : "生理量測-BMI",
        "code" : {
          "coding" : [{
            "system" : "http://loinc.org",
            "code" : "85353-1",
            "display" : "Vital signs, weight, height, head circumference, oxygen saturation and BMI panel"
          }]
        },
        "entry" : [{
          "reference" : "Observation/observation-bmi-example"
        }]
      },
      {
        "title" : "生理量測-血壓",
        "code" : {
          "coding" : [{
            "system" : "http://loinc.org",
            "code" : "85353-1",
            "display" : "Vital signs, weight, height, head circumference, oxygen saturation and BMI panel"
          }]
        },
        "entry" : [{
          "reference" : "Observation/observation-pressure-example"
        }]
      },
      {
        "title" : "生理量測-腰圍",
        "code" : {
          "coding" : [{
            "system" : "http://loinc.org",
            "code" : "85353-1",
            "display" : "Vital signs, weight, height, head circumference, oxygen saturation and BMI panel"
          }]
        },
        "entry" : [{
          "reference" : "Observation/observation-waist-example"
        }]
      },
      {
        "title" : "血糖",
        "code" : {
          "coding" : [{
            "system" : "http://loinc.org",
            "code" : "19146-0",
            "display" : "Referral lab test results"
          }]
        },
        "entry" : [{
          "reference" : "Observation/observation-lab-example"
        }]
      },
      {
        "title" : "憂鬱檢測",
        "code" : {
          "coding" : [{
            "system" : "http://loinc.org",
            "code" : "73832-8",
            "display" : "Adult depression screening assessment"
          }]
        },
        "entry" : [{
          "reference" : "Observation/observation-depress-example"
        }]
      },
      {
        "title" : "生活史-吸煙",
        "code" : {
          "coding" : [{
            "system" : "http://loinc.org",
            "code" : "35090-0",
            "display" : "Patient history"
          }]
        },
        "entry" : [{
          "reference" : "Observation/observation-smoke-example"
        }]
      },
      {
        "title" : "腎功能檢查結果判讀",
        "code" : {
          "coding" : [{
            "system" : "http://loinc.org",
            "code" : "50398-7",
            "display" : "Narrative diagnostic report [Interpretation]"
          }]
        },
        "entry" : [{
          "reference" : "DiagnosticReport/diag-kidney-example"
        }]
      }]
    }
  },
  {
    "fullUrl" : "urn:uuid:9a652678-4616-475d-af12-aca21cfbe06d",
    "resource" : {
      "resourceType" : "Patient",
      "id" : "patient-example",
      "meta" : {
        "profile" : ["https://tstifhir.azurehealthcareapis.com/StructureDefinition/Patient-adultcheck"]
      },
      "text" : {
        "status" : "generated",
        "div" : "<div xmlns=\"http://www.w3.org/1999/xhtml\"><p><b>Generated Narrative: Patient</b><a name=\"patient-example\"> </a></p><div style=\"display: inline-block; background-color: #d9e0e7; padding: 6px; margin: 4px; border: 1px solid #8da1b4; border-radius: 5px; line-height: 60%\"><p style=\"margin-bottom: 0px\">Resource Patient &quot;patient-example&quot; </p><p style=\"margin-bottom: 0px\">Profile: <a href=\"StructureDefinition-Patient-adultcheck.html\">Patient - AdultCheck</a></p></div><p><b>identifier</b>: National Person Identifier where the xxx is the ISO table 3166 3-character (alphabetic) country code: A123456789\u00a0(use:\u00a0OFFICIAL), Medical record number: 8862168\u00a0(use:\u00a0OFFICIAL), Provider number: 0123456789\u00a0(use:\u00a0OFFICIAL)</p><p><b>active</b>: true</p><p><b>name</b>: 陳加玲(OFFICIAL)</p><p><b>telecom</b>: ph: 0911327999(HOME)</p><p><b>gender</b>: female</p><p><b>birthDate</b>: 1990-01-01</p><p><b>address</b>: 臺北市 (HOME)</p><p><b>managingOrganization</b>: <a href=\"#Organization_org-hosp-example\">See above (Organization/org-hosp-example)</a></p></div>"
      },
      "identifier" : [{
        "use" : "official",
        "type" : {
          "coding" : [{
            "system" : "http://terminology.hl7.org/CodeSystem/v2-0203",
            "code" : "NNxxx",
            "_code" : {
              "extension" : [{
                "extension" : [{
                  "url" : "suffix",
                  "valueString" : "TWN"
                },
                {
                  "url" : "valueSet",
                  "valueCanonical" : "http://hl7.org/fhir/ValueSet/iso3166-1-3"
                }],
                "url" : "https://twcore.mohw.gov.tw/ig/twcore/StructureDefinition/identifier-suffix"
              }]
            }
          }]
        },
        "system" : "http://www.moi.gov.tw/",
        "value" : "A123456789"
      },
      {
        "use" : "official",
        "type" : {
          "coding" : [{
            "system" : "http://terminology.hl7.org/CodeSystem/v2-0203",
            "code" : "MR"
          }]
        },
        "system" : "https://www.tph.mohw.gov.tw/",
        "value" : "8862168"
      },
      {
        "use" : "official",
        "type" : {
          "coding" : [{
            "system" : "http://terminology.hl7.org/CodeSystem/v2-0203",
            "code" : "PRN"
          }]
        },
        "system" : "https://twcore.mohw.gov.tw/tsfhir/CodeSystem/organization-identifier-tw",
        "value" : "0123456789"
      }],
      "active" : true,
      "name" : [{
        "use" : "official",
        "text" : "陳加玲"
      }],
      "telecom" : [{
        "system" : "phone",
        "value" : "0911327999",
        "use" : "home"
      }],
      "gender" : "female",
      "birthDate" : "1990-01-01",
      "address" : [{
        "use" : "home",
        "type" : "both",
        "city" : "臺北市"
      }],
      "managingOrganization" : {
        "reference" : "Organization/org-hosp-example"
      }
    }
  },
  {
    "fullUrl" : "urn:uuid:9a652678-4616-475d-af88-aca21cfbe06d",
    "resource" : {
      "resourceType" : "Organization",
      "id" : "org-hosp-example",
      "meta" : {
        "profile" : ["https://twcore.mohw.gov.tw/ig/twcore/StructureDefinition/Organization-hosp-twcore"]
      },
      "text" : {
        "status" : "generated",
        "div" : "<div xmlns=\"http://www.w3.org/1999/xhtml\"><p><b>Generated Narrative: Organization</b><a name=\"org-hosp-example\"> </a></p><div style=\"display: inline-block; background-color: #d9e0e7; padding: 6px; margin: 4px; border: 1px solid #8da1b4; border-radius: 5px; line-height: 60%\"><p style=\"margin-bottom: 0px\">Resource Organization &quot;org-hosp-example&quot; </p><p style=\"margin-bottom: 0px\">Profile: <a href=\"https://twcore.mohw.gov.tw/ig/twcore/0.1.1/StructureDefinition-Organization-hosp-twcore.html\">TW Core Organization Hospital Department</a></p></div><p><b>identifier</b>: Provider number: 0131060029\u00a0(use:\u00a0OFFICIAL)</p><p><b>type</b>: Healthcare Provider <span style=\"background: LightGoldenRodYellow; margin: 4px; border: 1px solid khaki\"> (<a href=\"http://terminology.hl7.org/5.0.0/CodeSystem-organization-type.html\">Organization type</a>#prov)</span></p><p><b>name</b>: 衛生福利部臺北醫院</p><p><b>telecom</b>: ph: 0222765566</p></div>"
      },
      "identifier" : [{
        "use" : "official",
        "type" : {
          "coding" : [{
            "system" : "http://terminology.hl7.org/CodeSystem/v2-0203",
            "code" : "PRN"
          }]
        },
        "system" : "https://twcore.mohw.gov.tw/ig/twcore/CodeSystem/organization-identifier-tw",
        "value" : "0131060029"
      }],
      "type" : [{
        "coding" : [{
          "system" : "http://terminology.hl7.org/CodeSystem/organization-type",
          "code" : "prov"
        }]
      }],
      "name" : "衛生福利部臺北醫院",
      "telecom" : [{
        "system" : "phone",
        "value" : "0222765566"
      }]
    }
  },
  {
    "fullUrl" : "urn:uuid:0f9d081e-34b8-45a4-b98c-46b74c94f26d",
    "resource" : {
      "resourceType" : "Encounter",
      "id" : "encounter-example",
      "meta" : {
        "profile" : ["https://tstifhir.azurehealthcareapis.com/StructureDefinition/Encounter-adultcheck"]
      },
      "text" : {
        "status" : "generated",
        "div" : "<div xmlns=\"http://www.w3.org/1999/xhtml\"><p><b>Generated Narrative: Encounter</b><a name=\"encounter-example\"> </a></p><div style=\"display: inline-block; background-color: #d9e0e7; padding: 6px; margin: 4px; border: 1px solid #8da1b4; border-radius: 5px; line-height: 60%\"><p style=\"margin-bottom: 0px\">Resource Encounter &quot;encounter-example&quot; </p><p style=\"margin-bottom: 0px\">Profile: <a href=\"StructureDefinition-Encounter-adultcheck.html\">Encounter - AdultCheck</a></p></div><p><b>identifier</b>: Provider number: 0123456789\u00a0(use:\u00a0OFFICIAL), Temporary Medical Record Number: 000120230721\u00a0(use:\u00a0OFFICIAL)</p><p><b>status</b>: finished</p><blockquote><p><b>statusHistory</b></p><p><b>status</b>: arrived</p><p><b>period</b>: 2022-08-01 17:00:14-0500 --&gt; (ongoing)</p></blockquote><blockquote><p><b>statusHistory</b></p><p><b>status</b>: arrived</p><p><b>period</b>: 2022-08-05 17:00:14-0500 --&gt; (ongoing)</p></blockquote><p><b>class</b>: AMB (Details: [not stated] code AMB = 'AMB', stated as 'null')</p><p><b>serviceType</b>: 成人預防保健 <span style=\"background: LightGoldenRodYellow; margin: 4px; border: 1px solid khaki\"> ([not stated]#562 &quot;Test Message&quot;)</span></p><p><b>subject</b>: <a href=\"#Patient_patient-example\">See above (Patient/patient-example)</a></p><p><b>serviceProvider</b>: <a href=\"#Organization_org-hosp-example\">See above (Organization/org-hosp-example)</a></p></div>"
      },
      "identifier" : [{
        "use" : "official",
        "type" : {
          "coding" : [{
            "system" : "http://terminology.hl7.org/CodeSystem/v2-0203",
            "code" : "PRN"
          }]
        },
        "system" : "https://twcore.mohw.gov.tw/tsfhir/CodeSystem/organization-identifier-tw",
        "value" : "0123456789"
      },
      {
        "use" : "official",
        "type" : {
          "coding" : [{
            "system" : "http://terminology.hl7.org/CodeSystem/v2-0203",
            "code" : "MRT"
          }]
        },
        "system" : "https://tsti.hospital.com",
        "value" : "000120230721"
      }],
      "status" : "finished",
      "statusHistory" : [{
        "status" : "arrived",
        "period" : {
          "start" : "2022-08-01T17:00:14-05:00"
        }
      },
      {
        "status" : "arrived",
        "period" : {
          "start" : "2022-08-05T17:00:14-05:00"
        }
      }],
      "class" : {
        "code" : "AMB"
      },
      "serviceType" : {
        "coding" : [{
          "code" : "562",
          "display" : "Test Message"
        }],
        "text" : "成人預防保健"
      },
      "subject" : {
        "reference" : "Patient/patient-example"
      },
      "serviceProvider" : {
        "reference" : "Organization/org-hosp-example"
      }
    }
  },
  {
    "fullUrl" : "urn:uuid:e6f46b8b-6683-41c2-ab94-48017c8055b0",
    "resource" : {
      "resourceType" : "Condition",
      "id" : "condition-bp-example",
      "meta" : {
        "profile" : ["https://tstifhir.azurehealthcareapis.com/StructureDefinition/Condition-adultcheck"]
      },
      "text" : {
        "status" : "generated",
        "div" : "<div xmlns=\"http://www.w3.org/1999/xhtml\"><p><b>Generated Narrative: Condition</b><a name=\"condition-bp-example\"> </a></p><div style=\"display: inline-block; background-color: #d9e0e7; padding: 6px; margin: 4px; border: 1px solid #8da1b4; border-radius: 5px; line-height: 60%\"><p style=\"margin-bottom: 0px\">Resource Condition &quot;condition-bp-example&quot; </p><p style=\"margin-bottom: 0px\">Profile: <a href=\"StructureDefinition-Condition-adultcheck.html\">Condition - AdultCheck</a></p></div><p><b>identifier</b>: Provider number: 0123456789\u00a0(use:\u00a0OFFICIAL), Temporary Medical Record Number: 000120230721\u00a0(use:\u00a0OFFICIAL)</p><p><b>clinicalStatus</b>: Remission <span style=\"background: LightGoldenRodYellow; margin: 4px; border: 1px solid khaki\"> (<a href=\"http://terminology.hl7.org/5.0.0/CodeSystem-condition-clinical.html\">Condition Clinical Status Codes</a>#remission)</span></p><p><b>verificationStatus</b>: Confirmed <span style=\"background: LightGoldenRodYellow; margin: 4px; border: 1px solid khaki\"> (<a href=\"http://terminology.hl7.org/5.3.0/CodeSystem-condition-ver-status.html\">ConditionVerificationStatus</a>#confirmed)</span></p><p><b>category</b>: problem-list-item <span style=\"background: LightGoldenRodYellow; margin: 4px; border: 1px solid khaki\"> ([not stated]#problem-list-item)</span></p><p><b>code</b>: H/O: hypertension <span style=\"background: LightGoldenRodYellow; margin: 4px; border: 1px solid khaki\"> ([not stated]#161501007)</span></p><p><b>subject</b>: <a href=\"#Patient_patient-example\">See above (Patient/patient-example)</a></p><p><b>recordedDate</b>: 2022-08-05 17:00:14-0500</p></div>"
      },
      "identifier" : [{
        "use" : "official",
        "type" : {
          "coding" : [{
            "system" : "http://terminology.hl7.org/CodeSystem/v2-0203",
            "code" : "PRN"
          }]
        },
        "system" : "https://twcore.mohw.gov.tw/tsfhir/CodeSystem/organization-identifier-tw",
        "value" : "0123456789"
      },
      {
        "use" : "official",
        "type" : {
          "coding" : [{
            "system" : "http://terminology.hl7.org/CodeSystem/v2-0203",
            "code" : "MRT"
          }]
        },
        "system" : "https://tsti.hospital.com",
        "value" : "000120230721"
      }],
      "clinicalStatus" : {
        "coding" : [{
          "system" : "http://terminology.hl7.org/CodeSystem/condition-clinical",
          "code" : "remission"
        }]
      },
      "verificationStatus" : {
        "coding" : [{
          "system" : "http://terminology.hl7.org/CodeSystem/condition-ver-status",
          "code" : "confirmed"
        }]
      },
      "category" : [{
        "coding" : [{
          "code" : "problem-list-item"
        }]
      }],
      "code" : {
        "coding" : [{
          "code" : "161501007",
          "display" : "H/O: hypertension"
        }]
      },
      "subject" : {
        "reference" : "Patient/patient-example"
      },
      "recordedDate" : "2022-08-05T17:00:14-05:00"
    }
  },
  {
    "fullUrl" : "urn:uuid:60f0995e-79f0-4490-9374-d7c8ee4c4268",
    "resource" : {
      "resourceType" : "Observation",
      "id" : "observation-depress-example",
      "meta" : {
        "profile" : ["https://tstifhir.azurehealthcareapis.com/StructureDefinition/ObservationDepression-adultcheck"]
      },
      "text" : {
        "status" : "generated",
        "div" : "<div xmlns=\"http://www.w3.org/1999/xhtml\"><p><b>Generated Narrative: Observation</b><a name=\"observation-depress-example\"> </a></p><div style=\"display: inline-block; background-color: #d9e0e7; padding: 6px; margin: 4px; border: 1px solid #8da1b4; border-radius: 5px; line-height: 60%\"><p style=\"margin-bottom: 0px\">Resource Observation &quot;observation-depress-example&quot; </p><p style=\"margin-bottom: 0px\">Profile: <a href=\"StructureDefinition-ObservationDepression-adultcheck.html\">Observation Depression - AdultCheck</a></p></div><p><b>identifier</b>: Provider number: 0123456789\u00a0(use:\u00a0OFFICIAL), Temporary Medical Record Number: 000120230721\u00a0(use:\u00a0OFFICIAL)</p><p><b>status</b>: preliminary</p><p><b>category</b>: Exam <span style=\"background: LightGoldenRodYellow; margin: 4px; border: 1px solid khaki\"> (<a href=\"http://terminology.hl7.org/5.0.0/CodeSystem-observation-category.html\">Observation Category Codes</a>#exam)</span></p><p><b>code</b>: Beck Depression Inventory II [BDI] <span style=\"background: LightGoldenRodYellow; margin: 4px; border: 1px solid khaki\"> (<a href=\"https://loinc.org/\">LOINC</a>#89210-9)</span></p><p><b>subject</b>: <a href=\"#Patient_patient-example\">See above (Patient/patient-example)</a></p><p><b>effective</b>: 2022-08-01 17:00:14-0500</p><p><b>performer</b>: <a href=\"#Organization_org-hosp-example\">See above (Organization/org-hosp-example)</a></p><blockquote><p><b>component</b></p><p><b>code</b>: 憂鬱檢測：第一題 感覺情緒低落沮喪 <span style=\"background: LightGoldenRodYellow; margin: 4px; border: 1px solid khaki\"> (<a href=\"https://browser.ihtsdotools.org/\">SNOMED CT</a>#66446005 &quot;Depressed mood&quot;)</span></p><p><b>value</b>: 是</p></blockquote><blockquote><p><b>component</b></p><p><b>code</b>: 憂鬱檢測：第二題做事情失去興趣 <span style=\"background: LightGoldenRodYellow; margin: 4px; border: 1px solid khaki\"> (<a href=\"https://browser.ihtsdotools.org/\">SNOMED CT</a>#713566001 &quot;Lack of interest&quot;)</span></p><p><b>value</b>: 否</p></blockquote></div>"
      },
      "identifier" : [{
        "use" : "official",
        "type" : {
          "coding" : [{
            "system" : "http://terminology.hl7.org/CodeSystem/v2-0203",
            "code" : "PRN"
          }]
        },
        "system" : "https://twcore.mohw.gov.tw/tsfhir/CodeSystem/organization-identifier-tw",
        "value" : "0123456789"
      },
      {
        "use" : "official",
        "type" : {
          "coding" : [{
            "system" : "http://terminology.hl7.org/CodeSystem/v2-0203",
            "code" : "MRT"
          }]
        },
        "system" : "https://tsti.hospital.com",
        "value" : "000120230721"
      }],
      "status" : "preliminary",
      "category" : [{
        "coding" : [{
          "system" : "http://terminology.hl7.org/CodeSystem/observation-category",
          "code" : "exam",
          "display" : "Exam"
        }]
      }],
      "code" : {
        "coding" : [{
          "system" : "http://loinc.org",
          "code" : "89210-9",
          "display" : "Beck Depression Inventory II [BDI]"
        }]
      },
      "subject" : {
        "reference" : "Patient/patient-example"
      },
      "effectiveDateTime" : "2022-08-01T17:00:14-05:00",
      "performer" : [{
        "reference" : "Organization/org-hosp-example"
      }],
      "component" : [{
        "code" : {
          "coding" : [{
            "system" : "http://snomed.info/sct",
            "code" : "66446005",
            "display" : "Depressed mood"
          }],
          "text" : "憂鬱檢測：第一題 感覺情緒低落沮喪"
        },
        "valueString" : "是"
      },
      {
        "code" : {
          "coding" : [{
            "system" : "http://snomed.info/sct",
            "code" : "713566001",
            "display" : "Lack of interest"
          }],
          "text" : "憂鬱檢測：第二題做事情失去興趣"
        },
        "valueString" : "否"
      }]
    }
  },
  {
    "fullUrl" : "urn:uuid:ae8f1033-c524-409a-afed-0dc8e85e7c5a",
    "resource" : {
      "resourceType" : "Observation",
      "id" : "observation-lab-example",
      "meta" : {
        "profile" : ["https://tstifhir.azurehealthcareapis.com/StructureDefinition/ObservationLab-adultcheck"]
      },
      "text" : {
        "status" : "generated",
        "div" : "<div xmlns=\"http://www.w3.org/1999/xhtml\"><p><b>Generated Narrative: Observation</b><a name=\"observation-lab-example\"> </a></p><div style=\"display: inline-block; background-color: #d9e0e7; padding: 6px; margin: 4px; border: 1px solid #8da1b4; border-radius: 5px; line-height: 60%\"><p style=\"margin-bottom: 0px\">Resource Observation &quot;observation-lab-example&quot; </p><p style=\"margin-bottom: 0px\">Profile: <a href=\"StructureDefinition-ObservationLab-adultcheck.html\">Observation Lab - AdultCheck</a></p></div><p><b>identifier</b>: Provider number: 0123456789\u00a0(use:\u00a0OFFICIAL), Temporary Medical Record Number: 000120230721\u00a0(use:\u00a0OFFICIAL)</p><p><b>status</b>: preliminary</p><p><b>code</b>: 血液及體液葡萄糖 <span style=\"background: LightGoldenRodYellow; margin: 4px; border: 1px solid khaki\"> (<a href=\"https://twcore.mohw.gov.tw/ig/twcore/0.1.1/CodeSystem-medical-service-payment-tw.html\">臺灣醫療服務給付項目</a>#09005C)</span></p><p><b>subject</b>: <a href=\"#Patient_patient-example\">See above (Patient/patient-example)</a></p><p><b>effective</b>: 2022-08-01 17:00:14-0500</p><p><b>performer</b>: <a href=\"#Organization_org-hosp-example\">See above (Organization/org-hosp-example)</a></p><p><b>value</b>: 15 mg/dl<span style=\"background: LightGoldenRodYellow\"> (Details: UCUM code mg/dl = 'mg/dl')</span></p><h3>ReferenceRanges</h3><table class=\"grid\"><tr><td style=\"display: none\">-</td><td><b>Low</b></td><td><b>High</b></td></tr><tr><td style=\"display: none\">*</td><td>80 mg/dl<span style=\"background: LightGoldenRodYellow\"> (Details: UCUM code mg/dl = 'mg/dl')</span></td><td>120 mg/dl<span style=\"background: LightGoldenRodYellow\"> (Details: UCUM code mg/dl = 'mg/dl')</span></td></tr></table></div>"
      },
      "identifier" : [{
        "use" : "official",
        "type" : {
          "coding" : [{
            "system" : "http://terminology.hl7.org/CodeSystem/v2-0203",
            "code" : "PRN"
          }]
        },
        "system" : "https://twcore.mohw.gov.tw/tsfhir/CodeSystem/organization-identifier-tw",
        "value" : "0123456789"
      },
      {
        "use" : "official",
        "type" : {
          "coding" : [{
            "system" : "http://terminology.hl7.org/CodeSystem/v2-0203",
            "code" : "MRT"
          }]
        },
        "system" : "https://tsti.hospital.com",
        "value" : "000120230721"
      }],
      "status" : "preliminary",
      "code" : {
        "coding" : [{
          "system" : "https://twcore.mohw.gov.tw/ig/twcore/CodeSystem/medical-service-payment-tw",
          "code" : "09005C",
          "display" : "血液及體液葡萄糖"
        }]
      },
      "subject" : {
        "reference" : "Patient/patient-example"
      },
      "effectiveDateTime" : "2022-08-01T17:00:14-05:00",
      "performer" : [{
        "reference" : "Organization/org-hosp-example"
      }],
      "valueQuantity" : {
        "value" : 15,
        "unit" : "mg/dl",
        "system" : "http://unitsofmeasure.org",
        "code" : "mg/dl"
      },
      "referenceRange" : [{
        "low" : {
          "value" : 80,
          "unit" : "mg/dl",
          "system" : "http://unitsofmeasure.org",
          "code" : "mg/dl"
        },
        "high" : {
          "value" : 120,
          "unit" : "mg/dl",
          "system" : "http://unitsofmeasure.org",
          "code" : "mg/dl"
        }
      }]
    }
  },
  {
    "fullUrl" : "urn:uuid:0055f405-10c5-4c1c-81ad-bb8ab59774d9",
    "resource" : {
      "resourceType" : "Observation",
      "id" : "observation-smoke-example",
      "meta" : {
        "profile" : ["https://tstifhir.azurehealthcareapis.com/StructureDefinition/ObservationLife-adultcheck"]
      },
      "text" : {
        "status" : "generated",
        "div" : "<div xmlns=\"http://www.w3.org/1999/xhtml\"><p><b>Generated Narrative: Observation</b><a name=\"observation-smoke-example\"> </a></p><div style=\"display: inline-block; background-color: #d9e0e7; padding: 6px; margin: 4px; border: 1px solid #8da1b4; border-radius: 5px; line-height: 60%\"><p style=\"margin-bottom: 0px\">Resource Observation &quot;observation-smoke-example&quot; </p><p style=\"margin-bottom: 0px\">Profile: <a href=\"StructureDefinition-ObservationLife-adultcheck.html\">Observation Life - AdultCheck</a></p></div><p><b>identifier</b>: Provider number: 0123456789\u00a0(use:\u00a0OFFICIAL), Temporary Medical Record Number: 000120230721\u00a0(use:\u00a0OFFICIAL)</p><p><b>status</b>: preliminary</p><p><b>category</b>: Social History <span style=\"background: LightGoldenRodYellow; margin: 4px; border: 1px solid khaki\"> (<a href=\"http://terminology.hl7.org/5.0.0/CodeSystem-observation-category.html\">Observation Category Codes</a>#social-history)</span></p><p><b>code</b>: 吸煙 <span style=\"background: LightGoldenRodYellow; margin: 4px; border: 1px solid khaki\"> (<a href=\"https://browser.ihtsdotools.org/\">SNOMED CT</a>#230056004 &quot;Cigarette consumption&quot;)</span></p><p><b>subject</b>: <a href=\"#Patient_patient-example\">See above (Patient/patient-example)</a></p><p><b>effective</b>: 2022-08-01 17:00:14-0500</p><p><b>performer</b>: <a href=\"#Organization_org-hosp-example\">See above (Organization/org-hosp-example)</a></p><p><b>value</b>: 朋友敬菸或應酬才吸菸</p></div>"
      },
      "identifier" : [{
        "use" : "official",
        "type" : {
          "coding" : [{
            "system" : "http://terminology.hl7.org/CodeSystem/v2-0203",
            "code" : "PRN"
          }]
        },
        "system" : "https://twcore.mohw.gov.tw/tsfhir/CodeSystem/organization-identifier-tw",
        "value" : "0123456789"
      },
      {
        "use" : "official",
        "type" : {
          "coding" : [{
            "system" : "http://terminology.hl7.org/CodeSystem/v2-0203",
            "code" : "MRT"
          }]
        },
        "system" : "https://tsti.hospital.com",
        "value" : "000120230721"
      }],
      "status" : "preliminary",
      "category" : [{
        "coding" : [{
          "system" : "http://terminology.hl7.org/CodeSystem/observation-category",
          "code" : "social-history",
          "display" : "Social History"
        }]
      }],
      "code" : {
        "coding" : [{
          "system" : "http://snomed.info/sct",
          "code" : "230056004",
          "display" : "Cigarette consumption"
        }],
        "text" : "吸煙"
      },
      "subject" : {
        "reference" : "Patient/patient-example"
      },
      "effectiveDateTime" : "2022-08-01T17:00:14-05:00",
      "performer" : [{
        "reference" : "Organization/org-hosp-example"
      }],
      "valueString" : "朋友敬菸或應酬才吸菸"
    }
  },
  {
    "fullUrl" : "urn:uuid:a363ec96-f199-4739-a677-aee8422b4ee9",
    "resource" : {
      "resourceType" : "Observation",
      "id" : "observation-height-example",
      "meta" : {
        "profile" : ["https://tstifhir.azurehealthcareapis.com/StructureDefinition/ObservationHeight-adultcheck"]
      },
      "text" : {
        "status" : "generated",
        "div" : "<div xmlns=\"http://www.w3.org/1999/xhtml\"><p><b>Generated Narrative: Observation</b><a name=\"observation-height-example\"> </a></p><div style=\"display: inline-block; background-color: #d9e0e7; padding: 6px; margin: 4px; border: 1px solid #8da1b4; border-radius: 5px; line-height: 60%\"><p style=\"margin-bottom: 0px\">Resource Observation &quot;observation-height-example&quot; </p><p style=\"margin-bottom: 0px\">Profile: <a href=\"StructureDefinition-ObservationHeight-adultcheck.html\">Observation Height - AdultCheck</a></p></div><p><b>identifier</b>: Provider number: 0123456789\u00a0(use:\u00a0OFFICIAL), Temporary Medical Record Number: 000120230721\u00a0(use:\u00a0OFFICIAL)</p><p><b>status</b>: preliminary</p><p><b>category</b>: Vital Signs <span style=\"background: LightGoldenRodYellow; margin: 4px; border: 1px solid khaki\"> (<a href=\"http://terminology.hl7.org/5.0.0/CodeSystem-observation-category.html\">Observation Category Codes</a>#vital-signs)</span></p><p><b>code</b>: 8302-2 <span style=\"background: LightGoldenRodYellow; margin: 4px; border: 1px solid khaki\"> (<a href=\"https://loinc.org/\">LOINC</a>#8302-2)</span></p><p><b>subject</b>: <a href=\"#Patient_patient-example\">See above (Patient/patient-example)</a></p><p><b>effective</b>: 2022-08-01 17:00:14-0500</p><p><b>performer</b>: <a href=\"#Organization_org-hosp-example\">See above (Organization/org-hosp-example)</a></p><p><b>value</b>: 160 cm<span style=\"background: LightGoldenRodYellow\"> (Details: UCUM code cm = 'cm')</span></p></div>"
      },
      "identifier" : [{
        "use" : "official",
        "type" : {
          "coding" : [{
            "system" : "http://terminology.hl7.org/CodeSystem/v2-0203",
            "code" : "PRN"
          }]
        },
        "system" : "https://twcore.mohw.gov.tw/tsfhir/CodeSystem/organization-identifier-tw",
        "value" : "0123456789"
      },
      {
        "use" : "official",
        "type" : {
          "coding" : [{
            "system" : "http://terminology.hl7.org/CodeSystem/v2-0203",
            "code" : "MRT"
          }]
        },
        "system" : "https://tsti.hospital.com",
        "value" : "000120230721"
      }],
      "status" : "preliminary",
      "category" : [{
        "coding" : [{
          "system" : "http://terminology.hl7.org/CodeSystem/observation-category",
          "code" : "vital-signs"
        }]
      }],
      "code" : {
        "coding" : [{
          "system" : "http://loinc.org",
          "code" : "8302-2"
        }]
      },
      "subject" : {
        "reference" : "Patient/patient-example"
      },
      "effectiveDateTime" : "2022-08-01T17:00:14-05:00",
      "performer" : [{
        "reference" : "Organization/org-hosp-example"
      }],
      "valueQuantity" : {
        "value" : 160,
        "unit" : "cm",
        "system" : "http://unitsofmeasure.org",
        "code" : "cm"
      }
    }
  },
  {
    "fullUrl" : "urn:uuid:2ffea95e-cfa0-4d54-bc70-78a0c1e437f8",
    "resource" : {
      "resourceType" : "Observation",
      "id" : "observation-weight-example",
      "meta" : {
        "profile" : ["https://tstifhir.azurehealthcareapis.com/StructureDefinition/ObservationWeight-adultcheck"]
      },
      "text" : {
        "status" : "generated",
        "div" : "<div xmlns=\"http://www.w3.org/1999/xhtml\"><p><b>Generated Narrative: Observation</b><a name=\"observation-weight-example\"> </a></p><div style=\"display: inline-block; background-color: #d9e0e7; padding: 6px; margin: 4px; border: 1px solid #8da1b4; border-radius: 5px; line-height: 60%\"><p style=\"margin-bottom: 0px\">Resource Observation &quot;observation-weight-example&quot; </p><p style=\"margin-bottom: 0px\">Profile: <a href=\"StructureDefinition-ObservationWeight-adultcheck.html\">Observation Weight - AdultCheck</a></p></div><p><b>identifier</b>: Provider number: 0123456789\u00a0(use:\u00a0OFFICIAL), Temporary Medical Record Number: 000120230721\u00a0(use:\u00a0OFFICIAL)</p><p><b>status</b>: preliminary</p><p><b>category</b>: Vital Signs <span style=\"background: LightGoldenRodYellow; margin: 4px; border: 1px solid khaki\"> (<a href=\"http://terminology.hl7.org/5.0.0/CodeSystem-observation-category.html\">Observation Category Codes</a>#vital-signs)</span></p><p><b>code</b>: 29463-7 <span style=\"background: LightGoldenRodYellow; margin: 4px; border: 1px solid khaki\"> (<a href=\"https://loinc.org/\">LOINC</a>#29463-7)</span></p><p><b>subject</b>: <a href=\"#Patient_patient-example\">See above (Patient/patient-example)</a></p><p><b>effective</b>: 2022-08-01 17:00:14-0500</p><p><b>performer</b>: <a href=\"#Organization_org-hosp-example\">See above (Organization/org-hosp-example)</a></p><p><b>value</b>: 50 kg<span style=\"background: LightGoldenRodYellow\"> (Details: UCUM code kg = 'kg')</span></p></div>"
      },
      "identifier" : [{
        "use" : "official",
        "type" : {
          "coding" : [{
            "system" : "http://terminology.hl7.org/CodeSystem/v2-0203",
            "code" : "PRN"
          }]
        },
        "system" : "https://twcore.mohw.gov.tw/tsfhir/CodeSystem/organization-identifier-tw",
        "value" : "0123456789"
      },
      {
        "use" : "official",
        "type" : {
          "coding" : [{
            "system" : "http://terminology.hl7.org/CodeSystem/v2-0203",
            "code" : "MRT"
          }]
        },
        "system" : "https://tsti.hospital.com",
        "value" : "000120230721"
      }],
      "status" : "preliminary",
      "category" : [{
        "coding" : [{
          "system" : "http://terminology.hl7.org/CodeSystem/observation-category",
          "code" : "vital-signs"
        }]
      }],
      "code" : {
        "coding" : [{
          "system" : "http://loinc.org",
          "code" : "29463-7"
        }]
      },
      "subject" : {
        "reference" : "Patient/patient-example"
      },
      "effectiveDateTime" : "2022-08-01T17:00:14-05:00",
      "performer" : [{
        "reference" : "Organization/org-hosp-example"
      }],
      "valueQuantity" : {
        "value" : 50,
        "unit" : "kg",
        "system" : "http://unitsofmeasure.org",
        "code" : "kg"
      }
    }
  },
  {
    "fullUrl" : "urn:uuid:05a41a1e-7f87-4fec-90a3-b7f674ebaf73",
    "resource" : {
      "resourceType" : "Observation",
      "id" : "observation-waist-example",
      "meta" : {
        "profile" : ["https://tstifhir.azurehealthcareapis.com/StructureDefinition/ObservationWaist-adultcheck"]
      },
      "text" : {
        "status" : "generated",
        "div" : "<div xmlns=\"http://www.w3.org/1999/xhtml\"><p><b>Generated Narrative: Observation</b><a name=\"observation-waist-example\"> </a></p><div style=\"display: inline-block; background-color: #d9e0e7; padding: 6px; margin: 4px; border: 1px solid #8da1b4; border-radius: 5px; line-height: 60%\"><p style=\"margin-bottom: 0px\">Resource Observation &quot;observation-waist-example&quot; </p><p style=\"margin-bottom: 0px\">Profile: <a href=\"StructureDefinition-ObservationWaist-adultcheck.html\">Observation Waist - AdultCheck</a></p></div><p><b>identifier</b>: Provider number: 0123456789\u00a0(use:\u00a0OFFICIAL), Temporary Medical Record Number: 000120230721\u00a0(use:\u00a0OFFICIAL)</p><p><b>status</b>: preliminary</p><p><b>category</b>: Vital Signs <span style=\"background: LightGoldenRodYellow; margin: 4px; border: 1px solid khaki\"> ([not stated]#vital-signs)</span></p><p><b>code</b>: 56117-5 <span style=\"background: LightGoldenRodYellow; margin: 4px; border: 1px solid khaki\"> (<a href=\"https://loinc.org/\">LOINC</a>#56117-5)</span></p><p><b>subject</b>: <a href=\"#Patient_patient-example\">See above (Patient/patient-example)</a></p><p><b>effective</b>: 2022-08-01 17:00:14-0500</p><p><b>performer</b>: <a href=\"#Organization_org-hosp-example\">See above (Organization/org-hosp-example)</a></p><p><b>value</b>: 30 inch<span style=\"background: LightGoldenRodYellow\"> (Details: UCUM code [in_i] = '[in_i]')</span></p></div>"
      },
      "identifier" : [{
        "use" : "official",
        "type" : {
          "coding" : [{
            "system" : "http://terminology.hl7.org/CodeSystem/v2-0203",
            "code" : "PRN"
          }]
        },
        "system" : "https://twcore.mohw.gov.tw/tsfhir/CodeSystem/organization-identifier-tw",
        "value" : "0123456789"
      },
      {
        "use" : "official",
        "type" : {
          "coding" : [{
            "system" : "http://terminology.hl7.org/CodeSystem/v2-0203",
            "code" : "MRT"
          }]
        },
        "system" : "https://tsti.hospital.com",
        "value" : "000120230721"
      }],
      "status" : "preliminary",
      "category" : [{
        "coding" : [{
          "code" : "vital-signs",
          "display" : "Vital Signs"
        }]
      }],
      "code" : {
        "coding" : [{
          "system" : "http://loinc.org",
          "code" : "56117-5"
        }]
      },
      "subject" : {
        "reference" : "Patient/patient-example"
      },
      "effectiveDateTime" : "2022-08-01T17:00:14-05:00",
      "performer" : [{
        "reference" : "Organization/org-hosp-example"
      }],
      "valueQuantity" : {
        "value" : 30,
        "unit" : "inch",
        "system" : "http://unitsofmeasure.org",
        "code" : "[in_i]"
      }
    }
  },
  {
    "fullUrl" : "urn:uuid:38ae699f-da77-43cf-ad27-799cedc884e4",
    "resource" : {
      "resourceType" : "Observation",
      "id" : "observation-bmi-example",
      "meta" : {
        "profile" : ["https://tstifhir.azurehealthcareapis.com/StructureDefinition/ObservationBMI-adultcheck"]
      },
      "text" : {
        "status" : "generated",
        "div" : "<div xmlns=\"http://www.w3.org/1999/xhtml\"><p><b>Generated Narrative: Observation</b><a name=\"observation-bmi-example\"> </a></p><div style=\"display: inline-block; background-color: #d9e0e7; padding: 6px; margin: 4px; border: 1px solid #8da1b4; border-radius: 5px; line-height: 60%\"><p style=\"margin-bottom: 0px\">Resource Observation &quot;observation-bmi-example&quot; </p><p style=\"margin-bottom: 0px\">Profile: <a href=\"StructureDefinition-ObservationBMI-adultcheck.html\">Observation BMI - AdultCheck</a></p></div><p><b>identifier</b>: Provider number: 0123456789\u00a0(use:\u00a0OFFICIAL), Temporary Medical Record Number: 000120230721\u00a0(use:\u00a0OFFICIAL)</p><p><b>status</b>: preliminary</p><p><b>category</b>: Vital Signs <span style=\"background: LightGoldenRodYellow; margin: 4px; border: 1px solid khaki\"> (<a href=\"http://terminology.hl7.org/5.0.0/CodeSystem-observation-category.html\">Observation Category Codes</a>#vital-signs)</span></p><p><b>code</b>: 39156-5 <span style=\"background: LightGoldenRodYellow; margin: 4px; border: 1px solid khaki\"> (<a href=\"https://loinc.org/\">LOINC</a>#39156-5)</span></p><p><b>subject</b>: <a href=\"#Patient_patient-example\">See above (Patient/patient-example)</a></p><p><b>effective</b>: 2022-08-01 17:00:14-0500</p><p><b>performer</b>: <a href=\"#Organization_org-hosp-example\">See above (Organization/org-hosp-example)</a></p><p><b>value</b>: 18 kg/m2<span style=\"background: LightGoldenRodYellow\"> (Details: UCUM code kg/m2 = 'kg/m2')</span></p></div>"
      },
      "identifier" : [{
        "use" : "official",
        "type" : {
          "coding" : [{
            "system" : "http://terminology.hl7.org/CodeSystem/v2-0203",
            "code" : "PRN"
          }]
        },
        "system" : "https://twcore.mohw.gov.tw/tsfhir/CodeSystem/organization-identifier-tw",
        "value" : "0123456789"
      },
      {
        "use" : "official",
        "type" : {
          "coding" : [{
            "system" : "http://terminology.hl7.org/CodeSystem/v2-0203",
            "code" : "MRT"
          }]
        },
        "system" : "https://tsti.hospital.com",
        "value" : "000120230721"
      }],
      "status" : "preliminary",
      "category" : [{
        "coding" : [{
          "system" : "http://terminology.hl7.org/CodeSystem/observation-category",
          "code" : "vital-signs"
        }]
      }],
      "code" : {
        "coding" : [{
          "system" : "http://loinc.org",
          "code" : "39156-5"
        }]
      },
      "subject" : {
        "reference" : "Patient/patient-example"
      },
      "effectiveDateTime" : "2022-08-01T17:00:14-05:00",
      "performer" : [{
        "reference" : "Organization/org-hosp-example"
      }],
      "valueQuantity" : {
        "value" : 18,
        "unit" : "kg/m2",
        "system" : "http://unitsofmeasure.org",
        "code" : "kg/m2"
      }
    }
  },
  {
    "fullUrl" : "urn:uuid:49833269-847f-4ae8-981b-6ce1f05b1d62",
    "resource" : {
      "resourceType" : "Observation",
      "id" : "observation-pressure-example",
      "meta" : {
        "profile" : ["https://tstifhir.azurehealthcareapis.com/StructureDefinition/ObservationPressure-adultcheck"]
      },
      "text" : {
        "status" : "generated",
        "div" : "<div xmlns=\"http://www.w3.org/1999/xhtml\"><p><b>Generated Narrative: Observation</b><a name=\"observation-pressure-example\"> </a></p><div style=\"display: inline-block; background-color: #d9e0e7; padding: 6px; margin: 4px; border: 1px solid #8da1b4; border-radius: 5px; line-height: 60%\"><p style=\"margin-bottom: 0px\">Resource Observation &quot;observation-pressure-example&quot; </p><p style=\"margin-bottom: 0px\">Profile: <a href=\"StructureDefinition-ObservationPressure-adultcheck.html\">Observation Pressure - AdultCheck</a></p></div><p><b>identifier</b>: Provider number: 0123456789\u00a0(use:\u00a0OFFICIAL), Temporary Medical Record Number: 000120230721\u00a0(use:\u00a0OFFICIAL)</p><p><b>status</b>: preliminary</p><p><b>category</b>: Vital Signs <span style=\"background: LightGoldenRodYellow; margin: 4px; border: 1px solid khaki\"> (<a href=\"http://terminology.hl7.org/5.0.0/CodeSystem-observation-category.html\">Observation Category Codes</a>#vital-signs)</span></p><p><b>code</b>: 85354-9 <span style=\"background: LightGoldenRodYellow; margin: 4px; border: 1px solid khaki\"> (<a href=\"https://loinc.org/\">LOINC</a>#85354-9)</span></p><p><b>subject</b>: <a href=\"#Patient_patient-example\">See above (Patient/patient-example)</a></p><p><b>effective</b>: 2022-08-01 17:00:14-0500</p><p><b>performer</b>: <a href=\"#Organization_org-hosp-example\">See above (Organization/org-hosp-example)</a></p><blockquote><p><b>component</b></p><p><b>code</b>: 8462-4 <span style=\"background: LightGoldenRodYellow; margin: 4px; border: 1px solid khaki\"> (<a href=\"https://loinc.org/\">LOINC</a>#8462-4)</span></p><p><b>value</b>: 110 mmHg<span style=\"background: LightGoldenRodYellow\"> (Details: UCUM code mm[Hg] = 'mm[Hg]')</span></p></blockquote><blockquote><p><b>component</b></p><p><b>code</b>: 8480-6 <span style=\"background: LightGoldenRodYellow; margin: 4px; border: 1px solid khaki\"> (<a href=\"https://loinc.org/\">LOINC</a>#8480-6)</span></p><p><b>value</b>: 56 mmHg<span style=\"background: LightGoldenRodYellow\"> (Details: UCUM code mm[Hg] = 'mm[Hg]')</span></p></blockquote></div>"
      },
      "identifier" : [{
        "use" : "official",
        "type" : {
          "coding" : [{
            "system" : "http://terminology.hl7.org/CodeSystem/v2-0203",
            "code" : "PRN"
          }]
        },
        "system" : "https://twcore.mohw.gov.tw/tsfhir/CodeSystem/organization-identifier-tw",
        "value" : "0123456789"
      },
      {
        "use" : "official",
        "type" : {
          "coding" : [{
            "system" : "http://terminology.hl7.org/CodeSystem/v2-0203",
            "code" : "MRT"
          }]
        },
        "system" : "https://tsti.hospital.com",
        "value" : "000120230721"
      }],
      "status" : "preliminary",
      "category" : [{
        "coding" : [{
          "system" : "http://terminology.hl7.org/CodeSystem/observation-category",
          "code" : "vital-signs"
        }]
      }],
      "code" : {
        "coding" : [{
          "system" : "http://loinc.org",
          "code" : "85354-9"
        }]
      },
      "subject" : {
        "reference" : "Patient/patient-example"
      },
      "effectiveDateTime" : "2022-08-01T17:00:14-05:00",
      "performer" : [{
        "reference" : "Organization/org-hosp-example"
      }],
      "component" : [{
        "code" : {
          "coding" : [{
            "system" : "http://loinc.org",
            "code" : "8462-4"
          }]
        },
        "valueQuantity" : {
          "value" : 110,
          "unit" : "mmHg",
          "system" : "http://unitsofmeasure.org",
          "code" : "mm[Hg]"
        }
      },
      {
        "code" : {
          "coding" : [{
            "system" : "http://loinc.org",
            "code" : "8480-6"
          }]
        },
        "valueQuantity" : {
          "value" : 56,
          "unit" : "mmHg",
          "system" : "http://unitsofmeasure.org",
          "code" : "mm[Hg]"
        }
      }]
    }
  },
  {
    "fullUrl" : "urn:uuid:0ddf299b-923a-4966-8b78-cf0c2716174a",
    "resource" : {
      "resourceType" : "DiagnosticReport",
      "id" : "diag-kidney-example",
      "meta" : {
        "profile" : ["https://tstifhir.azurehealthcareapis.com/StructureDefinition/DiagnosticReport-adultcheck"]
      },
      "text" : {
        "status" : "generated",
        "div" : "<div xmlns=\"http://www.w3.org/1999/xhtml\"><p><b>Generated Narrative: DiagnosticReport</b><a name=\"diag-kidney-example\"> </a></p><div style=\"display: inline-block; background-color: #d9e0e7; padding: 6px; margin: 4px; border: 1px solid #8da1b4; border-radius: 5px; line-height: 60%\"><p style=\"margin-bottom: 0px\">Resource DiagnosticReport &quot;diag-kidney-example&quot; </p><p style=\"margin-bottom: 0px\">Profile: <a href=\"StructureDefinition-DiagnosticReport-adultcheck.html\">DiagnosticReport - AdultCheck</a></p></div><p><b>identifier</b>: Provider number: 0123456789\u00a0(use:\u00a0OFFICIAL), Temporary Medical Record Number: 000120230721\u00a0(use:\u00a0OFFICIAL)</p><p><b>status</b>: final</p><p><b>category</b>: Laboratory <span style=\"background: LightGoldenRodYellow; margin: 4px; border: 1px solid khaki\"> (<a href=\"http://terminology.hl7.org/5.0.0/CodeSystem-v2-0074.html\">diagnosticServiceSectionId</a>#LAB)</span></p><p><b>code</b>: 尿蛋白 <span style=\"background: LightGoldenRodYellow; margin: 4px; border: 1px solid khaki\"> (<a href=\"https://twcore.mohw.gov.tw/ig/twcore/0.1.1/CodeSystem-medical-service-payment-tw.html\">臺灣醫療服務給付項目</a>#06003C)</span></p><p><b>subject</b>: <a href=\"#Patient_patient-example\">See above (Patient/patient-example)</a></p><p><b>effective</b>: 2022-08-01 17:00:14-0500</p><p><b>issued</b>: 2022年8月3日 上午6:00:14</p><p><b>performer</b>: <a href=\"#Organization_org-hosp-example\">See above (Organization/org-hosp-example)</a></p><p><b>resultsInterpreter</b>: <a href=\"#Organization_org-hosp-example\">See above (Organization/org-hosp-example)</a></p><p><b>conclusion</b>: 建議進一步檢查</p></div>"
      },
      "identifier" : [{
        "use" : "official",
        "type" : {
          "coding" : [{
            "system" : "http://terminology.hl7.org/CodeSystem/v2-0203",
            "code" : "PRN"
          }]
        },
        "system" : "https://twcore.mohw.gov.tw/tsfhir/CodeSystem/organization-identifier-tw",
        "value" : "0123456789"
      },
      {
        "use" : "official",
        "type" : {
          "coding" : [{
            "system" : "http://terminology.hl7.org/CodeSystem/v2-0203",
            "code" : "MRT"
          }]
        },
        "system" : "https://tsti.hospital.com",
        "value" : "000120230721"
      }],
      "status" : "final",
      "category" : [{
        "coding" : [{
          "system" : "http://terminology.hl7.org/CodeSystem/v2-0074",
          "code" : "LAB",
          "display" : "Laboratory"
        }]
      }],
      "code" : {
        "coding" : [{
          "system" : "https://twcore.mohw.gov.tw/ig/twcore/CodeSystem/medical-service-payment-tw",
          "code" : "06003C",
          "display" : "尿蛋白"
        }]
      },
      "subject" : {
        "reference" : "Patient/patient-example"
      },
      "effectiveDateTime" : "2022-08-01T17:00:14-05:00",
      "issued" : "2022-08-02T17:00:14-05:00",
      "performer" : [{
        "reference" : "Organization/org-hosp-example"
      }],
      "resultsInterpreter" : [{
        "reference" : "Organization/org-hosp-example"
      }],
      "conclusion" : "建議進一步檢查"
    }
  }]
}