{
  "resourceType" : "Composition",
  "id" : "composition-example",
  "meta" : {
    "profile" : ["https://tstifhir.azurehealthcareapis.com/StructureDefinition/Composition-adultcheck"]
  },
  "text" : {
    "status" : "generated",
    "div" : "<div xmlns=\"http://www.w3.org/1999/xhtml\"><p><b>Generated Narrative: Composition</b><a name=\"composition-example\"> </a></p><div style=\"display: inline-block; background-color: #d9e0e7; padding: 6px; margin: 4px; border: 1px solid #8da1b4; border-radius: 5px; line-height: 60%\"><p style=\"margin-bottom: 0px\">Resource Composition &quot;composition-example&quot; </p><p style=\"margin-bottom: 0px\">Profile: <a href=\"StructureDefinition-Composition-adultcheck.html\">Composition - AdultCheck</a></p></div><p><b>identifier</b>: Temporary Medical Record Number: 000120230721\u00a0(use:\u00a0OFFICIAL)</p><p><b>status</b>: final</p><p><b>type</b>: General medicine Hospital Progress note <span style=\"background: LightGoldenRodYellow; margin: 4px; border: 1px solid khaki\"> (<a href=\"https://loinc.org/\">LOINC</a>#100574-3)</span></p><p><b>encounter</b>: <a href=\"Encounter-encounter-example.html\">Encounter/encounter-example</a></p><p><b>date</b>: 2022-08-01 17:00:14-0500</p><p><b>author</b>: <a href=\"Organization-org-hosp-example.html\">Organization/org-hosp-example</a> &quot;佛教慈濟醫療財團法人花蓮慈濟醫院&quot;</p><p><b>title</b>: 成人預防保健服務檢查單</p></div>"
  },
  "identifier" : {
    "use" : "official",
    "type" : {
      "coding" : [{
        "system" : "http://terminology.hl7.org/CodeSystem/v2-0203",
        "code" : "MRT"
      }]
    },
    "system" : "https://tsti.hospital.com",
    "value" : "000120230721"
  },
  "status" : "final",
  "type" : {
    "coding" : [{
      "system" : "http://loinc.org",
      "code" : "100574-3",
      "display" : "General medicine Hospital Progress note"
    }]
  },
  "subject" : {
    "reference" : "Patient/patient-example"
  },
  "encounter" : {
    "reference" : "Encounter/encounter-example"
  },
  "date" : "2022-08-01T17:00:14-05:00",
  "author" : [{
    "reference" : "Organization/org-hosp-example"
  }],
  "title" : "成人預防保健服務檢查單",
  "section" : [{
    "title" : "疾病史：高血壓",
    "code" : {
      "coding" : [{
        "system" : "http://loinc.org",
        "code" : "34117-2",
        "display" : "History and physical note"
      }]
    },
    "entry" : [{
      "reference" : "Condition/condition-bp-example"
    }]
  },
  {
    "title" : "疾病史：糖尿病",
    "code" : {
      "coding" : [{
        "system" : "http://loinc.org",
        "code" : "34117-2",
        "display" : "History and physical note"
      }]
    },
    "entry" : [{
      "reference" : "Condition/condition-db-example"
    }]
  },
  {
    "title" : "生理量測-身高",
    "code" : {
      "coding" : [{
        "system" : "http://loinc.org",
        "code" : "85353-1",
        "display" : "Vital signs, weight, height, head circumference, oxygen saturation and BMI panel"
      }]
    },
    "entry" : [{
      "reference" : "Observation/observation-height-example"
    }]
  },
  {
    "title" : "生理量測-體重",
    "code" : {
      "coding" : [{
        "system" : "http://loinc.org",
        "code" : "85353-1",
        "display" : "Vital signs, weight, height, head circumference, oxygen saturation and BMI panel"
      }]
    },
    "entry" : [{
      "reference" : "Observation/observation-weight-example"
    }]
  },
  {
    "title" : "生理量測-血壓",
    "code" : {
      "coding" : [{
        "system" : "http://loinc.org",
        "code" : "85353-1",
        "display" : "Vital signs, weight, height, head circumference, oxygen saturation and BMI panel"
      }]
    },
    "entry" : [{
      "reference" : "Observation/observation-pressure-example"
    }]
  },
  {
    "title" : "生理量測-腰圍",
    "code" : {
      "coding" : [{
        "system" : "http://loinc.org",
        "code" : "85353-1",
        "display" : "Vital signs, weight, height, head circumference, oxygen saturation and BMI panel"
      }]
    },
    "entry" : [{
      "reference" : "Observation/observation-waist-example"
    }]
  },
  {
    "title" : "生理量測-BMI",
    "code" : {
      "coding" : [{
        "system" : "http://loinc.org",
        "code" : "85353-1",
        "display" : "Vital signs, weight, height, head circumference, oxygen saturation and BMI panel"
      }]
    },
    "entry" : [{
      "reference" : "Observation/observation-bmi-example"
    }]
  },
  {
    "title" : "尿液蛋白質",
    "code" : {
      "coding" : [{
        "system" : "http://loinc.org",
        "code" : "19146-0",
        "display" : "Referral lab test results"
      }]
    },
    "entry" : [{
      "reference" : "Observation/observation-lab-protein-example"
    }]
  },
  {
    "title" : "血糖",
    "code" : {
      "coding" : [{
        "system" : "http://loinc.org",
        "code" : "19146-0",
        "display" : "Referral lab test results"
      }]
    },
    "entry" : [{
      "reference" : "Observation/observation-lab-sugar-example"
    }]
  },
  {
    "title" : "總膽固醇",
    "code" : {
      "coding" : [{
        "system" : "http://loinc.org",
        "code" : "19146-0",
        "display" : "Referral lab test results"
      }]
    },
    "entry" : [{
      "reference" : "Observation/observation-lab-tcholestero-example"
    }]
  },
  {
    "title" : "三酸甘油脂",
    "code" : {
      "coding" : [{
        "system" : "http://loinc.org",
        "code" : "19146-0",
        "display" : "Referral lab test results"
      }]
    },
    "entry" : [{
      "reference" : "Observation/observation-lab-triglycerides-example"
    }]
  },
  {
    "title" : "低密度脂蛋白膽固醇計算",
    "code" : {
      "coding" : [{
        "system" : "http://loinc.org",
        "code" : "19146-0",
        "display" : "Referral lab test results"
      }]
    },
    "entry" : [{
      "reference" : "Observation/observation-lab-lowcholestero-example"
    }]
  },
  {
    "title" : "高密度脂蛋白膽固醇",
    "code" : {
      "coding" : [{
        "system" : "http://loinc.org",
        "code" : "19146-0",
        "display" : "Referral lab test results"
      }]
    },
    "entry" : [{
      "reference" : "Observation/observation-lab-highcholestero-example"
    }]
  },
  {
    "title" : "GOT",
    "code" : {
      "coding" : [{
        "system" : "http://loinc.org",
        "code" : "19146-0",
        "display" : "Referral lab test results"
      }]
    },
    "entry" : [{
      "reference" : "Observation/observation-lab-gpt-example"
    }]
  },
  {
    "title" : "腎絲球過濾率（eGFR）計算",
    "code" : {
      "coding" : [{
        "system" : "http://loinc.org",
        "code" : "19146-0",
        "display" : "Referral lab test results"
      }]
    },
    "entry" : [{
      "reference" : "Observation/observation-lab-creatinine-example"
    }]
  },
  {
    "title" : "B 型肝炎表面抗原（HBsAg）",
    "code" : {
      "coding" : [{
        "system" : "http://loinc.org",
        "code" : "19146-0",
        "display" : "Referral lab test results"
      }]
    },
    "entry" : [{
      "reference" : "Observation/observation-lab-b-example"
    }]
  },
  {
    "title" : "C 型肝炎抗體（Anti-HCV）",
    "code" : {
      "coding" : [{
        "system" : "http://loinc.org",
        "code" : "19146-0",
        "display" : "Referral lab test results"
      }]
    },
    "entry" : [{
      "reference" : "Observation/observation-lab-c-example"
    }]
  },
  {
    "title" : "憂鬱檢測",
    "code" : {
      "coding" : [{
        "system" : "http://loinc.org",
        "code" : "73832-8",
        "display" : "Adult depression screening assessment"
      }]
    },
    "entry" : [{
      "reference" : "Observation/observation-depress-example"
    }]
  },
  {
    "title" : "生活史-吸煙",
    "code" : {
      "coding" : [{
        "system" : "http://loinc.org",
        "code" : "35090-0",
        "display" : "Patient history"
      }]
    },
    "entry" : [{
      "reference" : "Observation/observation-smoke-example"
    }]
  },
  {
    "title" : "生活史-喝酒",
    "code" : {
      "coding" : [{
        "system" : "http://loinc.org",
        "code" : "35090-0",
        "display" : "Patient history"
      }]
    },
    "entry" : [{
      "reference" : "Observation/observation-alcohol-example"
    }]
  },
  {
    "title" : "生活史-嚼檳榔",
    "code" : {
      "coding" : [{
        "system" : "http://loinc.org",
        "code" : "35090-0",
        "display" : "Patient history"
      }]
    },
    "entry" : [{
      "reference" : "Observation/observation-nut-example"
    }]
  },
  {
    "title" : "生活史-運動",
    "code" : {
      "coding" : [{
        "system" : "http://loinc.org",
        "code" : "35090-0",
        "display" : "Patient history"
      }]
    },
    "entry" : [{
      "reference" : "Observation/observation-exercise-example"
    }]
  },
  {
    "title" : "健康諮詢：戒煙",
    "code" : {
      "coding" : [{
        "system" : "http://loinc.org",
        "code" : "8677-7",
        "display" : "History of Medication use"
      }]
    },
    "entry" : [{
      "reference" : "Observation/observation-consmoke-example"
    }]
  },
  {
    "title" : "健康諮詢：節酒",
    "code" : {
      "coding" : [{
        "system" : "http://loinc.org",
        "code" : "8677-7",
        "display" : "History of Medication use"
      }]
    },
    "entry" : [{
      "reference" : "Observation/observation-conliquor-example"
    }]
  },
  {
    "title" : "健康諮詢：戒檳榔",
    "code" : {
      "coding" : [{
        "system" : "http://loinc.org",
        "code" : "8677-7",
        "display" : "History of Medication use"
      }]
    },
    "entry" : [{
      "reference" : "Observation/observation-connut-example"
    }]
  },
  {
    "title" : "健康諮詢：規律運動",
    "code" : {
      "coding" : [{
        "system" : "http://loinc.org",
        "code" : "8677-7",
        "display" : "History of Medication use"
      }]
    },
    "entry" : [{
      "reference" : "Observation/observation-conexercise-example"
    }]
  },
  {
    "title" : "健康諮詢：維持正常體重",
    "code" : {
      "coding" : [{
        "system" : "http://loinc.org",
        "code" : "8677-7",
        "display" : "History of Medication use"
      }]
    },
    "entry" : [{
      "reference" : "Observation/observation-conweight-example"
    }]
  },
  {
    "title" : "健康諮詢：健康飲食",
    "code" : {
      "coding" : [{
        "system" : "http://loinc.org",
        "code" : "8677-7",
        "display" : "History of Medication use"
      }]
    },
    "entry" : [{
      "reference" : "Observation/observation-condiet-example"
    }]
  },
  {
    "title" : "健康諮詢：事故傷害預防",
    "code" : {
      "coding" : [{
        "system" : "http://loinc.org",
        "code" : "8677-7",
        "display" : "History of Medication use"
      }]
    },
    "entry" : [{
      "reference" : "Observation/observation-conaccident-example"
    }]
  },
  {
    "title" : "健康諮詢：口腔保健",
    "code" : {
      "coding" : [{
        "system" : "http://loinc.org",
        "code" : "8677-7",
        "display" : "History of Medication use"
      }]
    },
    "entry" : [{
      "reference" : "Observation/observation-conoral-example"
    }]
  },
  {
    "title" : "曾於成人預防保健服時接受過 B、C 型肝炎檢查",
    "code" : {
      "coding" : [{
        "system" : "http://loinc.org",
        "code" : "8677-7",
        "display" : "History of Medication use"
      }]
    },
    "entry" : [{
      "reference" : "Observation/observation-checkbc-example"
    }]
  },
  {
    "title" : "腎功能檢查結果判讀",
    "code" : {
      "coding" : [{
        "system" : "http://loinc.org",
        "code" : "50398-7",
        "display" : "Narrative diagnostic report [Interpretation]"
      }]
    },
    "entry" : [{
      "reference" : "DiagnosticReport/diag-kidney-example"
    }]
  }]
}