{
  "resourceType" : "Composition",
  "id" : "composition-example",
  "meta" : {
    "profile" : ["https://twhpa.tsti.com/StructureDefinition/Composition-HPA"]
  },
  "text" : {
    "status" : "generated",
    "div" : "<div xmlns=\"http://www.w3.org/1999/xhtml\"><p class=\"res-header-id\"><b>Generated Narrative: Composition composition-example</b></p><a name=\"composition-example\"> </a><a name=\"hccomposition-example\"> </a><a name=\"composition-example-en-US\"> </a><div style=\"display: inline-block; background-color: #d9e0e7; padding: 6px; margin: 4px; border: 1px solid #8da1b4; border-radius: 5px; line-height: 60%\"><p style=\"margin-bottom: 0px\"/><p style=\"margin-bottom: 0px\">Profile: <a href=\"StructureDefinition-Composition-HPA.html\">成人預防保健服務檢查單-文件架構</a></p></div><p><b>status</b>: Final</p><p><b>type</b>: <span title=\"Codes:{http://loinc.org 101009-9}\">Integrative medicine History and physical note</span></p><p><b>encounter</b>: <a href=\"Encounter-encounter-example.html\">Encounter: identifier = https://etatung.com/idenitifer#000120230721; status = finished; class = ambulatory (ActCode#AMB); serviceType = Family practice; period = 2022-08-01 17:00:14+0800 --&gt; 2022-08-12 09:00:14+0000</a></p><p><b>date</b>: 2023-01-04 13:01:56+0800</p><p><b>author</b>: </p><ul><li><a href=\"Organization-org-hosp-example.html\">Organization 衛生福利部臺北醫院</a></li><li><a href=\"Practitioner-practitioner-first-example.html\">Practitioner 王依昇(official)</a></li></ul><p><b>title</b>: 成人預防保健服務檢查單</p><p><b>custodian</b>: <a href=\"Organization-org-hosp-example.html\">Organization 衛生福利部臺北醫院</a></p></div>"
  },
  "status" : "final",
  "type" : {
    "coding" : [{
      "system" : "http://loinc.org",
      "code" : "101009-9",
      "display" : "Integrative medicine History and physical note"
    }]
  },
  "subject" : {
    "reference" : "Patient/patient-example"
  },
  "encounter" : {
    "reference" : "Encounter/encounter-example"
  },
  "date" : "2023-01-04T13:01:56+08:00",
  "author" : [{
    "reference" : "Organization/org-hosp-example"
  },
  {
    "reference" : "Practitioner/practitioner-first-example"
  }],
  "title" : "成人預防保健服務檢查單",
  "custodian" : {
    "reference" : "Organization/org-hosp-example"
  },
  "section" : [{
    "title" : "疾病史：高血壓",
    "code" : {
      "coding" : [{
        "system" : "http://snomed.info/sct",
        "code" : "161501007",
        "display" : "H/O: hypertension"
      }]
    },
    "entry" : [{
      "reference" : "Condition/condition-hypertension-example"
    }]
  },
  {
    "title" : "疾病史：心臟病",
    "code" : {
      "coding" : [{
        "system" : "http://snomed.info/sct",
        "code" : "275544003",
        "display" : "H/O: heart disorder"
      }]
    },
    "entry" : [{
      "reference" : "Condition/condition-cvd-example"
    }]
  },
  {
    "title" : "健康行為：吸菸",
    "code" : {
      "coding" : [{
        "system" : "http://loinc.org",
        "code" : "72166-2",
        "display" : "Tobacco smoking status"
      }]
    },
    "entry" : [{
      "reference" : "Observation/observation-smokingstatus-example"
    }]
  },
  {
    "title" : "健康行為：喝酒",
    "code" : {
      "coding" : [{
        "system" : "http://snomed.info/sct",
        "code" : "160573003",
        "display" : "Alcohol intake"
      }]
    },
    "entry" : [{
      "reference" : "Observation/observation-alcohol-example"
    }]
  },
  {
    "title" : "健康行為：嚼檳榔",
    "code" : {
      "coding" : [{
        "system" : "http://snomed.info/sct",
        "code" : "227491007",
        "display" : "Betal nut"
      }]
    },
    "entry" : [{
      "reference" : "Observation/observation-nut-example"
    }]
  },
  {
    "title" : "健康行為：運動",
    "code" : {
      "coding" : [{
        "system" : "http://snomed.info/sct",
        "code" : "128976003",
        "display" : "Exercise state"
      }]
    },
    "entry" : [{
      "reference" : "Observation/observation-exercise-example"
    }]
  },
  {
    "title" : "檢查過B、C型肝炎",
    "code" : {
      "coding" : [{
        "system" : "http://snomed.info/sct",
        "code" : "444266007",
        "display" : "Measurement of Hepatitis B surface antibody and Hepatitis C antibody"
      }]
    },
    "entry" : [{
      "reference" : "Observation/observation-checkbc-example"
    }]
  },
  {
    "title" : "健康行為：憂鬱檢測",
    "code" : {
      "coding" : [{
        "system" : "http://loinc.org",
        "code" : "89210-9",
        "display" : "Beck Depression Inventory II [BDI]"
      }]
    },
    "entry" : [{
      "reference" : "Observation/observation-depress-example"
    }]
  },
  {
    "title" : "身高",
    "code" : {
      "coding" : [{
        "system" : "http://loinc.org",
        "code" : "8302-2",
        "display" : "Body height"
      }]
    },
    "entry" : [{
      "reference" : "Observation/observation-height-example"
    }]
  },
  {
    "title" : "體重",
    "code" : {
      "coding" : [{
        "system" : "http://loinc.org",
        "code" : "29463-7",
        "display" : "Body weight"
      }]
    },
    "entry" : [{
      "reference" : "Observation/observation-weight-example"
    }]
  },
  {
    "title" : "血壓",
    "code" : {
      "coding" : [{
        "system" : "http://loinc.org",
        "code" : "85354-9",
        "display" : "Blood pressure panel with all children optional"
      }]
    },
    "entry" : [{
      "reference" : "Observation/observation-pressure-example"
    }]
  },
  {
    "title" : "腰圍",
    "code" : {
      "coding" : [{
        "system" : "http://loinc.org",
        "code" : "56117-5",
        "display" : "Waist Circumference by WHI"
      }]
    },
    "entry" : [{
      "reference" : "Observation/observation-waist-example"
    }]
  },
  {
    "title" : "BMI",
    "code" : {
      "coding" : [{
        "system" : "http://loinc.org",
        "code" : "39156-5",
        "display" : "Body mass index (BMI) [Ratio]"
      }]
    },
    "entry" : [{
      "reference" : "Observation/observation-bmi-example"
    }]
  },
  {
    "title" : "尿酸",
    "code" : {
      "coding" : [{
        "system" : "http://loinc.org",
        "code" : "3084-1",
        "display" : "Urate [Mass/volume] in Serum or Plasma"
      }]
    },
    "entry" : [{
      "reference" : "Observation/observation-lab-urate-example"
    }]
  },
  {
    "title" : "腎功能檢查期別",
    "code" : {
      "coding" : [{
        "system" : "http://loinc.org",
        "code" : "88240-7",
        "display" : "Chronic kidney disease education panel"
      }]
    },
    "entry" : [{
      "reference" : "Observation/observation-kidneystage-example"
    }]
  },
  {
    "title" : "健康諮詢：戒煙",
    "code" : {
      "coding" : [{
        "system" : "http://snomed.info/sct",
        "code" : "225323000",
        "display" : "Smoking cessation education"
      }]
    },
    "entry" : [{
      "reference" : "Observation/observation-consult-smoking-example"
    }]
  },
  {
    "title" : "健康諮詢：節酒",
    "code" : {
      "coding" : [{
        "system" : "http://snomed.info/sct",
        "code" : "281078001",
        "display" : "Education about alcohol consumption"
      }]
    },
    "entry" : [{
      "reference" : "Observation/observation-consult-alcohol-example"
    }]
  },
  {
    "title" : "健康諮詢：戒檳榔",
    "code" : {
      "coding" : [{
        "system" : "http://snomed.info/sct",
        "code" : "51011006",
        "display" : "Nutritional counseling for control of dental disease"
      }]
    },
    "entry" : [{
      "reference" : "Observation/observation-consult-nuts-example"
    }]
  },
  {
    "title" : "健康諮詢：規律運動",
    "code" : {
      "coding" : [{
        "system" : "http://snomed.info/sct",
        "code" : "410289001",
        "display" : "Exercises education, guidance, and counseling"
      }]
    },
    "entry" : [{
      "reference" : "Observation/observation-consult-exercise-example"
    }]
  },
  {
    "title" : "健康諮詢：維持正常體重",
    "code" : {
      "coding" : [{
        "system" : "http://snomed.info/sct",
        "code" : "388970003",
        "display" : "Weight maintenance consultation"
      }]
    },
    "entry" : [{
      "reference" : "Observation/observation-consult-weight-example"
    }]
  },
  {
    "title" : "健康諮詢：健康飲食",
    "code" : {
      "coding" : [{
        "system" : "http://snomed.info/sct",
        "code" : "424753004",
        "display" : "Dietary management education, guidance, and counseling"
      }]
    },
    "entry" : [{
      "reference" : "Observation/observation-consult-food-example"
    }]
  },
  {
    "title" : "健康諮詢：事故傷害預防",
    "code" : {
      "coding" : [{
        "system" : "http://snomed.info/sct",
        "code" : "710737001",
        "display" : "Education about risk reduction technique"
      }]
    },
    "entry" : [{
      "reference" : "Observation/observation-consult-accident-example"
    }]
  },
  {
    "title" : "健康諮詢：口腔保健",
    "code" : {
      "coding" : [{
        "system" : "http://snomed.info/sct",
        "code" : "58707002",
        "display" : "Oral hygiene education"
      }]
    },
    "entry" : [{
      "reference" : "Observation/observation-consult-oral-example"
    }]
  },
  {
    "title" : "健康諮詢：腎病識能衛教指導",
    "code" : {
      "coding" : [{
        "system" : "http://snomed.info/sct",
        "code" : "720510004",
        "display" : "Education about chronic kidney disease"
      }]
    },
    "entry" : [{
      "reference" : "Observation/observation-consult-ckd-example"
    }]
  },
  {
    "title" : "健康諮詢：慢性疾病風險評估",
    "code" : {
      "coding" : [{
        "system" : "http://snomed.info/sct",
        "code" : "423167009",
        "display" : "Chronic disease process education"
      }]
    },
    "entry" : [{
      "reference" : "Observation/observation-consult-chronic-example"
    }]
  },
  {
    "title" : "血壓檢查結果與建議",
    "code" : {
      "coding" : [{
        "system" : "http://loinc.org",
        "code" : "55284-4",
        "display" : "Blood pressure systolic and diastolic"
      }]
    },
    "entry" : [{
      "reference" : "DiagnosticReport/diagnosticreport-bloodpressure-example"
    }]
  },
  {
    "title" : "慢性疾病風險值：冠心病",
    "code" : {
      "coding" : [{
        "system" : "http://snomed.info/sct",
        "code" : "53741008",
        "display" : "Coronary arteriosclerosis"
      }]
    },
    "entry" : [{
      "reference" : "RiskAssessment/riskassessment-cad-example"
    }]
  },
  {
    "title" : "慢性疾病風險值：糖尿病",
    "code" : {
      "coding" : [{
        "system" : "http://snomed.info/sct",
        "code" : "73211009",
        "display" : "Diabetes mellitus"
      }]
    },
    "entry" : [{
      "reference" : "RiskAssessment/riskassessment-diabetes-example"
    }]
  },
  {
    "title" : "慢性疾病風險值：高血壓",
    "code" : {
      "coding" : [{
        "system" : "http://snomed.info/sct",
        "code" : "38341003",
        "display" : "Hypertensive disorder"
      }]
    },
    "entry" : [{
      "reference" : "RiskAssessment/riskassessment-hypertension-example"
    }]
  },
  {
    "title" : "慢性疾病風險值：腦中風",
    "code" : {
      "coding" : [{
        "system" : "http://snomed.info/sct",
        "code" : "230690007",
        "display" : "Cerebrovascular accident"
      }]
    },
    "entry" : [{
      "reference" : "RiskAssessment/riskassessment-stroke-example"
    }]
  },
  {
    "title" : "慢性疾病風險值：心血管不良事件",
    "code" : {
      "coding" : [{
        "system" : "http://snomed.info/sct",
        "code" : "49601007",
        "display" : "Disorder of cardiovascular system"
      }]
    },
    "entry" : [{
      "reference" : "RiskAssessment/riskassessment-cvdevent-example"
    }]
  }]
}