{
  "resourceType" : "Condition",
  "id" : "condition-bp-example",
  "meta" : {
    "profile" : ["https://tstifhir.azurehealthcareapis.com/StructureDefinition/Condition-adultcheck"]
  },
  "text" : {
    "status" : "generated",
    "div" : "<div xmlns=\"http://www.w3.org/1999/xhtml\"><p><b>Generated Narrative: Condition</b><a name=\"condition-bp-example\"> </a></p><div style=\"display: inline-block; background-color: #d9e0e7; padding: 6px; margin: 4px; border: 1px solid #8da1b4; border-radius: 5px; line-height: 60%\"><p style=\"margin-bottom: 0px\">Resource Condition &quot;condition-bp-example&quot; </p><p style=\"margin-bottom: 0px\">Profile: <a href=\"StructureDefinition-Condition-adultcheck.html\">Condition - AdultCheck</a></p></div><p><b>identifier</b>: Provider number: 0123456789\u00a0(use:\u00a0OFFICIAL), Temporary Medical Record Number: 000120230721\u00a0(use:\u00a0OFFICIAL)</p><p><b>clinicalStatus</b>: Remission <span style=\"background: LightGoldenRodYellow; margin: 4px; border: 1px solid khaki\"> (<a href=\"http://terminology.hl7.org/5.0.0/CodeSystem-condition-clinical.html\">Condition Clinical Status Codes</a>#remission)</span></p><p><b>verificationStatus</b>: Confirmed <span style=\"background: LightGoldenRodYellow; margin: 4px; border: 1px solid khaki\"> (<a href=\"http://terminology.hl7.org/5.3.0/CodeSystem-condition-ver-status.html\">ConditionVerificationStatus</a>#confirmed)</span></p><p><b>category</b>: problem-list-item <span style=\"background: LightGoldenRodYellow; margin: 4px; border: 1px solid khaki\"> ([not stated]#problem-list-item)</span></p><p><b>code</b>: H/O: hypertension <span style=\"background: LightGoldenRodYellow; margin: 4px; border: 1px solid khaki\"> ([not stated]#161501007)</span></p><p><b>subject</b>: <a href=\"Patient-patient-example.html\">Patient/patient-example</a> &quot;&quot;</p><p><b>recordedDate</b>: 2022-08-05 17:00:14-0500</p></div>"
  },
  "identifier" : [{
    "use" : "official",
    "type" : {
      "coding" : [{
        "system" : "http://terminology.hl7.org/CodeSystem/v2-0203",
        "code" : "PRN"
      }]
    },
    "system" : "https://twcore.mohw.gov.tw/tsfhir/CodeSystem/organization-identifier-tw",
    "value" : "0123456789"
  },
  {
    "use" : "official",
    "type" : {
      "coding" : [{
        "system" : "http://terminology.hl7.org/CodeSystem/v2-0203",
        "code" : "MRT"
      }]
    },
    "system" : "https://tsti.hospital.com",
    "value" : "000120230721"
  }],
  "clinicalStatus" : {
    "coding" : [{
      "system" : "http://terminology.hl7.org/CodeSystem/condition-clinical",
      "code" : "remission"
    }]
  },
  "verificationStatus" : {
    "coding" : [{
      "system" : "http://terminology.hl7.org/CodeSystem/condition-ver-status",
      "code" : "confirmed"
    }]
  },
  "category" : [{
    "coding" : [{
      "code" : "problem-list-item"
    }]
  }],
  "code" : {
    "coding" : [{
      "code" : "161501007",
      "display" : "H/O: hypertension"
    }]
  },
  "subject" : {
    "reference" : "Patient/patient-example"
  },
  "recordedDate" : "2022-08-05T17:00:14-05:00"
}