{
  "resourceType" : "Condition",
  "id" : "condition-example",
  "meta" : {
    "profile" : ["https://etatunghpa.com/StructureDefinition/Condition-HPA"]
  },
  "text" : {
    "status" : "generated",
    "div" : "<div xmlns=\"http://www.w3.org/1999/xhtml\"><p class=\"res-header-id\"><b>Generated Narrative: Condition condition-example</b></p><a name=\"condition-example\"> </a><a name=\"hccondition-example\"> </a><a name=\"condition-example-en-US\"> </a><div style=\"display: inline-block; background-color: #d9e0e7; padding: 6px; margin: 4px; border: 1px solid #8da1b4; border-radius: 5px; line-height: 60%\"><p style=\"margin-bottom: 0px\"/><p style=\"margin-bottom: 0px\">Profile: <a href=\"StructureDefinition-Condition-HPA.html\">成人預防保健-受檢民眾疾病史</a></p></div><p><b>identifier</b>: <code>https://etatung.com/idenitifer</code>/000120230721</p><p><b>clinicalStatus</b>: <span title=\"Codes:{http://terminology.hl7.org/CodeSystem/condition-clinical remission}\">Remission</span></p><p><b>verificationStatus</b>: <span title=\"Codes:{http://terminology.hl7.org/CodeSystem/condition-ver-status confirmed}\">Confirmed</span></p><p><b>category</b>: <span title=\"Codes:{http://terminology.hl7.org/CodeSystem/condition-category problem-list-item}\">Problem List Item</span></p><p><b>code</b>: <span title=\"Codes:{http://snomed.info/sct 161501007}\">H/O: hypertension</span></p><p><b>subject</b>: <a href=\"Patient-patient-example.html\">陳加玲(official) Female, DoB: 1990-01-01 ( Medical record number\u00a0(use:\u00a0official,\u00a0))</a></p><p><b>encounter</b>: <a href=\"Encounter-encounter-example.html\">Encounter: identifier = https://etatung.com/idenitifer#000120230721; status = finished; class = ambulatory (ActCode#AMB); serviceType = Family practice; period = 2022-08-01 17:00:14+0800 --&gt; 2022-08-12 09:00:14+0000</a></p><p><b>asserter</b>: <a href=\"Practitioner-practitioner-first-example.html\">Practitioner 王依昇(official)</a></p></div>"
  },
  "identifier" : [{
    "system" : "https://etatung.com/idenitifer",
    "value" : "000120230721"
  }],
  "clinicalStatus" : {
    "coding" : [{
      "system" : "http://terminology.hl7.org/CodeSystem/condition-clinical",
      "code" : "remission"
    }]
  },
  "verificationStatus" : {
    "coding" : [{
      "system" : "http://terminology.hl7.org/CodeSystem/condition-ver-status",
      "code" : "confirmed"
    }]
  },
  "category" : [{
    "coding" : [{
      "system" : "http://terminology.hl7.org/CodeSystem/condition-category",
      "code" : "problem-list-item"
    }]
  }],
  "code" : {
    "coding" : [{
      "system" : "http://snomed.info/sct",
      "code" : "161501007"
    }]
  },
  "subject" : {
    "reference" : "Patient/patient-example"
  },
  "encounter" : {
    "reference" : "Encounter/encounter-example"
  },
  "asserter" : {
    "reference" : "Practitioner/practitioner-first-example"
  }
}