{
  "resourceType" : "Observation",
  "id" : "observation-lab-protein-example",
  "meta" : {
    "profile" : ["https://etatunghpa.com/StructureDefinition/ObservationLab-HPA"]
  },
  "text" : {
    "status" : "generated",
    "div" : "<div xmlns=\"http://www.w3.org/1999/xhtml\"><p class=\"res-header-id\"><b>Generated Narrative: Observation observation-lab-protein-example</b></p><a name=\"observation-lab-protein-example\"> </a><a name=\"hcobservation-lab-protein-example\"> </a><a name=\"observation-lab-protein-example-en-US\"> </a><div style=\"display: inline-block; background-color: #d9e0e7; padding: 6px; margin: 4px; border: 1px solid #8da1b4; border-radius: 5px; line-height: 60%\"><p style=\"margin-bottom: 0px\"/><p style=\"margin-bottom: 0px\">Profile: <a href=\"StructureDefinition-ObservationLab-HPA.html\">成人預防保健-實驗室檢查</a></p></div><p><b>identifier</b>: <code>https://etatung.com/idenitifer</code>/000120230721</p><p><b>status</b>: Final</p><p><b>category</b>: <span title=\"Codes:{http://terminology.hl7.org/CodeSystem/observation-category laboratory}\">Laboratory</span></p><p><b>code</b>: <span title=\"Codes:{http://loinc.org 2887-8}\">尿液蛋白質</span></p><p><b>subject</b>: <a href=\"Patient-patient-example.html\">陳加玲(official) Female, DoB: 1990-01-01 ( Medical record number\u00a0(use:\u00a0official,\u00a0))</a></p><p><b>effective</b>: 2022-08-01 17:00:14-0500</p><p><b>issued</b>: 2022-08-14 13:28:17+0200</p><p><b>performer</b>: <a href=\"Practitioner-practitioner-first-example.html\">Practitioner 王依昇(official)</a></p><p><b>value</b>: 58 mg/dl<span style=\"background: LightGoldenRodYellow\"> (Details: UCUM  codemg/dl = 'mg/dl')</span></p></div>"
  },
  "identifier" : [{
    "system" : "https://etatung.com/idenitifer",
    "value" : "000120230721"
  }],
  "status" : "final",
  "category" : [{
    "coding" : [{
      "system" : "http://terminology.hl7.org/CodeSystem/observation-category",
      "code" : "laboratory",
      "display" : "Laboratory"
    }]
  }],
  "code" : {
    "coding" : [{
      "system" : "http://loinc.org",
      "code" : "2887-8",
      "display" : "Protein [Presence] in Urine"
    }],
    "text" : "尿液蛋白質"
  },
  "subject" : {
    "reference" : "Patient/patient-example"
  },
  "effectiveDateTime" : "2022-08-01T17:00:14-05:00",
  "issued" : "2022-08-14T13:28:17.239+02:00",
  "performer" : [{
    "reference" : "Practitioner/practitioner-first-example"
  }],
  "valueQuantity" : {
    "value" : 58,
    "unit" : "mg/dl",
    "system" : "http://unitsofmeasure.org",
    "code" : "mg/dl"
  }
}