{
  "resourceType" : "Observation",
  "id" : "ObservationDepressionAdultCheckExample",
  "meta" : {
    "profile" : ["https://tstifhir.azurehealthcareapis.com/StructureDefinition/ObservationDepression-adultcheck"]
  },
  "text" : {
    "status" : "generated",
    "div" : "<div xmlns=\"http://www.w3.org/1999/xhtml\"><p><b>Generated Narrative: Observation</b><a name=\"ObservationDepressionAdultCheckExample\"> </a></p><div style=\"display: inline-block; background-color: #d9e0e7; padding: 6px; margin: 4px; border: 1px solid #8da1b4; border-radius: 5px; line-height: 60%\"><p style=\"margin-bottom: 0px\">Resource Observation &quot;ObservationDepressionAdultCheckExample&quot; </p><p style=\"margin-bottom: 0px\">Profile: <a href=\"StructureDefinition-ObservationDepression-adultcheck.html\">Observation Depression - AdultCheck</a></p></div><p><b>identifier</b>: 全國的個人識別碼: A123456789\u00a0(use:\u00a0OFFICIAL), Medical record number: 8862168\u00a0(use:\u00a0OFFICIAL), HOI: 0123456789\u00a0(use:\u00a0OFFICIAL), Temporary Medical Record Number: 000120230721\u00a0(use:\u00a0OFFICIAL)</p><p><b>status</b>: preliminary</p><p><b>code</b>: Beck Depression Inventory II [BDI] <span style=\"background: LightGoldenRodYellow; margin: 4px; border: 1px solid khaki\"> (<a href=\"https://loinc.org/\">LOINC</a>#89210-9)</span></p><p><b>subject</b>: <a href=\"Patient-pat-example.html\">Patient/pat-example</a></p><p><b>effective</b>: 2022-08-01 17:00:14-0500</p><p><b>performer</b>: <a href=\"Practitioner/prac-example\">Practitioner/prac-example</a></p><blockquote><p><b>component</b></p><p><b>code</b>: 憂鬱檢測：第一題 感覺情緒低落沮喪 <span style=\"background: LightGoldenRodYellow; margin: 4px; border: 1px solid khaki\"> (<a href=\"https://browser.ihtsdotools.org/\">SNOMED CT</a>#66446005 &quot;Depressed mood&quot;)</span></p><p><b>value</b>: 是</p></blockquote><blockquote><p><b>component</b></p><p><b>code</b>: 憂鬱檢測：第二題做事情失去興趣 <span style=\"background: LightGoldenRodYellow; margin: 4px; border: 1px solid khaki\"> (<a href=\"https://browser.ihtsdotools.org/\">SNOMED CT</a>#713566001 &quot;Lack of interest&quot;)</span></p><p><b>value</b>: 否</p></blockquote></div>"
  },
  "identifier" : [{
    "use" : "official",
    "type" : {
      "coding" : [{
        "system" : "https://twcore.mohw.gov.tw/ig/twcore/CodeSystem/v2-0203",
        "code" : "NNTWN"
      }]
    },
    "system" : "http://www.moi.gov.tw/",
    "value" : "A123456789"
  },
  {
    "use" : "official",
    "type" : {
      "coding" : [{
        "system" : "http://terminology.hl7.org/CodeSystem/v2-0203",
        "code" : "MR"
      }]
    },
    "system" : "https://www.tph.mohw.gov.tw/",
    "value" : "8862168"
  },
  {
    "use" : "official",
    "type" : {
      "coding" : [{
        "system" : "http://terminology.hl7.org/CodeSystem/v2-0203",
        "code" : "HOI"
      }]
    },
    "system" : "https://twcore.mohw.gov.tw/tsfhir/CodeSystem/organization-identifier-tw",
    "value" : "0123456789"
  },
  {
    "use" : "official",
    "type" : {
      "coding" : [{
        "system" : "http://terminology.hl7.org/CodeSystem/v2-0203",
        "code" : "MRT"
      }]
    },
    "system" : "https://tsti.hospital.com",
    "value" : "000120230721"
  }],
  "status" : "preliminary",
  "code" : {
    "coding" : [{
      "system" : "http://loinc.org",
      "code" : "89210-9",
      "display" : "Beck Depression Inventory II [BDI]"
    }]
  },
  "subject" : {
    "reference" : "Patient/pat-example"
  },
  "effectiveDateTime" : "2022-08-01T17:00:14-05:00",
  "performer" : [{
    "reference" : "Practitioner/prac-example"
  }],
  "component" : [{
    "code" : {
      "coding" : [{
        "system" : "http://snomed.info/sct",
        "code" : "66446005",
        "display" : "Depressed mood"
      }],
      "text" : "憂鬱檢測：第一題 感覺情緒低落沮喪"
    },
    "valueString" : "是"
  },
  {
    "code" : {
      "coding" : [{
        "system" : "http://snomed.info/sct",
        "code" : "713566001",
        "display" : "Lack of interest"
      }],
      "text" : "憂鬱檢測：第二題做事情失去興趣"
    },
    "valueString" : "否"
  }]
}