{
  "resourceType" : "Organization",
  "id" : "org-hosp-example",
  "meta" : {
    "profile" : ["https://twcore.mohw.gov.tw/ig/twcore/StructureDefinition/Organization-hosp-twcore"]
  },
  "text" : {
    "status" : "generated",
    "div" : "<div xmlns=\"http://www.w3.org/1999/xhtml\"><p><b>Generated Narrative: Organization</b><a name=\"org-hosp-example\"> </a></p><div style=\"display: inline-block; background-color: #d9e0e7; padding: 6px; margin: 4px; border: 1px solid #8da1b4; border-radius: 5px; line-height: 60%\"><p style=\"margin-bottom: 0px\">Resource Organization &quot;org-hosp-example&quot; </p><p style=\"margin-bottom: 0px\">Profile: <a href=\"https://twcore.mohw.gov.tw/ig/twcore/0.1.1/StructureDefinition-Organization-hosp-twcore.html\">TW Core Organization Hospital Department</a></p></div><p><b>identifier</b>: Provider number: 1145010010\u00a0(use:\u00a0OFFICIAL)</p><p><b>type</b>: Healthcare Provider <span style=\"background: LightGoldenRodYellow; margin: 4px; border: 1px solid khaki\"> (<a href=\"http://terminology.hl7.org/5.0.0/CodeSystem-organization-type.html\">Organization type</a>#prov)</span></p><p><b>name</b>: 佛教慈濟醫療財團法人花蓮慈濟醫院</p><p><b>telecom</b>: ph: 038561825</p></div>"
  },
  "identifier" : [{
    "use" : "official",
    "type" : {
      "coding" : [{
        "system" : "http://terminology.hl7.org/CodeSystem/v2-0203",
        "code" : "PRN"
      }]
    },
    "system" : "https://twcore.mohw.gov.tw/ig/twcore/CodeSystem/organization-identifier-tw",
    "value" : "1145010010"
  }],
  "type" : [{
    "coding" : [{
      "system" : "http://terminology.hl7.org/CodeSystem/organization-type",
      "code" : "prov"
    }]
  }],
  "name" : "佛教慈濟醫療財團法人花蓮慈濟醫院",
  "telecom" : [{
    "system" : "phone",
    "value" : "038561825"
  }]
}