{
  "resourceType" : "ValueSet",
  "id" : "adultcheck-lifecode",
  "text" : {
    "status" : "generated",
    "div" : "<div xmlns=\"http://www.w3.org/1999/xhtml\">Placeholder</div>"
  },
  "url" : "https://tstifhir.azurehealthcareapis.com/ValueSet/adultcheck-lifecode",
  "version" : "0.1.0",
  "name" : "ValueSet_adultcheck-lifecode",
  "title" : "成人預防保健生活史代碼集值",
  "status" : "active",
  "date" : "2023-09-27T18:07:47+08:00",
  "publisher" : "大世科 tsti",
  "contact" : [{
    "name" : "大世科 tsti",
    "telecom" : [{
      "system" : "url",
      "value" : "https://www.etatung.com/"
    }]
  }],
  "description" : "此EncounterAdultCheck Profile說明成人預防保健生活史代碼集值",
  "compose" : {
    "include" : [{
      "system" : "http://snomed.info/sct",
      "concept" : [{
        "code" : "230056004",
        "display" : "Cigarette consumption"
      },
      {
        "code" : "160573003",
        "display" : "Alcohol intake"
      },
      {
        "code" : "227491007",
        "display" : "Betal nut"
      },
      {
        "code" : "128976003",
        "display" : "Exercise state"
      },
      {
        "code" : "225324006",
        "display" : "Advice on effects of smoking on health"
      },
      {
        "code" : "413473000",
        "display" : "Alcohol consumption counseling"
      },
      {
        "code" : "51011006",
        "display" : "Nutritional counseling for control of dental disease"
      },
      {
        "code" : "410289001",
        "display" : "Exercises education, guidance, and counseling"
      },
      {
        "code" : "388970003",
        "display" : "Weight maintenance consultation"
      },
      {
        "code" : "410293007",
        "display" : "Food education, guidance, and counseling"
      },
      {
        "code" : "409059003",
        "display" : "Safety education, guidance, and counseling"
      },
      {
        "code" : "410263001",
        "display" : "Medical/dental care education, guidance, and counseling"
      },
      {
        "code" : "444266007",
        "display" : "Measurement of Hepatitis B surface antibody and Hepatitis C antibody "
      }]
    }]
  }
}