{
  "resourceType" : "ValueSet",
  "id" : "adultcheck-code",
  "text" : {
    "status" : "generated",
    "div" : "<div xmlns=\"http://www.w3.org/1999/xhtml\"><ul><li>Include these codes as defined in <a href=\"http://www.snomed.org/\"><code>http://snomed.info/sct</code></a><table class=\"none\"><tr><td style=\"white-space:nowrap\"><b>Code</b></td><td><b>Display</b></td></tr><tr><td><a href=\"http://snomed.info/id/161501007\">161501007</a></td><td>H/O: hypertension</td></tr><tr><td><a href=\"http://snomed.info/id/161445009\">161445009</a></td><td>H/O: diabetes mellitus</td></tr><tr><td><a href=\"http://snomed.info/id/3744001\">3744001</a></td><td>Hyperlipoproteinemia</td></tr><tr><td><a href=\"http://snomed.info/id/275544003\">275544003</a></td><td>H/O: heart disorder</td></tr><tr><td><a href=\"http://snomed.info/id/275527002\">275527002</a></td><td>H/O: stroke</td></tr><tr><td><a href=\"http://snomed.info/id/275552000\">275552000</a></td><td>H/O: kidney disease</td></tr></table></li></ul></div>"
  },
  "url" : "https://tstifhir.azurehealthcareapis.com/ValueSet/adultcheck-code",
  "version" : "0.1.0",
  "name" : "ValueSet-adultcheck-code",
  "title" : "成人預防保健疾病史代碼",
  "status" : "draft",
  "date" : "2023-09-15T11:03:31+08:00",
  "publisher" : "Polly Peng",
  "contact" : [{
    "name" : "Polly Peng",
    "telecom" : [{
      "system" : "email",
      "value" : "polly.peng@etatung.com"
    }]
  }],
  "description" : "此EncounterAdultCheck Profile說明成人預防保健疾病史代碼",
  "compose" : {
    "include" : [{
      "system" : "http://snomed.info/sct",
      "concept" : [{
        "code" : "161501007",
        "display" : "H/O: hypertension"
      },
      {
        "code" : "161445009",
        "display" : "H/O: diabetes mellitus"
      },
      {
        "code" : "3744001",
        "display" : "Hyperlipoproteinemia"
      },
      {
        "code" : "275544003",
        "display" : "H/O: heart disorder"
      },
      {
        "code" : "275527002",
        "display" : "H/O: stroke"
      },
      {
        "code" : "275552000",
        "display" : "H/O: kidney disease"
      }]
    }]
  }
}