{
  "resourceType" : "ValueSet",
  "id" : "adultcheck-code",
  "text" : {
    "status" : "generated",
    "div" : "<div xmlns=\"http://www.w3.org/1999/xhtml\">Placeholder</div>"
  },
  "url" : "https://tstifhir.azurehealthcareapis.com/ValueSet/adultcheck-code",
  "version" : "0.1.0",
  "name" : "ValueSet-adultcheck-code",
  "title" : "成人預防保健疾病史代碼",
  "status" : "draft",
  "date" : "2023-09-27T18:07:47+08:00",
  "publisher" : "大世科 tsti",
  "contact" : [{
    "name" : "大世科 tsti",
    "telecom" : [{
      "system" : "url",
      "value" : "https://www.etatung.com/"
    }]
  }],
  "description" : "此EncounterAdultCheck Profile說明成人預防保健疾病史代碼",
  "compose" : {
    "include" : [{
      "system" : "http://snomed.info/sct",
      "concept" : [{
        "code" : "161501007",
        "display" : "H/O: hypertension"
      },
      {
        "code" : "161445009",
        "display" : "H/O: diabetes mellitus"
      },
      {
        "code" : "3744001",
        "display" : "Hyperlipoproteinemia"
      },
      {
        "code" : "275544003",
        "display" : "H/O: heart disorder"
      },
      {
        "code" : "275527002",
        "display" : "H/O: stroke"
      },
      {
        "code" : "275552000",
        "display" : "H/O: kidney disease"
      }]
    }]
  }
}